territory_id,МО,регион,тип,название_типа,модальный_тип,доля_месяцев_в_типе,запас,второй_тип,название_второго_типа,уверенность_подвыборки,пограничное
1,городской округ город Майкоп,Республика Адыгея,2,Индустриальные города и пригороды,2,1.0,0.4542,3,Столичные агломерации,1.0,False
10,городской округ город Горно-Алтайск,Республика Алтай,2,Индустриальные города и пригороды,2,1.0,0.3316,0,Малые сельские МО,1.0,False
1001,Петушинский муниципальный район,Владимирская область,2,Индустриальные города и пригороды,2,1.0,0.5858,3,Столичные агломерации,1.0,False
1002,Селивановский муниципальный район,Владимирская область,1,Малые города и районы со смешанной экономикой,1,1.0,0.2184,0,Малые сельские МО,0.8889,False
1003,Собинский муниципальный район,Владимирская область,1,Малые города и районы со смешанной экономикой,1,1.0,0.1245,2,Индустриальные города и пригороды,1.0,False
1004,Судогодский муниципальный район,Владимирская область,1,Малые города и районы со смешанной экономикой,1,1.0,0.3638,0,Малые сельские МО,1.0,False
1005,Суздальский муниципальный район,Владимирская область,2,Индустриальные города и пригороды,2,1.0,0.55,1,Малые города и районы со смешанной экономикой,1.0,False
1006,Юрьев-Польский муниципальный район,Владимирская область,1,Малые города и районы со смешанной экономикой,1,1.0,0.3201,2,Индустриальные города и пригороды,1.0,False
1007,городской округ город-герой Волгоград,Волгоградская область,2,Индустриальные города и пригороды,2,1.0,0.0258,3,Столичные агломерации,0.3571,True
1008,городской округ город Волжский,Волгоградская область,2,Индустриальные города и пригороды,2,1.0,0.5167,3,Столичные агломерации,1.0,False
1009,городской округ город Камышин,Волгоградская область,2,Индустриальные города и пригороды,2,1.0,0.6095,1,Малые города и районы со смешанной экономикой,1.0,False
1010,городской округ город Михайловка,Волгоградская область,2,Индустриальные города и пригороды,2,1.0,0.6368,0,Малые сельские МО,1.0,False
1011,городской округ город Урюпинск,Волгоградская область,2,Индустриальные города и пригороды,2,1.0,0.1256,0,Малые сельские МО,1.0,False
1012,городской округ город Фролово,Волгоградская область,1,Малые города и районы со смешанной экономикой,1,1.0,0.1698,0,Малые сельские МО,1.0,False
1013,Алексеевский муниципальный район,Волгоградская область,0,Малые сельские МО,0,1.0,0.4898,1,Малые города и районы со смешанной экономикой,1.0,False
1014,Быковский муниципальный район,Волгоградская область,0,Малые сельские МО,0,1.0,0.6665,1,Малые города и районы со смешанной экономикой,1.0,False
1015,Городищенский муниципальный район,Волгоградская область,2,Индустриальные города и пригороды,1,0.7273,0.0755,1,Малые города и районы со смешанной экономикой,1.0,False
1016,Даниловский муниципальный район,Волгоградская область,0,Малые сельские МО,0,1.0,0.5499,1,Малые города и районы со смешанной экономикой,1.0,False
1017,Дубовский муниципальный район,Волгоградская область,1,Малые города и районы со смешанной экономикой,1,1.0,0.0512,0,Малые сельские МО,0.2222,True
1018,Еланский муниципальный район,Волгоградская область,0,Малые сельские МО,0,1.0,0.0944,1,Малые города и районы со смешанной экономикой,1.0,False
1019,Жирновский муниципальный район,Волгоградская область,1,Малые города и районы со смешанной экономикой,1,1.0,0.3985,0,Малые сельские МО,1.0,False
1020,Иловлинский муниципальный район,Волгоградская область,1,Малые города и районы со смешанной экономикой,1,1.0,0.7217,0,Малые сельские МО,1.0,False
1021,Калачевский муниципальный район,Волгоградская область,2,Индустриальные города и пригороды,2,1.0,0.1192,0,Малые сельские МО,1.0,False
1023,Киквидзенский муниципальный район,Волгоградская область,0,Малые сельские МО,0,1.0,0.5705,1,Малые города и районы со смешанной экономикой,1.0,False
1024,Клетский муниципальный район,Волгоградская область,0,Малые сельские МО,0,1.0,0.2552,1,Малые города и районы со смешанной экономикой,1.0,False
1025,Котельниковский муниципальный район,Волгоградская область,1,Малые города и районы со смешанной экономикой,1,0.8636,0.0483,2,Индустриальные города и пригороды,0.5,True
1026,Котовский муниципальный район,Волгоградская область,1,Малые города и районы со смешанной экономикой,1,1.0,0.3243,0,Малые сельские МО,0.9286,False
1027,Кумылженский муниципальный район,Волгоградская область,0,Малые сельские МО,0,1.0,0.5943,1,Малые города и районы со смешанной экономикой,1.0,False
1028,Ленинский муниципальный район,Волгоградская область,0,Малые сельские МО,0,1.0,0.6975,1,Малые города и районы со смешанной экономикой,1.0,False
1029,Нехаевский муниципальный район,Волгоградская область,0,Малые сельские МО,0,1.0,0.5778,1,Малые города и районы со смешанной экономикой,1.0,False
1030,Николаевский муниципальный район,Волгоградская область,0,Малые сельские МО,0,1.0,0.2133,1,Малые города и районы со смешанной экономикой,1.0,False
1031,Новоаннинский муниципальный район,Волгоградская область,0,Малые сельские МО,0,1.0,0.2519,1,Малые города и районы со смешанной экономикой,1.0,False
1032,Новониколаевский муниципальный район,Волгоградская область,0,Малые сельские МО,0,1.0,0.5314,1,Малые города и районы со смешанной экономикой,1.0,False
1033,Октябрьский муниципальный район,Волгоградская область,0,Малые сельские МО,0,1.0,0.6377,1,Малые города и районы со смешанной экономикой,1.0,False
1034,Ольховский муниципальный район,Волгоградская область,0,Малые сельские МО,0,1.0,0.1451,1,Малые города и районы со смешанной экономикой,1.0,False
1035,Палласовский муниципальный район,Волгоградская область,1,Малые города и районы со смешанной экономикой,0,0.6818,0.2193,0,Малые сельские МО,0.5333,True
1036,Руднянский муниципальный район,Волгоградская область,0,Малые сельские МО,0,1.0,0.3659,1,Малые города и районы со смешанной экономикой,1.0,False
1037,Светлоярский муниципальный район,Волгоградская область,1,Малые города и районы со смешанной экономикой,1,1.0,0.0911,0,Малые сельские МО,0.55,True
1038,Серафимовичский муниципальный район,Волгоградская область,0,Малые сельские МО,0,1.0,0.5922,1,Малые города и районы со смешанной экономикой,1.0,False
1039,Среднеахтубинский муниципальный район,Волгоградская область,2,Индустриальные города и пригороды,2,1.0,0.6898,1,Малые города и районы со смешанной экономикой,1.0,False
1040,Старополтавский муниципальный район,Волгоградская область,0,Малые сельские МО,0,1.0,0.598,1,Малые города и районы со смешанной экономикой,1.0,False
1041,Суровикинский муниципальный район,Волгоградская область,0,Малые сельские МО,0,1.0,0.3033,1,Малые города и районы со смешанной экономикой,1.0,False
1044,Чернышковский муниципальный район,Волгоградская область,0,Малые сельские МО,0,1.0,0.4938,1,Малые города и районы со смешанной экономикой,1.0,False
1047,Бабаевский муниципальный округ,Вологодская область,1,Малые города и районы со смешанной экономикой,1,1.0,0.2849,2,Индустриальные города и пригороды,1.0,False
1048,Бабушкинский муниципальный округ,Вологодская область,0,Малые сельские МО,0,1.0,0.1597,1,Малые города и районы со смешанной экономикой,0.9412,False
1049,Белозерский муниципальный округ,Вологодская область,1,Малые города и районы со смешанной экономикой,1,1.0,0.1843,2,Индустриальные города и пригороды,1.0,False
1051,Великоустюгский муниципальный округ,Вологодская область,2,Индустриальные города и пригороды,2,1.0,0.2205,1,Малые города и районы со смешанной экономикой,1.0,False
1052,Верховажский муниципальный округ,Вологодская область,0,Малые сельские МО,0,1.0,0.1546,1,Малые города и районы со смешанной экономикой,0.8889,False
1053,Вожегодский муниципальный округ,Вологодская область,1,Малые города и районы со смешанной экономикой,1,1.0,0.3659,0,Малые сельские МО,1.0,False
1054,Вологодский муниципальный округ,Вологодская область,2,Индустриальные города и пригороды,2,1.0,0.1129,1,Малые города и районы со смешанной экономикой,0.875,False
1055,Вытегорский муниципальный район,Вологодская область,1,Малые города и районы со смешанной экономикой,1,1.0,0.1039,2,Индустриальные города и пригороды,0.8667,False
1056,Грязовецкий муниципальный округ,Вологодская область,1,Малые города и районы со смешанной экономикой,1,1.0,0.5639,0,Малые сельские МО,1.0,False
1057,Кадуйский муниципальный округ,Вологодская область,1,Малые города и районы со смешанной экономикой,1,1.0,0.5762,0,Малые сельские МО,1.0,False
1058,Кирилловский муниципальный район,Вологодская область,1,Малые города и районы со смешанной экономикой,1,1.0,0.2954,0,Малые сельские МО,1.0,False
1059,Кичменгско-Городецкий муниципальный округ,Вологодская область,0,Малые сельские МО,0,1.0,0.2281,1,Малые города и районы со смешанной экономикой,1.0,False
1060,Междуреченский муниципальный округ,Вологодская область,1,Малые города и районы со смешанной экономикой,1,1.0,0.214,0,Малые сельские МО,0.8824,False
1061,Никольский муниципальный район,Вологодская область,0,Малые сельские МО,0,1.0,0.3438,1,Малые города и районы со смешанной экономикой,1.0,False
1062,Нюксенский муниципальный округ,Вологодская область,1,Малые города и районы со смешанной экономикой,1,1.0,0.2759,0,Малые сельские МО,1.0,False
1063,Сокольский муниципальный округ,Вологодская область,1,Малые города и районы со смешанной экономикой,1,1.0,0.1335,2,Индустриальные города и пригороды,0.8462,False
1064,Сямженский муниципальный округ,Вологодская область,1,Малые города и районы со смешанной экономикой,1,1.0,0.0311,0,Малые сельские МО,0.7333,True
1065,Тарногский муниципальный округ,Вологодская область,0,Малые сельские МО,0,1.0,0.3821,1,Малые города и районы со смешанной экономикой,1.0,False
1066,Тотемский муниципальный округ,Вологодская область,1,Малые города и районы со смешанной экономикой,1,1.0,0.4869,0,Малые сельские МО,1.0,False
1067,Усть-Кубинский муниципальный округ,Вологодская область,0,Малые сельские МО,0,1.0,0.1144,1,Малые города и районы со смешанной экономикой,0.8235,False
1068,Устюженский муниципальный округ,Вологодская область,0,Малые сельские МО,0,1.0,0.2282,1,Малые города и районы со смешанной экономикой,1.0,False
1069,Харовский муниципальный округ,Вологодская область,1,Малые города и районы со смешанной экономикой,1,1.0,0.2415,0,Малые сельские МО,0.8947,False
1070,Чагодощенский муниципальный округ,Вологодская область,1,Малые города и районы со смешанной экономикой,1,1.0,0.2922,2,Индустриальные города и пригороды,1.0,False
1071,Череповецкий муниципальный район,Вологодская область,2,Индустриальные города и пригороды,2,1.0,0.3455,1,Малые города и районы со смешанной экономикой,1.0,False
1072,Шекснинский муниципальный район,Вологодская область,1,Малые города и районы со смешанной экономикой,1,1.0,0.3894,2,Индустриальные города и пригороды,1.0,False
11,Кош-Агачский муниципальный район,Республика Алтай,0,Малые сельские МО,0,1.0,0.0805,2,Индустриальные города и пригороды,0.8571,False
1107,городской округ Иваново,Ивановская область,2,Индустриальные города и пригороды,2,1.0,0.4387,3,Столичные агломерации,1.0,False
1108,городской округ Вичуга,Ивановская область,0,Малые сельские МО,0,1.0,0.3096,1,Малые города и районы со смешанной экономикой,1.0,False
1109,городской округ Кинешма,Ивановская область,2,Индустриальные города и пригороды,2,1.0,0.5919,0,Малые сельские МО,1.0,False
1110,городской округ Кохма,Ивановская область,2,Индустриальные города и пригороды,2,1.0,0.3558,1,Малые города и районы со смешанной экономикой,1.0,False
1111,городской округ Тейково,Ивановская область,1,Малые города и районы со смешанной экономикой,1,1.0,0.1337,2,Индустриальные города и пригороды,1.0,False
1112,городской округ Шуя,Ивановская область,2,Индустриальные города и пригороды,2,1.0,0.3695,1,Малые города и районы со смешанной экономикой,1.0,False
1113,Вичугский муниципальный район,Ивановская область,0,Малые сельские МО,0,1.0,0.3716,1,Малые города и районы со смешанной экономикой,1.0,False
1115,Гаврилово-Посадский муниципальный район,Ивановская область,0,Малые сельские МО,0,1.0,0.2794,1,Малые города и районы со смешанной экономикой,1.0,False
1116,Заволжский муниципальный район,Ивановская область,0,Малые сельские МО,0,1.0,0.4846,1,Малые города и районы со смешанной экономикой,1.0,False
1117,Ивановский муниципальный район,Ивановская область,2,Индустриальные города и пригороды,2,1.0,0.7195,3,Столичные агломерации,1.0,False
1118,Ильинский муниципальный район,Ивановская область,0,Малые сельские МО,0,1.0,0.1606,1,Малые города и районы со смешанной экономикой,1.0,False
1119,Кинешемский муниципальный район,Ивановская область,1,Малые города и районы со смешанной экономикой,1,1.0,0.1422,0,Малые сельские МО,1.0,False
1120,Комсомольский муниципальный район,Ивановская область,1,Малые города и районы со смешанной экономикой,1,1.0,0.1612,0,Малые сельские МО,0.9375,False
1121,Лежневский муниципальный район,Ивановская область,1,Малые города и районы со смешанной экономикой,1,1.0,0.1812,0,Малые сельские МО,0.8571,False
1122,Лухский муниципальный район,Ивановская область,0,Малые сельские МО,0,1.0,0.2727,1,Малые города и районы со смешанной экономикой,1.0,False
1123,Палехский муниципальный район,Ивановская область,0,Малые сельские МО,0,1.0,0.2817,1,Малые города и районы со смешанной экономикой,1.0,False
1124,Пестяковский муниципальный район,Ивановская область,0,Малые сельские МО,0,1.0,0.2589,1,Малые города и районы со смешанной экономикой,1.0,False
1125,Приволжский муниципальный район,Ивановская область,0,Малые сельские МО,0,1.0,0.3219,1,Малые города и районы со смешанной экономикой,1.0,False
1126,Пучежский муниципальный район,Ивановская область,0,Малые сельские МО,0,1.0,0.3564,1,Малые города и районы со смешанной экономикой,1.0,False
1127,Родниковский муниципальный район,Ивановская область,1,Малые города и районы со смешанной экономикой,1,1.0,0.2,0,Малые сельские МО,1.0,False
1128,Савинский муниципальный район,Ивановская область,0,Малые сельские МО,0,0.8182,0.1584,1,Малые города и районы со смешанной экономикой,0.8235,False
1129,Тейковский муниципальный район,Ивановская область,0,Малые сельские МО,0,0.6818,0.1169,1,Малые города и районы со смешанной экономикой,1.0,False
1130,Фурмановский муниципальный район,Ивановская область,1,Малые города и районы со смешанной экономикой,1,1.0,0.2587,2,Индустриальные города и пригороды,1.0,False
1131,Шуйский муниципальный район,Ивановская область,2,Индустриальные города и пригороды,2,1.0,0.1619,0,Малые сельские МО,0.9375,False
1132,Южский муниципальный район,Ивановская область,0,Малые сельские МО,0,1.0,0.4112,1,Малые города и районы со смешанной экономикой,1.0,False
1133,Юрьевецкий муниципальный район,Ивановская область,0,Малые сельские МО,0,1.0,0.4803,1,Малые города и районы со смешанной экономикой,1.0,False
1134,городской округ город Иркутск,Иркутская область,3,Столичные агломерации,3,1.0,0.2512,2,Индустриальные города и пригороды,1.0,False
1135,городской округ Ангарский,Иркутская область,2,Индустриальные города и пригороды,2,1.0,0.4089,3,Столичные агломерации,1.0,False
1136,городской округ город Братск,Иркутская область,2,Индустриальные города и пригороды,2,1.0,0.6721,3,Столичные агломерации,1.0,False
1137,городской округ Зима,Иркутская область,2,Индустриальные города и пригороды,2,1.0,0.0634,1,Малые города и районы со смешанной экономикой,0.8667,False
1138,городской округ город Саянск,Иркутская область,2,Индустриальные города и пригороды,2,1.0,0.3355,1,Малые города и районы со смешанной экономикой,1.0,False
1139,городской округ город Тулун,Иркутская область,2,Индустриальные города и пригороды,2,0.7727,0.0739,0,Малые сельские МО,0.8667,False
1140,городской округ город Усолье-Сибирское,Иркутская область,2,Индустриальные города и пригороды,2,1.0,0.6888,1,Малые города и районы со смешанной экономикой,1.0,False
1141,городской округ город Усть-Илимск,Иркутская область,2,Индустриальные города и пригороды,2,1.0,0.4499,1,Малые города и районы со смешанной экономикой,1.0,False
1142,городской округ город Черемхово,Иркутская область,2,Индустриальные города и пригороды,2,1.0,0.1305,0,Малые сельские МО,0.9333,False
1143,городской округ город Свирск,Иркутская область,1,Малые города и районы со смешанной экономикой,1,1.0,0.2145,0,Малые сельские МО,1.0,False
1144,Балаганский муниципальный район,Иркутская область,0,Малые сельские МО,0,1.0,0.5345,1,Малые города и районы со смешанной экономикой,1.0,False
1146,Братский муниципальный район,Иркутская область,1,Малые города и районы со смешанной экономикой,1,1.0,0.5776,4,Ресурсный Север и Дальний Восток,1.0,False
1147,Жигаловский муниципальный район,Иркутская область,2,Индустриальные города и пригороды,2,1.0,0.2879,1,Малые города и районы со смешанной экономикой,1.0,False
1148,Заларинский муниципальный район,Иркутская область,0,Малые сельские МО,0,1.0,0.4284,1,Малые города и районы со смешанной экономикой,1.0,False
1149,Зиминский муниципальный район,Иркутская область,0,Малые сельские МО,0,1.0,0.1647,1,Малые города и районы со смешанной экономикой,0.9412,False
1150,Иркутский муниципальный район,Иркутская область,2,Индустриальные города и пригороды,2,1.0,0.5353,3,Столичные агломерации,1.0,False
1151,Казачинско-Ленский муниципальный район,Иркутская область,4,Ресурсный Север и Дальний Восток,4,1.0,0.0567,2,Индустриальные города и пригороды,0.4444,True
1152,Катангский муниципальный район,Иркутская область,4,Ресурсный Север и Дальний Восток,4,1.0,0.5283,1,Малые города и районы со смешанной экономикой,1.0,False
1153,Качугский муниципальный район,Иркутская область,0,Малые сельские МО,0,1.0,0.2214,1,Малые города и районы со смешанной экономикой,0.9375,False
1154,Киренский муниципальный район,Иркутская область,4,Ресурсный Север и Дальний Восток,4,1.0,0.2568,2,Индустриальные города и пригороды,1.0,False
1155,Куйтунский муниципальный район,Иркутская область,0,Малые сельские МО,0,1.0,0.295,1,Малые города и районы со смешанной экономикой,0.9375,False
1157,Нижнеилимский муниципальный район,Иркутская область,1,Малые города и районы со смешанной экономикой,1,1.0,0.1864,2,Индустриальные города и пригороды,0.6667,True
1158,Нижнеудинский муниципальный район,Иркутская область,2,Индустриальные города и пригороды,2,1.0,0.1743,1,Малые города и районы со смешанной экономикой,1.0,False
1159,Ольхонский муниципальный район,Иркутская область,0,Малые сельские МО,0,1.0,0.2451,1,Малые города и районы со смешанной экономикой,1.0,False
1160,Слюдянский муниципальный район,Иркутская область,1,Малые города и районы со смешанной экономикой,1,1.0,0.0499,2,Индустриальные города и пригороды,0.625,True
1161,Тайшетский муниципальный район,Иркутская область,2,Индустриальные города и пригороды,2,1.0,0.2097,1,Малые города и районы со смешанной экономикой,0.9375,False
1163,Усольский муниципальный район,Иркутская область,1,Малые города и районы со смешанной экономикой,1,1.0,0.2022,4,Ресурсный Север и Дальний Восток,0.8333,False
1164,Усть-Илимский муниципальный район,Иркутская область,1,Малые города и районы со смешанной экономикой,1,1.0,0.0734,4,Ресурсный Север и Дальний Восток,0.8235,False
1165,Усть-Кутский муниципальный район,Иркутская область,2,Индустриальные города и пригороды,2,1.0,0.0878,4,Ресурсный Север и Дальний Восток,0.6154,True
1166,Усть-Удинский муниципальный район,Иркутская область,0,Малые сельские МО,0,1.0,0.4897,1,Малые города и районы со смешанной экономикой,1.0,False
1167,Черемховский муниципальный район,Иркутская область,0,Малые сельские МО,0,1.0,0.3269,1,Малые города и районы со смешанной экономикой,0.8125,False
1168,Чунский муниципальный район,Иркутская область,0,Малые сельские МО,0,1.0,0.161,2,Индустриальные города и пригороды,0.875,False
1169,Шелеховский муниципальный район,Иркутская область,2,Индустриальные города и пригороды,2,1.0,0.5506,3,Столичные агломерации,1.0,False
1170,Аларский муниципальный район,Иркутская область,0,Малые сельские МО,0,1.0,0.2462,1,Малые города и районы со смешанной экономикой,0.9286,False
1171,Баяндаевский муниципальный район,Иркутская область,0,Малые сельские МО,0,1.0,0.2189,1,Малые города и районы со смешанной экономикой,1.0,False
1172,Боханский муниципальный район,Иркутская область,0,Малые сельские МО,0,1.0,0.1957,1,Малые города и районы со смешанной экономикой,0.875,False
1173,Нукутский муниципальный район,Иркутская область,0,Малые сельские МО,0,1.0,0.4688,1,Малые города и районы со смешанной экономикой,1.0,False
1174,Осинский муниципальный район,Иркутская область,0,Малые сельские МО,0,1.0,0.2298,1,Малые города и районы со смешанной экономикой,0.9375,False
1175,Эхирит-Булагатский муниципальный район,Иркутская область,0,Малые сельские МО,0,1.0,0.1517,1,Малые города и районы со смешанной экономикой,1.0,False
1176,городской округ город Калининград,Калининградская область,2,Индустриальные города и пригороды,2,1.0,0.0879,3,Столичные агломерации,0.5625,True
1178,городской округ Мамоновский,Калининградская область,1,Малые города и районы со смешанной экономикой,1,1.0,0.2222,0,Малые сельские МО,0.9333,False
1179,городской округ Пионерский,Калининградская область,1,Малые города и районы со смешанной экономикой,1,0.6818,0.0897,4,Ресурсный Север и Дальний Восток,0.4,True
1180,городской округ Светловский,Калининградская область,1,Малые города и районы со смешанной экономикой,1,1.0,0.4379,2,Индустриальные города и пригороды,1.0,False
1181,городской округ Советский,Калининградская область,1,Малые города и районы со смешанной экономикой,1,1.0,0.0456,2,Индустриальные города и пригороды,0.5882,True
1184,городской округ Балтийский,Калининградская область,1,Малые города и районы со смешанной экономикой,1,1.0,0.035,2,Индустриальные города и пригороды,0.6,True
1185,муниципальный округ Гвардейский,Калининградская область,1,Малые города и районы со смешанной экономикой,1,1.0,0.3556,0,Малые сельские МО,1.0,False
1186,муниципальный округ Гурьевский,Калининградская область,2,Индустриальные города и пригороды,2,1.0,0.514,3,Столичные агломерации,1.0,False
1187,городской округ Гусевский,Калининградская область,1,Малые города и районы со смешанной экономикой,1,1.0,0.1764,2,Индустриальные города и пригороды,1.0,False
1188,муниципальный округ Зеленоградский,Калининградская область,2,Индустриальные города и пригороды,2,1.0,0.7446,3,Столичные агломерации,1.0,False
1189,муниципальный округ Краснознаменский,Калининградская область,0,Малые сельские МО,0,1.0,0.3432,1,Малые города и районы со смешанной экономикой,1.0,False
1190,городской округ Светлогорский,Калининградская область,2,Индустриальные города и пригороды,2,1.0,0.4519,0,Малые сельские МО,1.0,False
1191,муниципальный округ Неманский,Калининградская область,1,Малые города и районы со смешанной экономикой,1,1.0,0.0267,0,Малые сельские МО,0.8824,False
1192,муниципальный округ Нестеровский,Калининградская область,0,Малые сельские МО,0,1.0,0.2345,1,Малые города и районы со смешанной экономикой,0.9286,False
1193,муниципальный округ Озерский,Калининградская область,1,Малые города и районы со смешанной экономикой,1,1.0,0.1045,0,Малые сельские МО,1.0,False
1194,муниципальный округ Полесский,Калининградская область,1,Малые города и районы со смешанной экономикой,1,1.0,0.1085,0,Малые сельские МО,1.0,False
1195,муниципальный округ Правдинский,Калининградская область,1,Малые города и районы со смешанной экономикой,1,1.0,0.4007,0,Малые сельские МО,1.0,False
1196,муниципальный округ Славский,Калининградская область,0,Малые сельские МО,0,1.0,0.3575,1,Малые города и районы со смешанной экономикой,1.0,False
1197,муниципальный округ Черняховский,Калининградская область,2,Индустриальные города и пригороды,2,1.0,0.3459,1,Малые города и районы со смешанной экономикой,1.0,False
1198,городской округ город Калуга,Калужская область,2,Индустриальные города и пригороды,2,1.0,0.3189,3,Столичные агломерации,1.0,False
12,Майминский муниципальный район,Республика Алтай,2,Индустриальные города и пригороды,2,1.0,0.3966,3,Столичные агломерации,1.0,False
1200,Бабынинский муниципальный район,Калужская область,1,Малые города и районы со смешанной экономикой,1,1.0,0.426,0,Малые сельские МО,1.0,False
1201,Барятинский муниципальный район,Калужская область,0,Малые сельские МО,0,1.0,0.4504,1,Малые города и районы со смешанной экономикой,1.0,False
1203,Дзержинский муниципальный район,Калужская область,1,Малые города и районы со смешанной экономикой,1,1.0,0.4088,0,Малые сельские МО,1.0,False
1204,Думиничский муниципальный район,Калужская область,0,Малые сельские МО,0,1.0,0.3356,1,Малые города и районы со смешанной экономикой,1.0,False
1205,Жиздринский муниципальный район,Калужская область,0,Малые сельские МО,0,1.0,0.5188,1,Малые города и районы со смешанной экономикой,1.0,False
1206,Жуковский муниципальный район,Калужская область,1,Малые города и районы со смешанной экономикой,1,1.0,0.0449,2,Индустриальные города и пригороды,0.6111,True
1207,Кировский муниципальный район,Калужская область,2,Индустриальные города и пригороды,2,1.0,0.3697,1,Малые города и районы со смешанной экономикой,1.0,False
1208,Износковский муниципальный район,Калужская область,0,Малые сельские МО,0,1.0,0.6139,1,Малые города и районы со смешанной экономикой,1.0,False
1209,Козельский муниципальный район,Калужская область,1,Малые города и районы со смешанной экономикой,1,1.0,0.1896,2,Индустриальные города и пригороды,1.0,False
1210,Куйбышевский муниципальный район,Калужская область,0,Малые сельские МО,0,1.0,0.2676,1,Малые города и районы со смешанной экономикой,1.0,False
1211,Людиновский муниципальный район,Калужская область,2,Индустриальные города и пригороды,2,1.0,0.1413,1,Малые города и районы со смешанной экономикой,1.0,False
1212,Малоярославецкий муниципальный район,Калужская область,2,Индустриальные города и пригороды,2,1.0,0.5567,3,Столичные агломерации,1.0,False
1213,Медынский муниципальный район,Калужская область,1,Малые города и районы со смешанной экономикой,1,1.0,0.2811,0,Малые сельские МО,1.0,False
1214,Мещовский муниципальный район,Калужская область,0,Малые сельские МО,0,1.0,0.3653,1,Малые города и районы со смешанной экономикой,1.0,False
1215,Мосальский муниципальный район,Калужская область,0,Малые сельские МО,0,1.0,0.1073,1,Малые города и районы со смешанной экономикой,1.0,False
1217,Спас-Деменский муниципальный район,Калужская область,0,Малые сельские МО,0,1.0,0.2853,1,Малые города и районы со смешанной экономикой,1.0,False
1218,Сухиничский муниципальный район,Калужская область,1,Малые города и районы со смешанной экономикой,1,1.0,0.2339,0,Малые сельские МО,0.9474,False
1219,Тарусский муниципальный район,Калужская область,1,Малые города и районы со смешанной экономикой,1,1.0,0.3776,0,Малые сельские МО,1.0,False
1220,Ульяновский муниципальный район,Калужская область,0,Малые сельские МО,0,1.0,0.4749,1,Малые города и районы со смешанной экономикой,1.0,False
1221,Ферзиковский муниципальный район,Калужская область,2,Индустриальные города и пригороды,2,0.6818,0.0974,1,Малые города и районы со смешанной экономикой,0.9412,False
1222,Хвастовичский муниципальный район,Калужская область,0,Малые сельские МО,0,1.0,0.1444,1,Малые города и районы со смешанной экономикой,1.0,False
1223,Юхновский муниципальный район,Калужская область,0,Малые сельские МО,0,1.0,0.1061,1,Малые города и районы со смешанной экономикой,0.7647,False
1224,городской округ Кемеровский,Кемеровская область,3,Столичные агломерации,3,1.0,0.0911,2,Индустриальные города и пригороды,1.0,False
1225,городской округ Анжеро-Судженский,Кемеровская область,2,Индустриальные города и пригороды,2,1.0,0.7634,1,Малые города и районы со смешанной экономикой,1.0,False
1226,городской округ Беловский,Кемеровская область,2,Индустриальные города и пригороды,2,1.0,0.4935,1,Малые города и районы со смешанной экономикой,1.0,False
1227,городской округ Березовский,Кемеровская область,2,Индустриальные города и пригороды,1,0.7727,0.1206,1,Малые города и районы со смешанной экономикой,0.6471,True
1228,городской округ Калтанский,Кемеровская область,2,Индустриальные города и пригороды,2,1.0,0.0708,1,Малые города и районы со смешанной экономикой,0.9412,False
1229,городской округ Киселевский,Кемеровская область,2,Индустриальные города и пригороды,2,1.0,0.2461,1,Малые города и районы со смешанной экономикой,1.0,False
1230,городской округ Ленинск-Кузнецкий,Кемеровская область,2,Индустриальные города и пригороды,2,1.0,0.8221,1,Малые города и районы со смешанной экономикой,1.0,False
1231,городской округ Междуреченский,Кемеровская область,2,Индустриальные города и пригороды,2,1.0,0.218,1,Малые города и районы со смешанной экономикой,0.8824,False
1232,городской округ Мысковский,Кемеровская область,2,Индустриальные города и пригороды,2,1.0,0.2676,1,Малые города и районы со смешанной экономикой,0.8667,False
1233,городской округ Новокузнецкий,Кемеровская область,2,Индустриальные города и пригороды,2,1.0,0.33,3,Столичные агломерации,1.0,False
1234,городской округ Осинниковский,Кемеровская область,2,Индустриальные города и пригороды,2,1.0,0.7128,1,Малые города и районы со смешанной экономикой,1.0,False
1235,городской округ Полысаевский,Кемеровская область,2,Индустриальные города и пригороды,1,0.7273,0.0301,1,Малые города и районы со смешанной экономикой,0.875,False
1236,городской округ Прокопьевский,Кемеровская область,2,Индустриальные города и пригороды,2,1.0,0.7898,1,Малые города и районы со смешанной экономикой,1.0,False
1237,городской округ Тайгинский,Кемеровская область,2,Индустриальные города и пригороды,2,1.0,0.0596,1,Малые города и районы со смешанной экономикой,0.8235,False
1238,городской округ Юргинский,Кемеровская область,2,Индустриальные города и пригороды,2,1.0,0.6634,3,Столичные агломерации,1.0,False
1240,Беловский муниципальный округ,Кемеровская область,2,Индустриальные города и пригороды,2,1.0,0.0407,1,Малые города и районы со смешанной экономикой,0.9375,False
1241,Гурьевский муниципальный округ,Кемеровская область,2,Индустриальные города и пригороды,2,1.0,0.0452,1,Малые города и районы со смешанной экономикой,0.9286,False
1242,Ижморский муниципальный округ,Кемеровская область,0,Малые сельские МО,0,1.0,0.6135,1,Малые города и районы со смешанной экономикой,1.0,False
1243,Кемеровский муниципальный округ,Кемеровская область,2,Индустриальные города и пригороды,2,1.0,0.1138,1,Малые города и районы со смешанной экономикой,0.875,False
1244,Крапивинский муниципальный округ,Кемеровская область,0,Малые сельские МО,0,1.0,0.4916,1,Малые города и районы со смешанной экономикой,1.0,False
1246,Мариинский муниципальный округ,Кемеровская область,2,Индустриальные города и пригороды,2,1.0,0.1176,0,Малые сельские МО,1.0,False
1249,Промышленновский муниципальный округ,Кемеровская область,2,Индустриальные города и пригороды,2,1.0,0.0904,0,Малые сельские МО,1.0,False
1250,Таштагольский муниципальный район,Кемеровская область,2,Индустриальные города и пригороды,2,1.0,0.161,1,Малые города и районы со смешанной экономикой,0.8947,False
1251,Тисульский муниципальный округ,Кемеровская область,0,Малые сельские МО,0,1.0,0.6025,1,Малые города и районы со смешанной экономикой,1.0,False
1252,Топкинский муниципальный округ,Кемеровская область,2,Индустриальные города и пригороды,2,1.0,0.6714,1,Малые города и районы со смешанной экономикой,1.0,False
1253,Тяжинский муниципальный округ,Кемеровская область,0,Малые сельские МО,0,1.0,0.6386,1,Малые города и районы со смешанной экономикой,1.0,False
1254,Чебулинский муниципальный округ,Кемеровская область,2,Индустриальные города и пригороды,0,0.7727,0.163,0,Малые сельские МО,0.625,True
1256,Яйский муниципальный округ,Кемеровская область,0,Малые сельские МО,0,1.0,0.2554,2,Индустриальные города и пригороды,0.5882,True
1257,Яшкинский муниципальный округ,Кемеровская область,2,Индустриальные города и пригороды,2,1.0,0.259,1,Малые города и районы со смешанной экономикой,1.0,False
1258,городской округ город Киров,Кировская область,2,Индустриальные города и пригороды,2,1.0,0.2015,3,Столичные агломерации,1.0,False
1259,городской округ город Вятские Поляны,Кировская область,1,Малые города и районы со смешанной экономикой,1,1.0,0.1182,2,Индустриальные города и пригороды,0.875,False
1260,городской округ город Кирово-Чепецк,Кировская область,2,Индустриальные города и пригороды,2,1.0,0.3055,1,Малые города и районы со смешанной экономикой,1.0,False
1261,городской округ город Котельнич,Кировская область,1,Малые города и районы со смешанной экономикой,1,1.0,0.5327,0,Малые сельские МО,1.0,False
1262,городской округ город Слободской,Кировская область,1,Малые города и районы со смешанной экономикой,1,1.0,0.3333,2,Индустриальные города и пригороды,1.0,False
1264,муниципальный округ Арбажский,Кировская область,0,Малые сельские МО,0,1.0,0.3878,1,Малые города и районы со смешанной экономикой,1.0,False
1265,муниципальный округ Афанасьевский,Кировская область,1,Малые города и районы со смешанной экономикой,1,1.0,0.2292,0,Малые сельские МО,0.8571,False
1266,Белохолуницкий муниципальный район,Кировская область,0,Малые сельские МО,1,0.6364,0.0988,1,Малые города и районы со смешанной экономикой,0.4706,True
1267,муниципальный округ Богородский,Кировская область,0,Малые сельские МО,0,1.0,0.0675,1,Малые города и районы со смешанной экономикой,1.0,False
1268,муниципальный округ Верхнекамский,Кировская область,1,Малые города и районы со смешанной экономикой,1,1.0,0.4007,0,Малые сельские МО,1.0,False
1269,Верхошижемский муниципальный район,Кировская область,0,Малые сельские МО,0,1.0,0.265,1,Малые города и районы со смешанной экономикой,1.0,False
1270,Вятскополянский муниципальный район,Кировская область,1,Малые города и районы со смешанной экономикой,1,1.0,0.3875,0,Малые сельские МО,1.0,False
1271,Даровской муниципальный район,Кировская область,0,Малые сельские МО,0,1.0,0.4631,1,Малые города и районы со смешанной экономикой,1.0,False
1272,Зуевский муниципальный район,Кировская область,1,Малые города и районы со смешанной экономикой,1,1.0,0.327,0,Малые сельские МО,1.0,False
1273,муниципальный округ Кикнурский,Кировская область,0,Малые сельские МО,0,1.0,0.3945,1,Малые города и районы со смешанной экономикой,1.0,False
1274,Кильмезский муниципальный район,Кировская область,0,Малые сельские МО,0,1.0,0.4212,1,Малые города и районы со смешанной экономикой,1.0,False
1275,Кирово-Чепецкий муниципальный район,Кировская область,1,Малые города и районы со смешанной экономикой,1,1.0,0.3554,0,Малые сельские МО,1.0,False
1276,Котельничский муниципальный район,Кировская область,1,Малые города и районы со смешанной экономикой,1,1.0,0.2783,0,Малые сельские МО,1.0,False
1277,Куменский муниципальный район,Кировская область,1,Малые города и районы со смешанной экономикой,1,1.0,0.2354,0,Малые сельские МО,1.0,False
1278,муниципальный округ Лебяжский,Кировская область,0,Малые сельские МО,0,1.0,0.2018,1,Малые города и районы со смешанной экономикой,1.0,False
1279,муниципальный округ Лузский,Кировская область,0,Малые сельские МО,0,1.0,0.0459,1,Малые города и районы со смешанной экономикой,0.3571,True
1280,Малмыжский муниципальный район,Кировская область,1,Малые города и районы со смешанной экономикой,1,1.0,0.1777,0,Малые сельские МО,0.8421,False
1281,муниципальный округ Мурашинский,Кировская область,1,Малые города и районы со смешанной экономикой,1,1.0,0.4575,0,Малые сельские МО,1.0,False
1282,Нагорский муниципальный район,Кировская область,0,Малые сельские МО,0,1.0,0.1977,1,Малые города и районы со смешанной экономикой,1.0,False
1284,Нолинский муниципальный район,Кировская область,1,Малые города и районы со смешанной экономикой,1,1.0,0.1488,0,Малые сельские МО,0.8824,False
1285,Омутнинский муниципальный район,Кировская область,1,Малые города и районы со смешанной экономикой,1,1.0,0.4146,2,Индустриальные города и пригороды,1.0,False
1286,муниципальный округ Опаринский,Кировская область,0,Малые сельские МО,0,1.0,0.104,1,Малые города и районы со смешанной экономикой,0.875,False
1287,Оричевский муниципальный район,Кировская область,1,Малые города и районы со смешанной экономикой,1,1.0,0.4072,0,Малые сельские МО,1.0,False
1288,Орловский муниципальный район,Кировская область,1,Малые города и районы со смешанной экономикой,1,1.0,0.1491,0,Малые сельские МО,0.9412,False
1289,муниципальный округ Пижанский,Кировская область,0,Малые сельские МО,0,1.0,0.0594,1,Малые города и районы со смешанной экономикой,0.8421,False
1290,Подосиновский муниципальный район,Кировская область,1,Малые города и районы со смешанной экономикой,1,1.0,0.3548,0,Малые сельские МО,1.0,False
1291,муниципальный округ Санчурский,Кировская область,0,Малые сельские МО,0,1.0,0.199,1,Малые города и районы со смешанной экономикой,1.0,False
1292,муниципальный округ Свечинский,Кировская область,0,Малые сельские МО,0,1.0,0.1237,1,Малые города и районы со смешанной экономикой,0.4118,True
1293,Слободской муниципальный район,Кировская область,1,Малые города и районы со смешанной экономикой,1,1.0,0.5139,0,Малые сельские МО,1.0,False
1294,Советский муниципальный район,Кировская область,1,Малые города и районы со смешанной экономикой,1,1.0,0.5749,0,Малые сельские МО,1.0,False
1295,Сунский муниципальный район,Кировская область,1,Малые города и районы со смешанной экономикой,1,1.0,0.1982,0,Малые сельские МО,1.0,False
1296,Тужинский муниципальный район,Кировская область,0,Малые сельские МО,0,1.0,0.4395,1,Малые города и районы со смешанной экономикой,1.0,False
1297,муниципальный округ Унинский,Кировская область,0,Малые сельские МО,0,1.0,0.1418,1,Малые города и районы со смешанной экономикой,1.0,False
1298,Уржумский муниципальный район,Кировская область,0,Малые сельские МО,0,0.6818,0.077,1,Малые города и районы со смешанной экономикой,0.6154,True
1299,муниципальный округ Фаленский,Кировская область,0,Малые сельские МО,0,1.0,0.1452,1,Малые города и районы со смешанной экономикой,0.8235,False
13,Онгудайский муниципальный район,Республика Алтай,0,Малые сельские МО,0,1.0,0.1437,2,Индустриальные города и пригороды,0.8421,False
1300,Шабалинский муниципальный район,Кировская область,0,Малые сельские МО,0,1.0,0.2206,1,Малые города и районы со смешанной экономикой,1.0,False
1301,Юрьянский муниципальный район,Кировская область,1,Малые города и районы со смешанной экономикой,1,1.0,0.4665,0,Малые сельские МО,1.0,False
1302,Яранский муниципальный район,Кировская область,1,Малые города и районы со смешанной экономикой,1,1.0,0.3963,0,Малые сельские МО,1.0,False
1303,городской округ город Кострома,Костромская область,2,Индустриальные города и пригороды,2,1.0,0.5744,3,Столичные агломерации,1.0,False
1304,городской округ город Буй,Костромская область,1,Малые города и районы со смешанной экономикой,1,1.0,0.3802,0,Малые сельские МО,1.0,False
1305,городской округ город Волгореченск,Костромская область,1,Малые города и районы со смешанной экономикой,1,1.0,0.4103,0,Малые сельские МО,1.0,False
1306,городской округ город Галич,Костромская область,1,Малые города и районы со смешанной экономикой,1,1.0,0.3468,0,Малые сельские МО,1.0,False
1308,городской округ город Шарья,Костромская область,1,Малые города и районы со смешанной экономикой,1,1.0,0.2699,0,Малые сельские МО,1.0,False
1309,Антроповский муниципальный район,Костромская область,0,Малые сельские МО,0,1.0,0.5456,1,Малые города и районы со смешанной экономикой,1.0,False
1310,Буйский муниципальный район,Костромская область,1,Малые города и районы со смешанной экономикой,1,1.0,0.3593,0,Малые сельские МО,1.0,False
1311,Вохомский муниципальный район,Костромская область,0,Малые сельские МО,0,1.0,0.4829,1,Малые города и районы со смешанной экономикой,1.0,False
1312,Галичский муниципальный район,Костромская область,0,Малые сельские МО,0,1.0,0.1425,1,Малые города и районы со смешанной экономикой,1.0,False
1313,Кадыйский муниципальный район,Костромская область,0,Малые сельские МО,0,1.0,0.5272,1,Малые города и районы со смешанной экономикой,1.0,False
1314,Кологривский муниципальный округ,Костромская область,0,Малые сельские МО,0,1.0,0.5233,1,Малые города и районы со смешанной экономикой,1.0,False
1315,Костромской муниципальный район,Костромская область,2,Индустриальные города и пригороды,2,1.0,0.5439,0,Малые сельские МО,1.0,False
1316,Красносельский муниципальный район,Костромская область,1,Малые города и районы со смешанной экономикой,1,1.0,0.1197,2,Индустриальные города и пригороды,1.0,False
1317,Макарьевский муниципальный район,Костромская область,0,Малые сельские МО,0,1.0,0.5909,1,Малые города и районы со смешанной экономикой,1.0,False
1319,Межевской муниципальный округ,Костромская область,0,Малые сельские МО,0,1.0,0.4976,1,Малые города и районы со смешанной экономикой,1.0,False
1320,Нейский муниципальный округ,Костромская область,0,Малые сельские МО,0,1.0,0.5584,1,Малые города и районы со смешанной экономикой,1.0,False
1321,муниципальный район город Нерехта и Нерехтский район,Костромская область,1,Малые города и районы со смешанной экономикой,1,1.0,0.2387,2,Индустриальные города и пригороды,1.0,False
1322,Октябрьский муниципальный район,Костромская область,0,Малые сельские МО,0,1.0,0.5172,1,Малые города и районы со смешанной экономикой,1.0,False
1323,Островский муниципальный район,Костромская область,0,Малые сельские МО,0,1.0,0.5191,1,Малые города и районы со смешанной экономикой,1.0,False
1324,Павинский муниципальный район,Костромская область,0,Малые сельские МО,0,1.0,0.4557,1,Малые города и районы со смешанной экономикой,1.0,False
1325,Парфеньевский муниципальный округ,Костромская область,0,Малые сельские МО,0,1.0,0.6114,1,Малые города и районы со смешанной экономикой,1.0,False
1326,Поназыревский муниципальный округ,Костромская область,0,Малые сельские МО,0,1.0,0.1366,1,Малые города и районы со смешанной экономикой,1.0,False
1327,Пыщугский муниципальный округ,Костромская область,0,Малые сельские МО,0,1.0,0.4529,1,Малые города и районы со смешанной экономикой,1.0,False
1328,Солигаличский муниципальный район,Костромская область,0,Малые сельские МО,0,1.0,0.3459,1,Малые города и районы со смешанной экономикой,1.0,False
1329,Судиславский муниципальный район,Костромская область,1,Малые города и районы со смешанной экономикой,1,1.0,0.2967,0,Малые сельские МО,0.9333,False
1330,Сусанинский муниципальный район,Костромская область,0,Малые сельские МО,0,1.0,0.2959,1,Малые города и районы со смешанной экономикой,1.0,False
1331,Чухломский муниципальный район,Костромская область,0,Малые сельские МО,0,1.0,0.5551,1,Малые города и районы со смешанной экономикой,1.0,False
1333,городской округ город Курган,Курганская область,2,Индустриальные города и пригороды,2,1.0,0.652,3,Столичные агломерации,1.0,False
1334,городской округ город Шадринск,Курганская область,2,Индустриальные города и пригороды,2,1.0,0.4893,1,Малые города и районы со смешанной экономикой,1.0,False
1335,Альменевский муниципальный округ,Курганская область,0,Малые сельские МО,0,1.0,0.5547,1,Малые города и районы со смешанной экономикой,1.0,False
1336,Белозерский муниципальный округ,Курганская область,0,Малые сельские МО,0,1.0,0.4014,1,Малые города и районы со смешанной экономикой,1.0,False
1337,Варгашинский муниципальный район,Курганская область,1,Малые города и районы со смешанной экономикой,1,1.0,0.3172,0,Малые сельские МО,1.0,False
1338,Далматовский муниципальный район,Курганская область,1,Малые города и районы со смешанной экономикой,1,1.0,0.2591,0,Малые сельские МО,0.8824,False
1339,Звериноголовский муниципальный округ,Курганская область,0,Малые сельские МО,0,1.0,0.3169,1,Малые города и районы со смешанной экономикой,1.0,False
1340,Каргапольский муниципальный округ,Курганская область,0,Малые сельские МО,0,1.0,0.2784,1,Малые города и районы со смешанной экономикой,1.0,False
1341,Катайский муниципальный район,Курганская область,1,Малые города и районы со смешанной экономикой,1,1.0,0.2732,0,Малые сельские МО,0.875,False
1343,Куртамышский муниципальный округ,Курганская область,0,Малые сельские МО,0,1.0,0.3415,1,Малые города и районы со смешанной экономикой,1.0,False
1344,Лебяжьевский муниципальный округ,Курганская область,0,Малые сельские МО,0,1.0,0.385,1,Малые города и районы со смешанной экономикой,1.0,False
1345,муниципальный округ Макушинский,Курганская область,0,Малые сельские МО,0,1.0,0.6031,1,Малые города и районы со смешанной экономикой,1.0,False
1346,Мишкинский муниципальный округ,Курганская область,0,Малые сельские МО,0,1.0,0.6109,1,Малые города и районы со смешанной экономикой,1.0,False
1347,Мокроусовский муниципальный округ,Курганская область,0,Малые сельские МО,0,1.0,0.2259,1,Малые города и районы со смешанной экономикой,1.0,False
1348,Петуховский муниципальный округ,Курганская область,0,Малые сельские МО,0,1.0,0.3527,1,Малые города и районы со смешанной экономикой,1.0,False
1349,Половинский муниципальный округ,Курганская область,0,Малые сельские МО,0,1.0,0.4497,1,Малые города и районы со смешанной экономикой,1.0,False
1350,Притобольный муниципальный район,Курганская область,0,Малые сельские МО,0,1.0,0.3625,1,Малые города и районы со смешанной экономикой,1.0,False
1351,Сафакулевский муниципальный округ,Курганская область,0,Малые сельские МО,0,1.0,0.4813,1,Малые города и районы со смешанной экономикой,1.0,False
1352,Целинный муниципальный округ,Курганская область,0,Малые сельские МО,0,1.0,0.3794,1,Малые города и районы со смешанной экономикой,1.0,False
1353,Частоозерский муниципальный округ,Курганская область,0,Малые сельские МО,0,1.0,0.62,1,Малые города и районы со смешанной экономикой,1.0,False
1355,Шатровский муниципальный округ,Курганская область,0,Малые сельские МО,0,1.0,0.4364,1,Малые города и районы со смешанной экономикой,1.0,False
1356,муниципальный округ Шумихинский,Курганская область,1,Малые города и районы со смешанной экономикой,1,1.0,0.0763,0,Малые сельские МО,0.9333,False
1357,Щучанский муниципальный округ,Курганская область,0,Малые сельские МО,0,1.0,0.3688,1,Малые города и районы со смешанной экономикой,1.0,False
1358,Юргамышский муниципальный округ,Курганская область,0,Малые сельские МО,0,1.0,0.1224,1,Малые города и районы со смешанной экономикой,0.9444,False
1392,Бокситогорский муниципальный район,Ленинградская область,1,Малые города и районы со смешанной экономикой,1,1.0,0.0323,2,Индустриальные города и пригороды,0.3846,True
1393,Волосовский муниципальный район,Ленинградская область,2,Индустриальные города и пригороды,2,1.0,0.2128,1,Малые города и районы со смешанной экономикой,0.9412,False
1394,Волховский муниципальный район,Ленинградская область,2,Индустриальные города и пригороды,2,1.0,0.5462,1,Малые города и районы со смешанной экономикой,1.0,False
1395,Всеволожский муниципальный район,Ленинградская область,3,Столичные агломерации,3,1.0,0.2002,2,Индустриальные города и пригороды,1.0,False
1396,Выборгский муниципальный район,Ленинградская область,2,Индустриальные города и пригороды,2,1.0,0.7307,3,Столичные агломерации,1.0,False
1397,Гатчинский муниципальный район,Ленинградская область,2,Индустриальные города и пригороды,2,1.0,0.5146,3,Столичные агломерации,1.0,False
1398,Кингисеппский муниципальный район,Ленинградская область,2,Индустриальные города и пригороды,2,1.0,0.513,3,Столичные агломерации,1.0,False
1399,Киришский муниципальный район,Ленинградская область,2,Индустриальные города и пригороды,2,1.0,0.3682,1,Малые города и районы со смешанной экономикой,1.0,False
14,Турочакский муниципальный район,Республика Алтай,0,Малые сельские МО,0,1.0,0.2437,1,Малые города и районы со смешанной экономикой,0.8333,False
1400,Кировский муниципальный район,Ленинградская область,2,Индустриальные города и пригороды,2,1.0,0.8313,3,Столичные агломерации,1.0,False
1401,Лодейнопольский муниципальный район,Ленинградская область,2,Индустриальные города и пригороды,2,1.0,0.2322,1,Малые города и районы со смешанной экономикой,1.0,False
1402,Ломоносовский муниципальный район,Ленинградская область,2,Индустриальные города и пригороды,2,1.0,0.114,3,Столичные агломерации,0.8125,False
1403,Лужский муниципальный район,Ленинградская область,2,Индустриальные города и пригороды,2,1.0,0.5762,3,Столичные агломерации,1.0,False
1404,Подпорожский муниципальный район,Ленинградская область,2,Индустриальные города и пригороды,2,1.0,0.2996,1,Малые города и районы со смешанной экономикой,1.0,False
1405,Приозерский муниципальный район,Ленинградская область,2,Индустриальные города и пригороды,2,1.0,0.5807,1,Малые города и районы со смешанной экономикой,1.0,False
1406,Сланцевский муниципальный район,Ленинградская область,2,Индустриальные города и пригороды,2,1.0,0.4429,1,Малые города и районы со смешанной экономикой,1.0,False
1407,Тихвинский муниципальный район,Ленинградская область,2,Индустриальные города и пригороды,2,1.0,0.5514,1,Малые города и районы со смешанной экономикой,1.0,False
1408,Тосненский муниципальный район,Ленинградская область,2,Индустриальные города и пригороды,2,1.0,0.3963,3,Столичные агломерации,1.0,False
1409,городской округ Сосновоборский,Ленинградская область,2,Индустриальные города и пригороды,2,1.0,0.0721,3,Столичные агломерации,0.5714,True
1410,городской округ город Липецк,Липецкая область,2,Индустриальные города и пригороды,2,1.0,0.741,3,Столичные агломерации,1.0,False
1411,городской округ город Елец,Липецкая область,2,Индустриальные города и пригороды,2,1.0,0.7653,1,Малые города и районы со смешанной экономикой,1.0,False
1412,Воловский муниципальный район,Липецкая область,0,Малые сельские МО,0,1.0,0.4452,1,Малые города и районы со смешанной экономикой,1.0,False
1413,Грязинский муниципальный район,Липецкая область,2,Индустриальные города и пригороды,2,1.0,0.2982,1,Малые города и районы со смешанной экономикой,1.0,False
1414,Данковский муниципальный район,Липецкая область,1,Малые города и районы со смешанной экономикой,1,1.0,0.2201,0,Малые сельские МО,1.0,False
1415,Добринский муниципальный район,Липецкая область,0,Малые сельские МО,0,1.0,0.0355,1,Малые города и районы со смешанной экономикой,0.8235,False
1416,Добровский муниципальный район,Липецкая область,1,Малые города и районы со смешанной экономикой,1,1.0,0.1355,0,Малые сельские МО,0.875,False
1417,Долгоруковский муниципальный район,Липецкая область,0,Малые сельские МО,0,1.0,0.1262,1,Малые города и районы со смешанной экономикой,1.0,False
1419,Задонский муниципальный район,Липецкая область,1,Малые города и районы со смешанной экономикой,1,1.0,0.0434,0,Малые сельские МО,0.5556,True
1420,Измалковский муниципальный район,Липецкая область,0,Малые сельские МО,0,1.0,0.0885,1,Малые города и районы со смешанной экономикой,0.9444,False
1421,Краснинский муниципальный район,Липецкая область,1,Малые города и районы со смешанной экономикой,1,1.0,0.1042,0,Малые сельские МО,0.8667,False
1422,Лебедянский муниципальный район,Липецкая область,1,Малые города и районы со смешанной экономикой,1,1.0,0.1648,2,Индустриальные города и пригороды,1.0,False
1423,Лев-Толстовский муниципальный район,Липецкая область,1,Малые города и районы со смешанной экономикой,1,1.0,0.1058,0,Малые сельские МО,0.9286,False
1425,Становлянский муниципальный район,Липецкая область,1,Малые города и районы со смешанной экономикой,1,1.0,0.3304,0,Малые сельские МО,1.0,False
1426,Тербунский муниципальный район,Липецкая область,1,Малые города и районы со смешанной экономикой,1,0.5455,0.055,0,Малые сельские МО,0.5,True
1427,Усманский муниципальный район,Липецкая область,1,Малые города и районы со смешанной экономикой,1,1.0,0.1442,0,Малые сельские МО,1.0,False
1428,Хлевенский муниципальный район,Липецкая область,0,Малые сельские МО,0,0.5909,0.0464,1,Малые города и районы со смешанной экономикой,0.8125,False
1429,Чаплыгинский муниципальный район,Липецкая область,1,Малые города и районы со смешанной экономикой,1,1.0,0.1481,0,Малые сельские МО,0.875,False
1430,городской округ город Магадан,Магаданская область,4,Ресурсный Север и Дальний Восток,4,1.0,0.0365,3,Столичные агломерации,0.3333,True
1431,муниципальный округ Ольский,Магаданская область,4,Ресурсный Север и Дальний Восток,4,1.0,0.3218,1,Малые города и районы со смешанной экономикой,1.0,False
1438,муниципальный округ Ягоднинский,Магаданская область,4,Ресурсный Север и Дальний Восток,4,1.0,0.4468,2,Индустриальные города и пригороды,1.0,False
1439,городской округ Балашиха,Московская область,3,Столичные агломерации,3,1.0,0.4006,2,Индустриальные города и пригороды,1.0,False
1440,городской округ Бронницы,Московская область,2,Индустриальные города и пригороды,2,1.0,0.4214,3,Столичные агломерации,1.0,False
1443,городской округ Дзержинский,Московская область,3,Столичные агломерации,3,1.0,0.2502,2,Индустриальные города и пригороды,1.0,False
1444,городской округ Долгопрудный,Московская область,3,Столичные агломерации,3,1.0,0.5147,2,Индустриальные города и пригороды,1.0,False
1445,городской округ Домодедово,Московская область,3,Столичные агломерации,3,1.0,0.0742,2,Индустриальные города и пригороды,0.9412,False
1446,городской округ Дубна,Московская область,3,Столичные агломерации,3,1.0,0.1229,2,Индустриальные города и пригороды,0.95,False
1447,городской округ Егорьевск,Московская область,2,Индустриальные города и пригороды,2,1.0,0.7556,3,Столичные агломерации,1.0,False
1448,городской округ Жуковский,Московская область,3,Столичные агломерации,3,1.0,0.5148,2,Индустриальные города и пригороды,1.0,False
1449,городской округ Зарайск,Московская область,2,Индустриальные города и пригороды,2,1.0,0.2086,1,Малые города и районы со смешанной экономикой,1.0,False
1453,городской округ Истра,Московская область,3,Столичные агломерации,3,1.0,0.2639,2,Индустриальные города и пригороды,1.0,False
1454,городской округ Кашира,Московская область,2,Индустриальные города и пригороды,2,1.0,0.6801,3,Столичные агломерации,1.0,False
1456,городской округ Королёв,Московская область,3,Столичные агломерации,3,1.0,0.4037,2,Индустриальные города и пригороды,1.0,False
1457,городской округ Котельники,Московская область,3,Столичные агломерации,3,1.0,0.3968,2,Индустриальные города и пригороды,1.0,False
1459,городской округ Красногорск,Московская область,3,Столичные агломерации,3,1.0,0.6748,2,Индустриальные города и пригороды,1.0,False
1461,городской округ Лобня,Московская область,3,Столичные агломерации,3,1.0,0.0358,2,Индустриальные города и пригороды,0.8333,False
1463,городской округ Луховицы,Московская область,2,Индустриальные города и пригороды,2,1.0,0.715,1,Малые города и районы со смешанной экономикой,1.0,False
1464,городской округ Лыткарино,Московская область,3,Столичные агломерации,3,0.8636,0.0523,2,Индустриальные города и пригороды,0.6111,True
1465,городской округ Люберцы,Московская область,3,Столичные агломерации,3,1.0,0.5004,2,Индустриальные города и пригороды,1.0,False
1467,городской округ Мытищи,Московская область,3,Столичные агломерации,3,1.0,0.4228,2,Индустриальные города и пригороды,1.0,False
1468,городской округ Наро-Фоминский,Московская область,3,Столичные агломерации,3,0.8182,0.0472,2,Индустриальные города и пригороды,0.6875,True
1472,городской округ Подольск,Московская область,3,Столичные агломерации,3,1.0,0.2387,2,Индустриальные города и пригороды,1.0,False
1473,городской округ Протвино,Московская область,2,Индустриальные города и пригороды,2,1.0,0.038,3,Столичные агломерации,0.8421,False
1474,городской округ Пущино,Московская область,1,Малые города и районы со смешанной экономикой,1,1.0,0.0953,3,Столичные агломерации,1.0,False
1475,городской округ Реутов,Московская область,3,Столичные агломерации,3,1.0,0.4604,2,Индустриальные города и пригороды,1.0,False
1477,городской округ Рузский,Московская область,2,Индустриальные города и пригороды,2,1.0,0.7124,3,Столичные агломерации,1.0,False
1478,городской округ Серебряные Пруды,Московская область,2,Индустриальные города и пригороды,2,1.0,0.1025,1,Малые города и районы со смешанной экономикой,1.0,False
1480,городской округ Ступино,Московская область,2,Индустриальные города и пригороды,2,1.0,0.2756,3,Столичные агломерации,1.0,False
1481,городской округ Фрязино,Московская область,2,Индустриальные города и пригороды,2,1.0,0.2676,3,Столичные агломерации,1.0,False
1483,городской округ Черноголовка,Московская область,3,Столичные агломерации,3,1.0,0.1138,2,Индустриальные города и пригороды,1.0,False
1484,городской округ Чехов,Московская область,2,Индустриальные города и пригороды,2,1.0,0.5344,3,Столичные агломерации,1.0,False
1486,городской округ Шаховская,Московская область,2,Индустриальные города и пригороды,2,1.0,0.4235,0,Малые сельские МО,1.0,False
1488,городской округ Электросталь,Московская область,2,Индустриальные города и пригороды,2,1.0,0.1068,3,Столичные агломерации,0.6429,True
1489,городской округ Волоколамский,Московская область,2,Индустриальные города и пригороды,2,1.0,0.4969,3,Столичные агломерации,1.0,False
1490,городской округ Воскресенск,Московская область,2,Индустриальные города и пригороды,2,1.0,0.2458,3,Столичные агломерации,1.0,False
1491,городской округ Дмитровский,Московская область,3,Столичные агломерации,2,0.5909,0.0506,2,Индустриальные города и пригороды,0.6111,True
1492,городской округ Клин,Московская область,2,Индустриальные города и пригороды,2,1.0,0.1865,3,Столичные агломерации,0.9412,False
1493,городской округ Ленинский,Московская область,3,Столичные агломерации,3,1.0,0.4392,2,Индустриальные города и пригороды,1.0,False
1494,городской округ Лотошино,Московская область,1,Малые города и районы со смешанной экономикой,1,1.0,0.1497,0,Малые сельские МО,1.0,False
1495,городской округ Можайский,Московская область,2,Индустриальные города и пригороды,2,1.0,0.6328,3,Столичные агломерации,1.0,False
1496,городской округ Богородский,Московская область,3,Столичные агломерации,3,1.0,0.0502,2,Индустриальные города и пригороды,0.6316,True
15,Улаганский муниципальный район,Республика Алтай,0,Малые сельские МО,0,1.0,0.1541,2,Индустриальные города и пригороды,0.875,False
1500,городской округ Раменский,Московская область,3,Столичные агломерации,3,1.0,0.2918,2,Индустриальные города и пригороды,1.0,False
1501,городской округ Сергиево-Посадский,Московская область,2,Индустриальные города и пригороды,2,1.0,0.2506,3,Столичные агломерации,1.0,False
1504,городской округ Талдомский,Московская область,2,Индустриальные города и пригороды,2,1.0,0.6158,1,Малые города и районы со смешанной экономикой,1.0,False
1506,городской округ город Мурманск,Мурманская область,2,Индустриальные города и пригороды,2,1.0,0.0554,3,Столичные агломерации,0.5385,True
1507,муниципальный округ город Апатиты,Мурманская область,2,Индустриальные города и пригороды,2,1.0,0.3725,1,Малые города и районы со смешанной экономикой,1.0,False
1508,муниципальный округ город Кировск,Мурманская область,2,Индустриальные города и пригороды,2,1.0,0.098,1,Малые города и районы со смешанной экономикой,0.8947,False
1509,муниципальный округ город Мончегорск,Мурманская область,1,Малые города и районы со смешанной экономикой,1,1.0,0.1061,2,Индустриальные города и пригороды,0.9333,False
1510,муниципальный округ город Оленегорск,Мурманская область,1,Малые города и районы со смешанной экономикой,1,1.0,0.1366,2,Индустриальные города и пригороды,1.0,False
1511,муниципальный округ город Полярные Зори,Мурманская область,2,Индустриальные города и пригороды,2,1.0,0.0946,1,Малые города и районы со смешанной экономикой,0.9444,False
1512,Ковдорский муниципальный округ,Мурманская область,1,Малые города и районы со смешанной экономикой,1,1.0,0.0583,2,Индустриальные города и пригороды,0.4667,True
1518,Кандалакшский муниципальный район,Мурманская область,2,Индустриальные города и пригороды,2,1.0,0.4341,1,Малые города и районы со смешанной экономикой,1.0,False
1519,Кольский муниципальный район,Мурманская область,1,Малые города и районы со смешанной экономикой,2,0.6364,0.0238,2,Индустриальные города и пригороды,0.5333,True
1520,Ловозерский муниципальный район,Мурманская область,1,Малые города и районы со смешанной экономикой,1,1.0,0.291,0,Малые сельские МО,1.0,False
1521,Печенгский муниципальный округ,Мурманская область,2,Индустриальные города и пригороды,2,1.0,0.0796,3,Столичные агломерации,0.8947,False
1522,Терский муниципальный район,Мурманская область,1,Малые города и районы со смешанной экономикой,1,1.0,0.0714,0,Малые сельские МО,0.8235,False
1523,городской округ город Нижний Новгород,Нижегородская область,3,Столичные агломерации,3,1.0,0.1296,2,Индустриальные города и пригороды,0.9444,False
1525,городской округ город Бор,Нижегородская область,2,Индустриальные города и пригороды,2,1.0,0.7431,3,Столичные агломерации,1.0,False
1526,городской округ город Выкса,Нижегородская область,2,Индустриальные города и пригороды,2,1.0,0.5372,3,Столичные агломерации,1.0,False
1527,городской округ город Дзержинск,Нижегородская область,2,Индустриальные города и пригороды,2,1.0,0.7338,3,Столичные агломерации,1.0,False
1528,городской округ город Кулебаки,Нижегородская область,2,Индустриальные города и пригороды,2,1.0,0.036,1,Малые города и районы со смешанной экономикой,0.8235,False
1529,городской округ Навашинский,Нижегородская область,1,Малые города и районы со смешанной экономикой,1,1.0,0.4215,0,Малые сельские МО,1.0,False
1530,городской округ Перевозский,Нижегородская область,0,Малые сельские МО,0,1.0,0.2637,1,Малые города и районы со смешанной экономикой,1.0,False
1532,городской округ Семеновский,Нижегородская область,2,Индустриальные города и пригороды,0,0.8636,0.158,0,Малые сельские МО,0.3846,True
1533,городской округ город Шахунья,Нижегородская область,1,Малые города и районы со смешанной экономикой,1,1.0,0.1073,0,Малые сельские МО,0.8667,False
1534,городской округ город Первомайск,Нижегородская область,1,Малые города и районы со смешанной экономикой,0,0.7273,0.0722,0,Малые сельские МО,0.8667,False
1535,городской округ Сокольский,Нижегородская область,0,Малые сельские МО,0,1.0,0.3645,1,Малые города и районы со смешанной экономикой,1.0,False
1536,городской округ город Чкаловск,Нижегородская область,1,Малые города и районы со смешанной экономикой,1,1.0,0.0499,0,Малые сельские МО,0.7059,True
1537,Ардатовский муниципальный округ,Нижегородская область,0,Малые сельские МО,0,1.0,0.1905,1,Малые города и районы со смешанной экономикой,1.0,False
1539,Балахнинский муниципальный округ,Нижегородская область,2,Индустриальные города и пригороды,2,1.0,0.5222,1,Малые города и районы со смешанной экономикой,1.0,False
1540,Богородский муниципальный округ,Нижегородская область,2,Индустриальные города и пригороды,2,1.0,0.7068,1,Малые города и районы со смешанной экономикой,1.0,False
1541,Большеболдинский муниципальный округ,Нижегородская область,0,Малые сельские МО,0,1.0,0.6273,1,Малые города и районы со смешанной экономикой,1.0,False
1542,Большемурашкинский муниципальный округ,Нижегородская область,0,Малые сельские МО,0,1.0,0.1973,1,Малые города и районы со смешанной экономикой,1.0,False
1543,Бутурлинский муниципальный округ,Нижегородская область,0,Малые сельские МО,0,1.0,0.5906,1,Малые города и районы со смешанной экономикой,1.0,False
1544,Вадский муниципальный округ,Нижегородская область,1,Малые города и районы со смешанной экономикой,1,1.0,0.084,0,Малые сельские МО,0.6471,True
1545,Варнавинский муниципальный округ,Нижегородская область,0,Малые сельские МО,0,1.0,0.6317,1,Малые города и районы со смешанной экономикой,1.0,False
1546,Вачский муниципальный округ,Нижегородская область,0,Малые сельские МО,0,1.0,0.286,1,Малые города и районы со смешанной экономикой,1.0,False
1547,Ветлужский муниципальный округ,Нижегородская область,0,Малые сельские МО,0,1.0,0.6303,1,Малые города и районы со смешанной экономикой,1.0,False
1548,Вознесенский муниципальный округ,Нижегородская область,0,Малые сельские МО,0,1.0,0.6498,1,Малые города и районы со смешанной экономикой,1.0,False
1549,Володарский муниципальный округ,Нижегородская область,1,Малые города и районы со смешанной экономикой,1,1.0,0.4332,0,Малые сельские МО,1.0,False
1550,городской округ Воротынский,Нижегородская область,0,Малые сельские МО,0,0.5,0.1144,1,Малые города и районы со смешанной экономикой,0.4375,True
1551,Воскресенский муниципальный округ,Нижегородская область,0,Малые сельские МО,0,1.0,0.6101,1,Малые города и районы со смешанной экономикой,1.0,False
1552,Гагинский муниципальный округ,Нижегородская область,0,Малые сельские МО,0,1.0,0.4729,1,Малые города и районы со смешанной экономикой,1.0,False
1553,Городецкий муниципальный округ,Нижегородская область,2,Индустриальные города и пригороды,2,1.0,0.6225,1,Малые города и районы со смешанной экономикой,1.0,False
1554,Дальнеконстантиновский муниципальный округ,Нижегородская область,0,Малые сельские МО,0,1.0,0.4948,1,Малые города и районы со смешанной экономикой,1.0,False
1555,Дивеевский муниципальный округ,Нижегородская область,0,Малые сельские МО,0,1.0,0.4827,1,Малые города и районы со смешанной экономикой,1.0,False
1556,Княгининский муниципальный округ,Нижегородская область,1,Малые города и районы со смешанной экономикой,1,1.0,0.1053,0,Малые сельские МО,0.8125,False
1557,Ковернинский муниципальный округ,Нижегородская область,1,Малые города и районы со смешанной экономикой,1,1.0,0.1104,0,Малые сельские МО,0.8824,False
1558,Краснобаковский муниципальный округ,Нижегородская область,0,Малые сельские МО,0,1.0,0.4488,1,Малые города и районы со смешанной экономикой,1.0,False
1559,Краснооктябрьский муниципальный округ,Нижегородская область,0,Малые сельские МО,0,1.0,0.5276,1,Малые города и районы со смешанной экономикой,1.0,False
1560,Кстовский муниципальный округ,Нижегородская область,2,Индустриальные города и пригороды,2,1.0,0.5268,3,Столичные агломерации,1.0,False
1561,Лукояновский муниципальный округ,Нижегородская область,0,Малые сельские МО,0,1.0,0.6281,1,Малые города и районы со смешанной экономикой,1.0,False
1562,Лысковский муниципальный округ,Нижегородская область,2,Индустриальные города и пригороды,2,1.0,0.1971,1,Малые города и районы со смешанной экономикой,1.0,False
1563,Павловский муниципальный округ,Нижегородская область,2,Индустриальные города и пригороды,2,1.0,0.6069,1,Малые города и районы со смешанной экономикой,1.0,False
1564,Пильнинский муниципальный округ,Нижегородская область,0,Малые сельские МО,0,1.0,0.4112,1,Малые города и районы со смешанной экономикой,1.0,False
1565,Починковский муниципальный округ,Нижегородская область,1,Малые города и районы со смешанной экономикой,1,1.0,0.1258,0,Малые сельские МО,1.0,False
1566,Сергачский муниципальный округ,Нижегородская область,1,Малые города и районы со смешанной экономикой,1,1.0,0.1682,0,Малые сельские МО,1.0,False
1567,Сеченовский муниципальный округ,Нижегородская область,0,Малые сельские МО,0,1.0,0.5409,1,Малые города и районы со смешанной экономикой,1.0,False
1568,Сосновский муниципальный округ,Нижегородская область,0,Малые сельские МО,0,1.0,0.2136,1,Малые города и районы со смешанной экономикой,1.0,False
1569,Спасский муниципальный округ,Нижегородская область,0,Малые сельские МО,0,1.0,0.4907,1,Малые города и районы со смешанной экономикой,1.0,False
1570,Тонкинский муниципальный округ,Нижегородская область,0,Малые сельские МО,0,1.0,0.6457,1,Малые города и районы со смешанной экономикой,1.0,False
1571,Тоншаевский муниципальный округ,Нижегородская область,0,Малые сельские МО,0,1.0,0.4997,1,Малые города и районы со смешанной экономикой,1.0,False
1572,Уренский муниципальный округ,Нижегородская область,0,Малые сельские МО,0,1.0,0.1901,2,Индустриальные города и пригороды,1.0,False
1573,Шарангский муниципальный округ,Нижегородская область,0,Малые сельские МО,0,1.0,0.5903,1,Малые города и районы со смешанной экономикой,1.0,False
1574,Шатковский муниципальный округ,Нижегородская область,0,Малые сельские МО,0,1.0,0.2169,1,Малые города и районы со смешанной экономикой,1.0,False
1575,городской округ Великий Новгород,Новгородская область,2,Индустриальные города и пригороды,2,1.0,0.4497,3,Столичные агломерации,1.0,False
1577,Боровичский муниципальный район,Новгородская область,2,Индустриальные города и пригороды,2,1.0,0.5028,1,Малые города и районы со смешанной экономикой,1.0,False
1578,Валдайский муниципальный район,Новгородская область,1,Малые города и районы со смешанной экономикой,1,1.0,0.2506,2,Индустриальные города и пригороды,1.0,False
1579,муниципальный округ Волотовский,Новгородская область,0,Малые сельские МО,0,1.0,0.2893,1,Малые города и районы со смешанной экономикой,1.0,False
1580,Демянский муниципальный район,Новгородская область,0,Малые сельские МО,0,1.0,0.5958,1,Малые города и районы со смешанной экономикой,1.0,False
1581,Крестецкий муниципальный район,Новгородская область,1,Малые города и районы со смешанной экономикой,1,1.0,0.313,0,Малые сельские МО,1.0,False
1582,Любытинский муниципальный район,Новгородская область,0,Малые сельские МО,0,1.0,0.4605,1,Малые города и районы со смешанной экономикой,1.0,False
1583,Маловишерский муниципальный район,Новгородская область,1,Малые города и районы со смешанной экономикой,1,1.0,0.3537,0,Малые сельские МО,1.0,False
1584,муниципальный округ Марёвский,Новгородская область,0,Малые сельские МО,0,1.0,0.4449,1,Малые города и районы со смешанной экономикой,1.0,False
1585,Мошенской муниципальный район,Новгородская область,0,Малые сельские МО,0,1.0,0.4615,1,Малые города и районы со смешанной экономикой,1.0,False
1586,Новгородский муниципальный район,Новгородская область,2,Индустриальные города и пригороды,2,1.0,0.3674,3,Столичные агломерации,1.0,False
1587,Окуловский муниципальный район,Новгородская область,1,Малые города и районы со смешанной экономикой,1,1.0,0.2488,0,Малые сельские МО,1.0,False
1588,Парфинский муниципальный район,Новгородская область,1,Малые города и районы со смешанной экономикой,1,1.0,0.3175,0,Малые сельские МО,1.0,False
1589,Пестовский муниципальный район,Новгородская область,0,Малые сельские МО,0,1.0,0.0445,1,Малые города и районы со смешанной экономикой,0.9412,False
1590,Поддорский муниципальный район,Новгородская область,0,Малые сельские МО,0,1.0,0.4994,1,Малые города и районы со смешанной экономикой,1.0,False
1591,муниципальный округ Солецкий,Новгородская область,0,Малые сельские МО,0,1.0,0.485,1,Малые города и районы со смешанной экономикой,1.0,False
1592,Старорусский муниципальный район,Новгородская область,1,Малые города и районы со смешанной экономикой,1,1.0,0.1764,2,Индустриальные города и пригороды,1.0,False
1593,муниципальный округ Хвойнинский,Новгородская область,1,Малые города и районы со смешанной экономикой,1,1.0,0.235,0,Малые сельские МО,1.0,False
1594,Холмский муниципальный район,Новгородская область,0,Малые сельские МО,0,1.0,0.4785,1,Малые города и районы со смешанной экономикой,1.0,False
1595,Чудовский муниципальный район,Новгородская область,1,Малые города и районы со смешанной экономикой,1,1.0,0.1721,2,Индустриальные города и пригороды,1.0,False
1596,Шимский муниципальный район,Новгородская область,1,Малые города и районы со смешанной экономикой,0,0.6818,0.142,0,Малые сельские МО,0.7222,True
1597,городской округ город Новосибирск,Новосибирская область,3,Столичные агломерации,3,1.0,0.2307,2,Индустриальные города и пригороды,1.0,False
1598,городской округ город Бердск,Новосибирская область,2,Индустриальные города и пригороды,2,1.0,0.8359,3,Столичные агломерации,1.0,False
1599,городской округ город Искитим,Новосибирская область,2,Индустриальные города и пригороды,2,1.0,0.6186,3,Столичные агломерации,1.0,False
16,Усть-Канский муниципальный район,Республика Алтай,0,Малые сельские МО,0,1.0,0.1992,2,Индустриальные города и пригороды,0.9375,False
1600,городской округ город Обь,Новосибирская область,2,Индустриальные города и пригороды,2,1.0,0.2294,3,Столичные агломерации,1.0,False
1601,городской округ рабочий поселок Кольцово,Новосибирская область,2,Индустриальные города и пригороды,2,1.0,0.2025,3,Столичные агломерации,1.0,False
1602,Баганский муниципальный район,Новосибирская область,0,Малые сельские МО,0,1.0,0.4906,1,Малые города и районы со смешанной экономикой,1.0,False
1603,Барабинский муниципальный район,Новосибирская область,2,Индустриальные города и пригороды,2,1.0,0.2475,1,Малые города и районы со смешанной экономикой,1.0,False
1604,Болотнинский муниципальный район,Новосибирская область,2,Индустриальные города и пригороды,2,1.0,0.1984,0,Малые сельские МО,1.0,False
1605,Венгеровский муниципальный район,Новосибирская область,0,Малые сельские МО,0,1.0,0.6775,1,Малые города и районы со смешанной экономикой,1.0,False
1606,Доволенский муниципальный район,Новосибирская область,0,Малые сельские МО,0,1.0,0.5645,1,Малые города и районы со смешанной экономикой,1.0,False
1607,Здвинский муниципальный район,Новосибирская область,0,Малые сельские МО,0,1.0,0.5968,1,Малые города и районы со смешанной экономикой,1.0,False
1608,Искитимский муниципальный район,Новосибирская область,1,Малые города и районы со смешанной экономикой,1,1.0,0.1068,2,Индустриальные города и пригороды,0.8421,False
1609,Карасукский муниципальный район,Новосибирская область,2,Индустриальные города и пригороды,2,1.0,0.111,0,Малые сельские МО,1.0,False
1610,Каргатский муниципальный район,Новосибирская область,0,Малые сельские МО,0,1.0,0.1969,1,Малые города и районы со смешанной экономикой,1.0,False
1611,Колыванский муниципальный район,Новосибирская область,0,Малые сельские МО,0,1.0,0.4342,1,Малые города и районы со смешанной экономикой,1.0,False
1612,Коченевский муниципальный район,Новосибирская область,1,Малые города и районы со смешанной экономикой,1,1.0,0.0616,2,Индустриальные города и пригороды,0.5263,True
1613,Кочковский муниципальный район,Новосибирская область,0,Малые сельские МО,0,1.0,0.5095,1,Малые города и районы со смешанной экономикой,1.0,False
1614,Краснозерский муниципальный район,Новосибирская область,0,Малые сельские МО,0,1.0,0.5918,1,Малые города и районы со смешанной экономикой,1.0,False
1615,Куйбышевский муниципальный район,Новосибирская область,2,Индустриальные города и пригороды,2,1.0,0.6841,1,Малые города и районы со смешанной экономикой,1.0,False
1616,Купинский муниципальный район,Новосибирская область,0,Малые сельские МО,0,1.0,0.2306,2,Индустриальные города и пригороды,1.0,False
1617,Кыштовский муниципальный район,Новосибирская область,0,Малые сельские МО,0,1.0,0.5945,1,Малые города и районы со смешанной экономикой,1.0,False
1618,Маслянинский муниципальный район,Новосибирская область,1,Малые города и районы со смешанной экономикой,0,0.8182,0.0745,0,Малые сельские МО,0.0714,True
1619,Мошковский муниципальный район,Новосибирская область,2,Индустриальные города и пригороды,1,0.7273,0.0526,1,Малые города и районы со смешанной экономикой,0.6667,True
1620,Новосибирский муниципальный район,Новосибирская область,3,Столичные агломерации,3,1.0,0.0835,2,Индустриальные города и пригороды,0.8824,False
1621,Ордынский муниципальный район,Новосибирская область,0,Малые сельские МО,0,1.0,0.4237,1,Малые города и районы со смешанной экономикой,1.0,False
1622,Северный муниципальный район,Новосибирская область,0,Малые сельские МО,0,1.0,0.301,1,Малые города и районы со смешанной экономикой,1.0,False
1623,Сузунский муниципальный район,Новосибирская область,2,Индустриальные города и пригороды,2,1.0,0.1134,0,Малые сельские МО,1.0,False
1624,Татарский муниципальный район,Новосибирская область,1,Малые города и районы со смешанной экономикой,1,1.0,0.3405,0,Малые сельские МО,1.0,False
1625,Тогучинский муниципальный район,Новосибирская область,2,Индустриальные города и пригороды,2,0.7727,0.0649,0,Малые сельские МО,0.9333,False
1626,Убинский муниципальный район,Новосибирская область,0,Малые сельские МО,0,1.0,0.5142,1,Малые города и районы со смешанной экономикой,1.0,False
1627,Усть-Таркский муниципальный район,Новосибирская область,0,Малые сельские МО,0,1.0,0.3677,1,Малые города и районы со смешанной экономикой,1.0,False
1628,Чановский муниципальный район,Новосибирская область,0,Малые сельские МО,0,1.0,0.5607,1,Малые города и районы со смешанной экономикой,1.0,False
1629,Черепановский муниципальный район,Новосибирская область,2,Индустриальные города и пригороды,2,1.0,0.1146,1,Малые города и районы со смешанной экономикой,1.0,False
1630,Чистоозерный муниципальный район,Новосибирская область,0,Малые сельские МО,0,1.0,0.5968,1,Малые города и районы со смешанной экономикой,1.0,False
1631,Чулымский муниципальный район,Новосибирская область,1,Малые города и районы со смешанной экономикой,1,1.0,0.1978,0,Малые сельские МО,1.0,False
1632,городской округ город Омск,Омская область,2,Индустриальные города и пригороды,2,1.0,0.0312,3,Столичные агломерации,0.375,True
1633,Азовский немецкий национальный муниципальный район,Омская область,1,Малые города и районы со смешанной экономикой,1,1.0,0.2678,0,Малые сельские МО,1.0,False
1634,Большереченский муниципальный район,Омская область,0,Малые сельские МО,0,1.0,0.1598,1,Малые города и районы со смешанной экономикой,1.0,False
1635,Большеуковский муниципальный район,Омская область,0,Малые сельские МО,0,1.0,0.3452,1,Малые города и районы со смешанной экономикой,1.0,False
1636,Горьковский муниципальный район,Омская область,1,Малые города и районы со смешанной экономикой,1,1.0,0.0441,0,Малые сельские МО,0.5625,True
1637,Знаменский муниципальный район,Омская область,0,Малые сельские МО,0,1.0,0.6071,1,Малые города и районы со смешанной экономикой,1.0,False
1638,Исилькульский муниципальный район,Омская область,1,Малые города и районы со смешанной экономикой,1,1.0,0.263,0,Малые сельские МО,0.8824,False
1639,Калачинский муниципальный район,Омская область,1,Малые города и районы со смешанной экономикой,1,1.0,0.4711,0,Малые сельские МО,1.0,False
1640,Колосовский муниципальный район,Омская область,0,Малые сельские МО,0,1.0,0.367,1,Малые города и районы со смешанной экономикой,1.0,False
1641,Кормиловский муниципальный район,Омская область,1,Малые города и районы со смешанной экономикой,1,1.0,0.2827,0,Малые сельские МО,1.0,False
1642,Крутинский муниципальный район,Омская область,0,Малые сельские МО,0,1.0,0.1396,1,Малые города и районы со смешанной экономикой,0.8462,False
1643,Любинский муниципальный район,Омская область,1,Малые города и районы со смешанной экономикой,1,1.0,0.4762,0,Малые сельские МО,1.0,False
1644,Марьяновский муниципальный район,Омская область,1,Малые города и районы со смешанной экономикой,1,1.0,0.2246,0,Малые сельские МО,0.9167,False
1645,Москаленский муниципальный район,Омская область,1,Малые города и районы со смешанной экономикой,1,1.0,0.0809,0,Малые сельские МО,0.8125,False
1646,Муромцевский муниципальный район,Омская область,0,Малые сельские МО,0,1.0,0.2909,1,Малые города и районы со смешанной экономикой,1.0,False
1647,Называевский муниципальный район,Омская область,0,Малые сельские МО,0,1.0,0.3565,1,Малые города и районы со смешанной экономикой,1.0,False
1648,Нижнеомский муниципальный район,Омская область,0,Малые сельские МО,0,1.0,0.2166,1,Малые города и районы со смешанной экономикой,1.0,False
1649,Нововаршавский муниципальный район,Омская область,1,Малые города и районы со смешанной экономикой,1,1.0,0.3316,0,Малые сельские МО,1.0,False
1650,Одесский муниципальный район,Омская область,1,Малые города и районы со смешанной экономикой,1,1.0,0.1236,0,Малые сельские МО,0.8824,False
1651,Оконешниковский муниципальный район,Омская область,0,Малые сельские МО,0,1.0,0.3519,1,Малые города и районы со смешанной экономикой,1.0,False
1652,Омский муниципальный район,Омская область,2,Индустриальные города и пригороды,2,1.0,0.4967,1,Малые города и районы со смешанной экономикой,1.0,False
1653,Павлоградский муниципальный район,Омская область,1,Малые города и районы со смешанной экономикой,1,1.0,0.1506,0,Малые сельские МО,0.8333,False
1654,Полтавский муниципальный район,Омская область,0,Малые сельские МО,0,1.0,0.3089,1,Малые города и районы со смешанной экономикой,1.0,False
1655,Русско-Полянский муниципальный район,Омская область,0,Малые сельские МО,0,1.0,0.2581,1,Малые города и районы со смешанной экономикой,1.0,False
1656,Саргатский муниципальный район,Омская область,0,Малые сельские МО,0,1.0,0.2708,1,Малые города и районы со смешанной экономикой,1.0,False
1657,Седельниковский муниципальный район,Омская область,0,Малые сельские МО,0,1.0,0.5004,1,Малые города и районы со смешанной экономикой,1.0,False
1658,Таврический муниципальный район,Омская область,1,Малые города и районы со смешанной экономикой,1,1.0,0.1856,0,Малые сельские МО,0.9286,False
1659,Тарский муниципальный район,Омская область,1,Малые города и районы со смешанной экономикой,1,1.0,0.1477,0,Малые сельские МО,0.8824,False
1660,Тевризский муниципальный район,Омская область,0,Малые сельские МО,0,1.0,0.5828,1,Малые города и районы со смешанной экономикой,1.0,False
1661,Тюкалинский муниципальный район,Омская область,0,Малые сельские МО,0,1.0,0.1494,1,Малые города и районы со смешанной экономикой,0.6667,True
1662,Усть-Ишимский муниципальный район,Омская область,0,Малые сельские МО,0,0.6364,0.2044,1,Малые города и районы со смешанной экономикой,1.0,False
1663,Черлакский муниципальный район,Омская область,0,Малые сельские МО,0,1.0,0.1522,1,Малые города и районы со смешанной экономикой,0.9375,False
1664,Шербакульский муниципальный район,Омская область,0,Малые сельские МО,0,1.0,0.3634,1,Малые города и районы со смешанной экономикой,1.0,False
1665,городской округ город Оренбург,Оренбургская область,2,Индустриальные города и пригороды,2,1.0,0.3165,3,Столичные агломерации,0.8235,False
1666,городской округ Абдулинский,Оренбургская область,1,Малые города и районы со смешанной экономикой,1,1.0,0.2166,0,Малые сельские МО,1.0,False
1667,городской округ город Бугуруслан,Оренбургская область,2,Индустриальные города и пригороды,2,1.0,0.5964,1,Малые города и районы со смешанной экономикой,1.0,False
1668,городской округ город Бузулук,Оренбургская область,2,Индустриальные города и пригороды,2,1.0,0.1593,1,Малые города и районы со смешанной экономикой,0.8571,False
1669,городской округ Гайский,Оренбургская область,1,Малые города и районы со смешанной экономикой,1,1.0,0.4325,2,Индустриальные города и пригороды,1.0,False
167,городской округ Нальчик,Кабардино-Балкарская Республика,2,Индустриальные города и пригороды,2,1.0,0.4351,3,Столичные агломерации,1.0,False
1670,городской округ Кувандыкский,Оренбургская область,1,Малые города и районы со смешанной экономикой,1,1.0,0.3695,0,Малые сельские МО,1.0,False
1671,городской округ город Медногорск,Оренбургская область,1,Малые города и районы со смешанной экономикой,1,1.0,0.083,2,Индустриальные города и пригороды,0.9333,False
1672,городской округ город Новотроицк,Оренбургская область,2,Индустриальные города и пригороды,2,1.0,0.5009,1,Малые города и районы со смешанной экономикой,1.0,False
1673,городской округ город Орск,Оренбургская область,2,Индустриальные города и пригороды,2,1.0,0.7145,1,Малые города и районы со смешанной экономикой,1.0,False
1674,городской округ Соль-Илецкий,Оренбургская область,2,Индустриальные города и пригороды,2,0.7273,0.0699,1,Малые города и районы со смешанной экономикой,0.6875,True
1675,городской округ Сорочинский,Оренбургская область,2,Индустриальные города и пригороды,2,1.0,0.0827,1,Малые города и районы со смешанной экономикой,0.9412,False
1676,городской округ Ясненский,Оренбургская область,1,Малые города и районы со смешанной экономикой,1,1.0,0.4441,0,Малые сельские МО,1.0,False
1678,Адамовский муниципальный район,Оренбургская область,0,Малые сельские МО,0,1.0,0.416,1,Малые города и районы со смешанной экономикой,1.0,False
1679,Акбулакский муниципальный район,Оренбургская область,0,Малые сельские МО,0,0.6818,0.1172,1,Малые города и районы со смешанной экономикой,1.0,False
168,городской округ Баксан,Кабардино-Балкарская Республика,0,Малые сельские МО,0,1.0,0.1673,2,Индустриальные города и пригороды,1.0,False
1680,Александровский муниципальный район,Оренбургская область,0,Малые сельские МО,0,1.0,0.5429,1,Малые города и районы со смешанной экономикой,1.0,False
1681,Асекеевский муниципальный район,Оренбургская область,0,Малые сельские МО,0,1.0,0.4336,1,Малые города и районы со смешанной экономикой,1.0,False
1682,Беляевский муниципальный район,Оренбургская область,1,Малые города и районы со смешанной экономикой,1,1.0,0.3241,0,Малые сельские МО,1.0,False
1683,Бугурусланский муниципальный район,Оренбургская область,1,Малые города и районы со смешанной экономикой,1,1.0,0.1371,0,Малые сельские МО,1.0,False
1685,Грачёвский муниципальный район,Оренбургская область,0,Малые сельские МО,0,1.0,0.196,1,Малые города и районы со смешанной экономикой,1.0,False
1686,Домбаровский муниципальный район,Оренбургская область,1,Малые города и районы со смешанной экономикой,1,1.0,0.3614,0,Малые сельские МО,1.0,False
1687,Илекский муниципальный район,Оренбургская область,0,Малые сельские МО,1,0.7727,0.1047,1,Малые города и районы со смешанной экономикой,0.5,True
1688,Кваркенский муниципальный район,Оренбургская область,0,Малые сельские МО,0,0.6818,0.1085,1,Малые города и районы со смешанной экономикой,0.6667,True
1689,Красногвардейский муниципальный район,Оренбургская область,0,Малые сельские МО,0,1.0,0.7038,1,Малые города и районы со смешанной экономикой,1.0,False
169,городской округ Прохладный,Кабардино-Балкарская Республика,2,Индустриальные города и пригороды,2,1.0,0.1743,1,Малые города и районы со смешанной экономикой,1.0,False
1690,Курманаевский муниципальный район,Оренбургская область,0,Малые сельские МО,0,0.5909,0.0849,1,Малые города и районы со смешанной экономикой,0.7222,True
1691,Матвеевский муниципальный район,Оренбургская область,0,Малые сельские МО,0,1.0,0.4292,1,Малые города и районы со смешанной экономикой,1.0,False
1692,Новоорский муниципальный район,Оренбургская область,1,Малые города и районы со смешанной экономикой,1,1.0,0.4933,0,Малые сельские МО,1.0,False
1693,Новосергиевский муниципальный район,Оренбургская область,1,Малые города и районы со смешанной экономикой,1,1.0,0.3568,0,Малые сельские МО,1.0,False
1694,Октябрьский муниципальный район,Оренбургская область,1,Малые города и районы со смешанной экономикой,1,1.0,0.4322,0,Малые сельские МО,1.0,False
1696,Первомайский муниципальный район,Оренбургская область,0,Малые сельские МО,0,1.0,0.1918,1,Малые города и районы со смешанной экономикой,1.0,False
1697,Переволоцкий муниципальный район,Оренбургская область,1,Малые города и районы со смешанной экономикой,1,1.0,0.1387,0,Малые сельские МО,0.8889,False
1698,Пономарёвский муниципальный район,Оренбургская область,0,Малые сельские МО,0,1.0,0.3205,1,Малые города и районы со смешанной экономикой,1.0,False
1699,Сакмарский муниципальный район,Оренбургская область,1,Малые города и районы со смешанной экономикой,1,1.0,0.2642,0,Малые сельские МО,1.0,False
17,Усть-Коксинский муниципальный район,Республика Алтай,0,Малые сельские МО,0,1.0,0.1384,2,Индустриальные города и пригороды,0.8333,False
1700,Саракташский муниципальный район,Оренбургская область,1,Малые города и районы со смешанной экономикой,1,1.0,0.4107,0,Малые сельские МО,1.0,False
1701,Светлинский муниципальный район,Оренбургская область,0,Малые сельские МО,1,0.7273,0.0808,1,Малые города и районы со смешанной экономикой,0.6667,True
1702,Северный муниципальный район,Оренбургская область,1,Малые города и районы со смешанной экономикой,1,1.0,0.282,0,Малые сельские МО,0.9333,False
1703,Ташлинский муниципальный район,Оренбургская область,1,Малые города и районы со смешанной экономикой,1,1.0,0.1687,0,Малые сельские МО,1.0,False
1704,Тоцкий муниципальный район,Оренбургская область,2,Индустриальные города и пригороды,2,1.0,0.2865,1,Малые города и районы со смешанной экономикой,1.0,False
1705,Тюльганский муниципальный район,Оренбургская область,0,Малые сельские МО,1,0.6364,0.0704,1,Малые города и районы со смешанной экономикой,0.4444,True
1706,Шарлыкский муниципальный район,Оренбургская область,1,Малые города и районы со смешанной экономикой,1,1.0,0.065,0,Малые сельские МО,0.6923,True
1707,городской округ город Орёл,Орловская область,2,Индустриальные города и пригороды,2,1.0,0.362,3,Столичные агломерации,1.0,False
1708,городской округ город Ливны,Орловская область,2,Индустриальные города и пригороды,2,1.0,0.0823,1,Малые города и районы со смешанной экономикой,1.0,False
1709,городской округ город Мценск,Орловская область,2,Индустриальные города и пригороды,2,1.0,0.2767,1,Малые города и районы со смешанной экономикой,1.0,False
1710,Болховский муниципальный район,Орловская область,1,Малые города и районы со смешанной экономикой,1,1.0,0.1622,0,Малые сельские МО,0.8,False
1711,Верховский муниципальный район,Орловская область,1,Малые города и районы со смешанной экономикой,1,1.0,0.3198,0,Малые сельские МО,1.0,False
1712,Глазуновский муниципальный район,Орловская область,1,Малые города и районы со смешанной экономикой,1,1.0,0.1339,0,Малые сельские МО,0.9286,False
1714,Должанский муниципальный район,Орловская область,0,Малые сельские МО,0,1.0,0.1401,1,Малые города и районы со смешанной экономикой,1.0,False
1715,Залегощенский муниципальный район,Орловская область,0,Малые сельские МО,1,0.7273,0.0767,1,Малые города и районы со смешанной экономикой,0.4545,True
1717,Колпнянский муниципальный район,Орловская область,0,Малые сельские МО,0,0.5455,0.1175,1,Малые города и районы со смешанной экономикой,1.0,False
1718,Краснозоренский муниципальный район,Орловская область,0,Малые сельские МО,0,1.0,0.3227,1,Малые города и районы со смешанной экономикой,1.0,False
1719,Кромской муниципальный район,Орловская область,1,Малые города и районы со смешанной экономикой,1,1.0,0.3423,0,Малые сельские МО,1.0,False
1722,Малоархангельский муниципальный район,Орловская область,0,Малые сельские МО,0,1.0,0.1794,1,Малые города и районы со смешанной экономикой,1.0,False
1724,Новодеревеньковский муниципальный район,Орловская область,0,Малые сельские МО,0,1.0,0.1884,1,Малые города и районы со смешанной экономикой,1.0,False
1725,Новосильский муниципальный район,Орловская область,0,Малые сельские МО,0,1.0,0.348,1,Малые города и районы со смешанной экономикой,1.0,False
1726,муниципальный округ Орловский,Орловская область,2,Индустриальные города и пригороды,2,1.0,0.6554,3,Столичные агломерации,1.0,False
1727,Покровский муниципальный район,Орловская область,0,Малые сельские МО,0,1.0,0.0522,1,Малые города и районы со смешанной экономикой,0.8235,False
1728,Свердловский муниципальный район,Орловская область,1,Малые города и районы со смешанной экономикой,1,1.0,0.3235,0,Малые сельские МО,1.0,False
173,Майский муниципальный район,Кабардино-Балкарская Республика,0,Малые сельские МО,0,1.0,0.3363,1,Малые города и районы со смешанной экономикой,1.0,False
1730,Троснянский муниципальный район,Орловская область,1,Малые города и районы со смешанной экономикой,1,1.0,0.1154,0,Малые сельские МО,0.9333,False
1731,Урицкий муниципальный район,Орловская область,1,Малые города и районы со смешанной экономикой,1,1.0,0.3758,0,Малые сельские МО,1.0,False
1732,Хотынецкий муниципальный район,Орловская область,0,Малые сельские МО,0,1.0,0.1933,1,Малые города и районы со смешанной экономикой,1.0,False
1733,Шаблыкинский муниципальный район,Орловская область,1,Малые города и районы со смешанной экономикой,1,1.0,0.1243,0,Малые сельские МО,0.9286,False
1737,Башмаковский муниципальный район,Пензенская область,1,Малые города и районы со смешанной экономикой,1,1.0,0.0869,0,Малые сельские МО,0.8667,False
1738,Бековский муниципальный район,Пензенская область,1,Малые города и районы со смешанной экономикой,1,1.0,0.0599,0,Малые сельские МО,0.5556,True
1739,Белинский муниципальный район,Пензенская область,0,Малые сельские МО,0,1.0,0.2237,1,Малые города и районы со смешанной экономикой,1.0,False
1740,Бессоновский муниципальный район,Пензенская область,2,Индустриальные города и пригороды,2,1.0,0.2797,1,Малые города и районы со смешанной экономикой,1.0,False
1741,Вадинский муниципальный район,Пензенская область,0,Малые сельские МО,0,1.0,0.5496,1,Малые города и районы со смешанной экономикой,1.0,False
1742,Городищенский муниципальный район,Пензенская область,1,Малые города и районы со смешанной экономикой,1,1.0,0.1117,0,Малые сельские МО,0.8235,False
1743,Земетчинский муниципальный район,Пензенская область,0,Малые сельские МО,0,1.0,0.2162,1,Малые города и районы со смешанной экономикой,1.0,False
1744,Иссинский муниципальный район,Пензенская область,0,Малые сельские МО,0,1.0,0.2477,1,Малые города и районы со смешанной экономикой,1.0,False
1745,Каменский муниципальный район,Пензенская область,1,Малые города и районы со смешанной экономикой,1,1.0,0.1665,0,Малые сельские МО,0.9444,False
1746,Камешкирский муниципальный район,Пензенская область,0,Малые сельские МО,0,1.0,0.4543,1,Малые города и районы со смешанной экономикой,1.0,False
1747,Колышлейский муниципальный район,Пензенская область,0,Малые сельские МО,0,1.0,0.1762,1,Малые города и районы со смешанной экономикой,1.0,False
1749,Лопатинский муниципальный район,Пензенская область,0,Малые сельские МО,0,1.0,0.3919,1,Малые города и районы со смешанной экономикой,1.0,False
1750,Лунинский муниципальный район,Пензенская область,0,Малые сельские МО,0,1.0,0.2347,1,Малые города и районы со смешанной экономикой,1.0,False
1751,Малосердобинский муниципальный район,Пензенская область,0,Малые сельские МО,0,1.0,0.5402,1,Малые города и районы со смешанной экономикой,1.0,False
1752,Мокшанский муниципальный район,Пензенская область,1,Малые города и районы со смешанной экономикой,1,1.0,0.2797,0,Малые сельские МО,1.0,False
1753,Наровчатский муниципальный район,Пензенская область,0,Малые сельские МО,0,1.0,0.2003,1,Малые города и районы со смешанной экономикой,1.0,False
1754,Неверкинский муниципальный район,Пензенская область,0,Малые сельские МО,0,1.0,0.3469,1,Малые города и районы со смешанной экономикой,1.0,False
1755,Нижнеломовский муниципальный район,Пензенская область,1,Малые города и районы со смешанной экономикой,1,1.0,0.2363,0,Малые сельские МО,1.0,False
1756,Никольский муниципальный район,Пензенская область,1,Малые города и районы со смешанной экономикой,1,1.0,0.1489,0,Малые сельские МО,0.8,False
1757,Пачелмский муниципальный район,Пензенская область,0,Малые сельские МО,0,1.0,0.2575,1,Малые города и районы со смешанной экономикой,1.0,False
1758,Пензенский муниципальный район,Пензенская область,2,Индустриальные города и пригороды,2,1.0,0.6533,3,Столичные агломерации,1.0,False
1759,Сердобский муниципальный район,Пензенская область,1,Малые города и районы со смешанной экономикой,1,1.0,0.3413,0,Малые сельские МО,1.0,False
1760,Сосновоборский муниципальный район,Пензенская область,0,Малые сельские МО,0,1.0,0.3649,1,Малые города и районы со смешанной экономикой,1.0,False
1761,Спасский муниципальный район,Пензенская область,0,Малые сельские МО,0,1.0,0.5231,1,Малые города и районы со смешанной экономикой,1.0,False
1762,Тамалинский муниципальный район,Пензенская область,0,Малые сельские МО,0,1.0,0.1784,1,Малые города и районы со смешанной экономикой,1.0,False
1764,городской округ город Псков,Псковская область,2,Индустриальные города и пригороды,2,1.0,0.5881,3,Столичные агломерации,1.0,False
1765,городской округ город Великие Луки,Псковская область,2,Индустриальные города и пригороды,2,1.0,0.5816,1,Малые города и районы со смешанной экономикой,1.0,False
1766,Бежаницкий муниципальный район,Псковская область,1,Малые города и районы со смешанной экономикой,1,1.0,0.1864,0,Малые сельские МО,1.0,False
1768,Гдовский муниципальный район,Псковская область,1,Малые города и районы со смешанной экономикой,1,0.8182,0.0943,0,Малые сельские МО,0.9474,False
1769,Дедовичский муниципальный район,Псковская область,1,Малые города и районы со смешанной экономикой,1,1.0,0.232,0,Малые сельские МО,0.8889,False
1770,Дновский муниципальный район,Псковская область,1,Малые города и районы со смешанной экономикой,1,1.0,0.4009,2,Индустриальные города и пригороды,1.0,False
1771,Красногородский муниципальный район,Псковская область,0,Малые сельские МО,0,1.0,0.4051,1,Малые города и районы со смешанной экономикой,1.0,False
1773,Локнянский муниципальный район,Псковская область,0,Малые сельские МО,0,1.0,0.5469,1,Малые города и районы со смешанной экономикой,1.0,False
1774,Невельский муниципальный район,Псковская область,1,Малые города и районы со смешанной экономикой,1,0.8182,0.1395,0,Малые сельские МО,0.875,False
1775,Новоржевский муниципальный район,Псковская область,0,Малые сельские МО,0,1.0,0.3327,1,Малые города и районы со смешанной экономикой,1.0,False
1776,Новосокольнический муниципальный район,Псковская область,1,Малые города и районы со смешанной экономикой,1,1.0,0.5166,0,Малые сельские МО,1.0,False
1777,Опочецкий муниципальный район,Псковская область,0,Малые сельские МО,0,1.0,0.3873,1,Малые города и районы со смешанной экономикой,1.0,False
1778,Островский муниципальный район,Псковская область,1,Малые города и районы со смешанной экономикой,1,1.0,0.0572,2,Индустриальные города и пригороды,0.5294,True
1780,Печорский муниципальный район,Псковская область,1,Малые города и районы со смешанной экономикой,1,1.0,0.2896,0,Малые сельские МО,0.8947,False
1781,Плюсский муниципальный район,Псковская область,1,Малые города и районы со смешанной экономикой,1,1.0,0.1131,0,Малые сельские МО,0.7857,False
1782,Порховский муниципальный район,Псковская область,1,Малые города и районы со смешанной экономикой,1,1.0,0.2776,0,Малые сельские МО,0.8947,False
1783,Псковский муниципальный район,Псковская область,2,Индустриальные города и пригороды,2,1.0,0.6357,3,Столичные агломерации,1.0,False
1784,Пустошкинский муниципальный район,Псковская область,0,Малые сельские МО,0,1.0,0.278,1,Малые города и районы со смешанной экономикой,1.0,False
1785,Пушкиногорский муниципальный район,Псковская область,0,Малые сельские МО,0,1.0,0.291,1,Малые города и районы со смешанной экономикой,1.0,False
1786,Пыталовский муниципальный район,Псковская область,1,Малые города и районы со смешанной экономикой,1,1.0,0.1967,0,Малые сельские МО,0.8947,False
1787,Себежский муниципальный район,Псковская область,0,Малые сельские МО,0,1.0,0.2255,1,Малые города и районы со смешанной экономикой,1.0,False
1788,Струго-Красненский муниципальный район,Псковская область,0,Малые сельские МО,0,1.0,0.2082,1,Малые города и районы со смешанной экономикой,1.0,False
18,Чемальский муниципальный район,Республика Алтай,0,Малые сельские МО,0,1.0,0.3092,2,Индустриальные города и пригороды,0.875,False
181,Городовиковский муниципальный район,Республика Калмыкия,0,Малые сельские МО,0,1.0,0.6288,1,Малые города и районы со смешанной экономикой,1.0,False
184,Лаганский муниципальный район,Республика Калмыкия,0,Малые сельские МО,0,1.0,0.5133,1,Малые города и районы со смешанной экономикой,1.0,False
1845,городской округ город Рязань,Рязанская область,2,Индустриальные города и пригороды,2,1.0,0.3681,3,Столичные агломерации,1.0,False
1846,городской округ город Касимов,Рязанская область,2,Индустриальные города и пригороды,2,1.0,0.2403,1,Малые города и районы со смешанной экономикой,1.0,False
1848,городской округ город Скопин,Рязанская область,0,Малые сельские МО,0,1.0,0.4598,1,Малые города и районы со смешанной экономикой,1.0,False
1849,Ермишинский муниципальный район,Рязанская область,0,Малые сельские МО,0,1.0,0.2652,1,Малые города и районы со смешанной экономикой,1.0,False
185,Малодербетовский муниципальный район,Республика Калмыкия,0,Малые сельские МО,0,1.0,0.547,1,Малые города и районы со смешанной экономикой,1.0,False
1850,Захаровский муниципальный район,Рязанская область,1,Малые города и районы со смешанной экономикой,0,0.9091,0.098,0,Малые сельские МО,0.625,True
1851,Кадомский муниципальный район,Рязанская область,0,Малые сельские МО,0,1.0,0.4909,1,Малые города и районы со смешанной экономикой,1.0,False
1852,Касимовский муниципальный район,Рязанская область,1,Малые города и районы со смешанной экономикой,1,1.0,0.2636,0,Малые сельские МО,1.0,False
1853,Клепиковский муниципальный район,Рязанская область,0,Малые сельские МО,0,1.0,0.395,1,Малые города и районы со смешанной экономикой,1.0,False
1854,Кораблинский муниципальный район,Рязанская область,0,Малые сельские МО,0,1.0,0.3552,1,Малые города и районы со смешанной экономикой,1.0,False
1855,Милославский муниципальный район,Рязанская область,0,Малые сельские МО,0,1.0,0.394,1,Малые города и районы со смешанной экономикой,1.0,False
1856,Михайловский муниципальный район,Рязанская область,1,Малые города и районы со смешанной экономикой,1,1.0,0.0253,0,Малые сельские МО,0.6,True
1857,Александро-Невский муниципальный район,Рязанская область,0,Малые сельские МО,0,1.0,0.1712,1,Малые города и районы со смешанной экономикой,1.0,False
1858,Пителинский муниципальный район,Рязанская область,0,Малые сельские МО,0,1.0,0.2662,1,Малые города и районы со смешанной экономикой,1.0,False
1859,Пронский муниципальный район,Рязанская область,1,Малые города и районы со смешанной экономикой,1,1.0,0.3176,0,Малые сельские МО,1.0,False
1860,Путятинский муниципальный район,Рязанская область,0,Малые сельские МО,0,1.0,0.2285,1,Малые города и районы со смешанной экономикой,1.0,False
1861,Рыбновский муниципальный район,Рязанская область,2,Индустриальные города и пригороды,2,1.0,0.1649,1,Малые города и районы со смешанной экономикой,1.0,False
1862,Ряжский муниципальный район,Рязанская область,0,Малые сельские МО,0,1.0,0.0899,1,Малые города и районы со смешанной экономикой,1.0,False
1863,Рязанский муниципальный район,Рязанская область,2,Индустриальные города и пригороды,2,1.0,0.6949,1,Малые города и районы со смешанной экономикой,1.0,False
1864,Сапожковский муниципальный район,Рязанская область,0,Малые сельские МО,0,1.0,0.3745,1,Малые города и районы со смешанной экономикой,1.0,False
1865,Сараевский муниципальный район,Рязанская область,0,Малые сельские МО,0,1.0,0.3868,1,Малые города и районы со смешанной экономикой,1.0,False
1868,Спасский муниципальный район,Рязанская область,0,Малые сельские МО,0,1.0,0.1661,1,Малые города и районы со смешанной экономикой,1.0,False
1869,Старожиловский муниципальный район,Рязанская область,1,Малые города и районы со смешанной экономикой,1,1.0,0.1571,0,Малые сельские МО,0.9412,False
1870,Ухоловский муниципальный район,Рязанская область,0,Малые сельские МО,0,1.0,0.4698,1,Малые города и районы со смешанной экономикой,1.0,False
1871,Чучковский муниципальный район,Рязанская область,0,Малые сельские МО,0,1.0,0.2285,1,Малые города и районы со смешанной экономикой,1.0,False
1872,Шацкий муниципальный район,Рязанская область,0,Малые сельские МО,0,1.0,0.3646,1,Малые города и районы со смешанной экономикой,1.0,False
1873,Шиловский муниципальный район,Рязанская область,1,Малые города и районы со смешанной экономикой,1,0.8636,0.0671,0,Малые сельские МО,0.5625,True
1874,городской округ Самара,Самарская область,3,Столичные агломерации,3,1.0,0.0608,2,Индустриальные города и пригороды,0.9333,False
1875,городской округ Жигулевск,Самарская область,2,Индустриальные города и пригороды,2,1.0,0.5811,3,Столичные агломерации,1.0,False
1876,городской округ Кинель,Самарская область,2,Индустриальные города и пригороды,2,1.0,0.3366,3,Столичные агломерации,1.0,False
1877,городской округ Новокуйбышевск,Самарская область,2,Индустриальные города и пригороды,2,1.0,0.6078,3,Столичные агломерации,1.0,False
1878,городской округ Октябрьск,Самарская область,1,Малые города и районы со смешанной экономикой,1,1.0,0.333,0,Малые сельские МО,1.0,False
1879,городской округ Отрадный,Самарская область,2,Индустриальные города и пригороды,2,1.0,0.117,1,Малые города и районы со смешанной экономикой,0.8667,False
188,Сарпинский муниципальный район,Республика Калмыкия,0,Малые сельские МО,0,1.0,0.5461,1,Малые города и районы со смешанной экономикой,1.0,False
1880,городской округ Похвистнево,Самарская область,1,Малые города и районы со смешанной экономикой,1,1.0,0.0748,0,Малые сельские МО,0.9444,False
1881,городской округ Сызрань,Самарская область,2,Индустриальные города и пригороды,2,1.0,0.7247,3,Столичные агломерации,1.0,False
1883,городской округ Чапаевск,Самарская область,2,Индустриальные города и пригороды,2,1.0,0.636,1,Малые города и районы со смешанной экономикой,1.0,False
1884,Алексеевский муниципальный район,Самарская область,0,Малые сельские МО,0,1.0,0.6136,1,Малые города и районы со смешанной экономикой,1.0,False
1885,Безенчукский муниципальный район,Самарская область,1,Малые города и районы со смешанной экономикой,1,1.0,0.1987,2,Индустриальные города и пригороды,1.0,False
1886,Богатовский муниципальный район,Самарская область,0,Малые сельские МО,0,1.0,0.1943,1,Малые города и районы со смешанной экономикой,1.0,False
1887,Большеглушицкий муниципальный район,Самарская область,0,Малые сельские МО,0,1.0,0.5194,1,Малые города и районы со смешанной экономикой,1.0,False
1888,Большечерниговский муниципальный район,Самарская область,1,Малые города и районы со смешанной экономикой,1,0.5455,0.1687,0,Малые сельские МО,0.9375,False
1889,Борский муниципальный район,Самарская область,0,Малые сельские МО,0,1.0,0.4828,1,Малые города и районы со смешанной экономикой,1.0,False
1890,Волжский муниципальный район,Самарская область,2,Индустриальные города и пригороды,2,1.0,0.4525,3,Столичные агломерации,1.0,False
1891,Елховский муниципальный район,Самарская область,0,Малые сельские МО,0,1.0,0.5417,1,Малые города и районы со смешанной экономикой,1.0,False
1892,Исаклинский муниципальный район,Самарская область,0,Малые сельские МО,0,1.0,0.475,1,Малые города и районы со смешанной экономикой,1.0,False
1893,Камышлинский муниципальный район,Самарская область,0,Малые сельские МО,0,1.0,0.3336,1,Малые города и районы со смешанной экономикой,1.0,False
1894,Кинельский муниципальный район,Самарская область,1,Малые города и районы со смешанной экономикой,1,1.0,0.5398,0,Малые сельские МО,1.0,False
1895,Кинель-Черкасский муниципальный район,Самарская область,1,Малые города и районы со смешанной экономикой,1,1.0,0.4567,0,Малые сельские МО,0.9333,False
1896,Клявлинский муниципальный район,Самарская область,0,Малые сельские МО,0,1.0,0.3563,1,Малые города и районы со смешанной экономикой,1.0,False
1897,Кошкинский муниципальный район,Самарская область,0,Малые сельские МО,0,1.0,0.1081,1,Малые города и районы со смешанной экономикой,1.0,False
1898,Красноармейский муниципальный район,Самарская область,0,Малые сельские МО,1,0.5455,0.1266,1,Малые города и районы со смешанной экономикой,0.9286,False
1899,Красноярский муниципальный район,Самарская область,2,Индустриальные города и пригороды,2,1.0,0.069,1,Малые города и районы со смешанной экономикой,0.9375,False
19,Чойский муниципальный район,Республика Алтай,0,Малые сельские МО,0,1.0,0.4421,1,Малые города и районы со смешанной экономикой,1.0,False
1900,Нефтегорский муниципальный район,Самарская область,1,Малые города и районы со смешанной экономикой,1,1.0,0.2056,2,Индустриальные города и пригороды,1.0,False
1901,Пестравский муниципальный район,Самарская область,0,Малые сельские МО,0,1.0,0.4418,1,Малые города и районы со смешанной экономикой,1.0,False
1902,Похвистневский муниципальный район,Самарская область,0,Малые сельские МО,0,1.0,0.5699,1,Малые города и районы со смешанной экономикой,1.0,False
1903,Приволжский муниципальный район,Самарская область,0,Малые сельские МО,0,1.0,0.353,1,Малые города и районы со смешанной экономикой,1.0,False
1904,Сергиевский муниципальный район,Самарская область,1,Малые города и районы со смешанной экономикой,1,1.0,0.39,0,Малые сельские МО,1.0,False
1905,Ставропольский муниципальный район,Самарская область,2,Индустриальные города и пригороды,2,1.0,0.5191,3,Столичные агломерации,1.0,False
1906,Сызранский муниципальный район,Самарская область,2,Индустриальные города и пригороды,2,1.0,0.2673,0,Малые сельские МО,1.0,False
1907,Хворостянский муниципальный район,Самарская область,0,Малые сельские МО,0,1.0,0.4152,1,Малые города и районы со смешанной экономикой,1.0,False
1908,Челно-Вершинский муниципальный район,Самарская область,0,Малые сельские МО,0,1.0,0.3824,1,Малые города и районы со смешанной экономикой,1.0,False
1909,Шенталинский муниципальный район,Самарская область,0,Малые сельские МО,0,1.0,0.4818,1,Малые города и районы со смешанной экономикой,1.0,False
191,Юстинский муниципальный район,Республика Калмыкия,0,Малые сельские МО,0,1.0,0.4199,1,Малые города и районы со смешанной экономикой,1.0,False
1910,Шигонский муниципальный район,Самарская область,0,Малые сельские МО,0,1.0,0.135,1,Малые города и районы со смешанной экономикой,0.9333,False
1912,городской округ город Шиханы,Саратовская область,0,Малые сельские МО,0,1.0,0.3629,1,Малые города и районы со смешанной экономикой,1.0,False
1915,Александрово-Гайский муниципальный район,Саратовская область,0,Малые сельские МО,0,1.0,0.5581,1,Малые города и районы со смешанной экономикой,1.0,False
1916,Аркадакский муниципальный район,Саратовская область,0,Малые сельские МО,0,1.0,0.3727,1,Малые города и районы со смешанной экономикой,1.0,False
1917,Аткарский муниципальный район,Саратовская область,0,Малые сельские МО,0,1.0,0.1252,1,Малые города и районы со смешанной экономикой,1.0,False
1918,Базарно-Карабулакский муниципальный район,Саратовская область,0,Малые сельские МО,0,1.0,0.4645,1,Малые города и районы со смешанной экономикой,1.0,False
1919,Балаковский муниципальный район,Саратовская область,2,Индустриальные города и пригороды,2,1.0,0.6089,3,Столичные агломерации,1.0,False
1920,Балашовский муниципальный район,Саратовская область,2,Индустриальные города и пригороды,2,1.0,0.3407,0,Малые сельские МО,1.0,False
1921,Балтайский муниципальный район,Саратовская область,0,Малые сельские МО,0,1.0,0.5981,1,Малые города и районы со смешанной экономикой,1.0,False
1922,Вольский муниципальный район,Саратовская область,2,Индустриальные города и пригороды,2,1.0,0.4746,0,Малые сельские МО,1.0,False
1923,Воскресенский муниципальный район,Саратовская область,0,Малые сельские МО,0,1.0,0.1956,1,Малые города и районы со смешанной экономикой,1.0,False
1924,Дергачевский муниципальный район,Саратовская область,0,Малые сельские МО,0,1.0,0.392,1,Малые города и районы со смешанной экономикой,1.0,False
1925,Духовницкий муниципальный район,Саратовская область,0,Малые сельские МО,0,1.0,0.3078,1,Малые города и районы со смешанной экономикой,1.0,False
1926,Екатериновский муниципальный район,Саратовская область,0,Малые сельские МО,0,1.0,0.2551,1,Малые города и районы со смешанной экономикой,1.0,False
1927,Ершовский муниципальный район,Саратовская область,1,Малые города и районы со смешанной экономикой,1,1.0,0.1662,0,Малые сельские МО,0.8333,False
1928,Ивантеевский муниципальный район,Саратовская область,0,Малые сельские МО,0,1.0,0.2688,1,Малые города и районы со смешанной экономикой,1.0,False
1929,Калининский муниципальный район,Саратовская область,0,Малые сельские МО,0,1.0,0.2923,1,Малые города и районы со смешанной экономикой,1.0,False
1930,Красноармейский муниципальный район,Саратовская область,0,Малые сельские МО,0,1.0,0.3702,1,Малые города и районы со смешанной экономикой,1.0,False
1931,Краснокутский муниципальный район,Саратовская область,0,Малые сельские МО,0,1.0,0.3162,1,Малые города и районы со смешанной экономикой,1.0,False
1932,Краснопартизанский муниципальный район,Саратовская область,0,Малые сельские МО,0,1.0,0.5532,1,Малые города и районы со смешанной экономикой,1.0,False
1933,Лысогорский муниципальный район,Саратовская область,0,Малые сельские МО,0,1.0,0.6054,1,Малые города и районы со смешанной экономикой,1.0,False
1934,Марксовский муниципальный район,Саратовская область,2,Индустриальные города и пригороды,2,1.0,0.0692,0,Малые сельские МО,1.0,False
1935,Новобурасский муниципальный район,Саратовская область,0,Малые сельские МО,0,1.0,0.3411,1,Малые города и районы со смешанной экономикой,1.0,False
1936,Новоузенский муниципальный район,Саратовская область,0,Малые сельские МО,0,1.0,0.1672,1,Малые города и районы со смешанной экономикой,1.0,False
1937,Озинский муниципальный район,Саратовская область,0,Малые сельские МО,0,1.0,0.4093,1,Малые города и районы со смешанной экономикой,1.0,False
1938,Перелюбский муниципальный район,Саратовская область,0,Малые сельские МО,0,1.0,0.161,1,Малые города и районы со смешанной экономикой,1.0,False
1939,Петровский муниципальный район,Саратовская область,0,Малые сельские МО,1,0.6818,0.058,1,Малые города и районы со смешанной экономикой,0.9375,False
194,городской округ Черкесский,Карачаево-Черкесская Республика,2,Индустриальные города и пригороды,2,1.0,0.369,0,Малые сельские МО,1.0,False
1940,Питерский муниципальный район,Саратовская область,0,Малые сельские МО,0,1.0,0.5165,1,Малые города и районы со смешанной экономикой,1.0,False
1941,Пугачевский муниципальный район,Саратовская область,0,Малые сельские МО,0,1.0,0.0868,2,Индустриальные города и пригороды,1.0,False
1942,Ровенский муниципальный район,Саратовская область,0,Малые сельские МО,0,1.0,0.3459,1,Малые города и районы со смешанной экономикой,1.0,False
1943,Романовский муниципальный район,Саратовская область,0,Малые сельские МО,0,1.0,0.2579,1,Малые города и районы со смешанной экономикой,1.0,False
1944,Ртищевский муниципальный район,Саратовская область,1,Малые города и районы со смешанной экономикой,1,1.0,0.1686,0,Малые сельские МО,1.0,False
1945,Самойловский муниципальный район,Саратовская область,0,Малые сельские МО,0,1.0,0.5732,1,Малые города и районы со смешанной экономикой,1.0,False
1947,Советский муниципальный район,Саратовская область,1,Малые города и районы со смешанной экономикой,1,1.0,0.2495,0,Малые сельские МО,0.8824,False
1948,Татищевский муниципальный район,Саратовская область,1,Малые города и районы со смешанной экономикой,1,1.0,0.3449,0,Малые сельские МО,1.0,False
1949,Турковский муниципальный район,Саратовская область,0,Малые сельские МО,0,1.0,0.5767,1,Малые города и районы со смешанной экономикой,1.0,False
195,городской округ Карачаевский,Карачаево-Черкесская Республика,0,Малые сельские МО,0,1.0,0.238,2,Индустриальные города и пригороды,1.0,False
1950,Федоровский муниципальный район,Саратовская область,0,Малые сельские МО,0,1.0,0.1458,1,Малые города и районы со смешанной экономикой,1.0,False
1951,Хвалынский муниципальный район,Саратовская область,0,Малые сельские МО,0,1.0,0.365,1,Малые города и районы со смешанной экономикой,1.0,False
1952,Энгельсский муниципальный район,Саратовская область,2,Индустриальные города и пригороды,2,1.0,0.7985,3,Столичные агломерации,1.0,False
1954,городской округ Александровск-Сахалинский район,Сахалинская область,1,Малые города и районы со смешанной экономикой,4,0.5909,0.0731,4,Ресурсный Север и Дальний Восток,0.7222,True
1955,городской округ Анивский,Сахалинская область,4,Ресурсный Север и Дальний Восток,4,1.0,0.3447,1,Малые города и районы со смешанной экономикой,1.0,False
1956,городской округ Долинский,Сахалинская область,4,Ресурсный Север и Дальний Восток,4,1.0,0.1299,1,Малые города и районы со смешанной экономикой,0.4667,True
1957,городской округ Корсаковский,Сахалинская область,4,Ресурсный Север и Дальний Восток,4,1.0,0.296,2,Индустриальные города и пригороды,0.9286,False
1958,городской округ Курильский,Сахалинская область,4,Ресурсный Север и Дальний Восток,4,1.0,0.6613,2,Индустриальные города и пригороды,1.0,False
1959,городской округ Макаровский,Сахалинская область,4,Ресурсный Север и Дальний Восток,4,1.0,0.1492,1,Малые города и районы со смешанной экономикой,0.4211,True
196,Абазинский муниципальный район,Карачаево-Черкесская Республика,2,Индустриальные города и пригороды,2,1.0,0.0319,0,Малые сельские МО,0.8,False
1960,городской округ Невельский,Сахалинская область,4,Ресурсный Север и Дальний Восток,4,1.0,0.1141,1,Малые города и районы со смешанной экономикой,0.5,True
1961,городской округ Ногликский,Сахалинская область,4,Ресурсный Север и Дальний Восток,4,1.0,0.1275,2,Индустриальные города и пригороды,1.0,False
1962,городской округ Охинский,Сахалинская область,4,Ресурсный Север и Дальний Восток,4,1.0,0.3153,1,Малые города и районы со смешанной экономикой,0.8,False
1963,городской округ Поронайский,Сахалинская область,4,Ресурсный Север и Дальний Восток,4,1.0,0.3221,1,Малые города и районы со смешанной экономикой,1.0,False
1965,городской округ Смирныховский,Сахалинская область,4,Ресурсный Север и Дальний Восток,4,1.0,0.1842,1,Малые города и районы со смешанной экономикой,0.9333,False
1966,городской округ Томаринский,Сахалинская область,4,Ресурсный Север и Дальний Восток,4,1.0,0.3206,1,Малые города и районы со смешанной экономикой,1.0,False
1967,городской округ Тымовский,Сахалинская область,4,Ресурсный Север и Дальний Восток,4,1.0,0.2487,1,Малые города и районы со смешанной экономикой,1.0,False
1968,городской округ Углегорский,Сахалинская область,4,Ресурсный Север и Дальний Восток,4,1.0,0.2707,1,Малые города и районы со смешанной экономикой,0.7857,False
1969,городской округ Холмский,Сахалинская область,4,Ресурсный Север и Дальний Восток,4,1.0,0.0387,1,Малые города и районы со смешанной экономикой,0.125,True
1970,городской округ Южно-Курильский,Сахалинская область,4,Ресурсный Север и Дальний Восток,4,1.0,0.5854,2,Индустриальные города и пригороды,1.0,False
1971,городской округ город Екатеринбург,Свердловская область,3,Столичные агломерации,3,1.0,0.1695,2,Индустриальные города и пригороды,1.0,False
1972,городской округ город Алапаевск,Свердловская область,2,Индустриальные города и пригороды,2,1.0,0.2805,1,Малые города и районы со смешанной экономикой,1.0,False
1973,городской округ Артемовский,Свердловская область,1,Малые города и районы со смешанной экономикой,1,1.0,0.1747,2,Индустриальные города и пригороды,1.0,False
1974,городской округ Асбестовский,Свердловская область,2,Индустриальные города и пригороды,2,1.0,0.7085,1,Малые города и районы со смешанной экономикой,1.0,False
1975,городской округ Малышевский,Свердловская область,1,Малые города и районы со смешанной экономикой,1,1.0,0.4401,0,Малые сельские МО,1.0,False
1976,городской округ Рефтинский,Свердловская область,1,Малые города и районы со смешанной экономикой,1,1.0,0.3292,2,Индустриальные города и пригороды,1.0,False
1977,городской округ Березовский,Свердловская область,2,Индустриальные города и пригороды,2,1.0,0.1478,3,Столичные агломерации,0.8667,False
1978,городской округ Богданович,Свердловская область,2,Индустриальные города и пригороды,2,1.0,0.589,1,Малые города и районы со смешанной экономикой,1.0,False
1979,городской округ Верхняя Пышма,Свердловская область,3,Столичные агломерации,3,1.0,0.0616,2,Индустриальные города и пригороды,0.7333,True
198,Зеленчукский муниципальный район,Карачаево-Черкесская Республика,0,Малые сельские МО,0,1.0,0.3253,2,Индустриальные города и пригороды,1.0,False
1980,городской округ Среднеуральск,Свердловская область,2,Индустриальные города и пригороды,2,1.0,0.1767,1,Малые города и районы со смешанной экономикой,1.0,False
1981,городской округ Верхнесалдинский,Свердловская область,2,Индустриальные города и пригороды,2,1.0,0.1051,1,Малые города и районы со смешанной экономикой,0.8947,False
1982,городской округ Заречный,Свердловская область,1,Малые города и районы со смешанной экономикой,2,0.7273,0.0612,2,Индустриальные города и пригороды,0.7059,True
1983,городской округ Ивдельский,Свердловская область,1,Малые города и районы со смешанной экономикой,1,1.0,0.0497,2,Индустриальные города и пригороды,0.4706,True
1984,городской округ Пелым,Свердловская область,1,Малые города и районы со смешанной экономикой,1,1.0,0.3044,0,Малые сельские МО,1.0,False
1985,городской округ город Ирбит,Свердловская область,2,Индустриальные города и пригороды,2,1.0,0.6194,1,Малые города и районы со смешанной экономикой,1.0,False
1986,городской округ город Каменск-Уральский,Свердловская область,2,Индустриальные города и пригороды,2,1.0,0.2768,3,Столичные агломерации,1.0,False
1987,городской округ Камышловский,Свердловская область,1,Малые города и районы со смешанной экономикой,2,0.5455,0.0681,2,Индустриальные города и пригороды,0.8421,False
1988,городской округ Карпинск,Свердловская область,1,Малые города и районы со смешанной экономикой,1,1.0,0.4865,0,Малые сельские МО,1.0,False
1989,городской округ Волчанский,Свердловская область,1,Малые города и районы со смешанной экономикой,1,1.0,0.2123,0,Малые сельские МО,0.9333,False
1990,городской округ Качканарский,Свердловская область,1,Малые города и районы со смешанной экономикой,1,1.0,0.0506,2,Индустриальные города и пригороды,0.5882,True
1991,городской округ Кировградский,Свердловская область,1,Малые города и районы со смешанной экономикой,1,1.0,0.1828,2,Индустриальные города и пригороды,1.0,False
1992,городской округ Верхний Тагил,Свердловская область,1,Малые города и районы со смешанной экономикой,1,1.0,0.4426,2,Индустриальные города и пригороды,1.0,False
1993,городской округ Краснотурьинск,Свердловская область,2,Индустриальные города и пригороды,2,1.0,0.5444,1,Малые города и районы со смешанной экономикой,1.0,False
1994,городской округ Красноуральск,Свердловская область,1,Малые города и районы со смешанной экономикой,1,1.0,0.277,2,Индустриальные города и пригороды,1.0,False
1995,городской округ Красноуфимск,Свердловская область,2,Индустриальные города и пригороды,2,1.0,0.3007,1,Малые города и районы со смешанной экономикой,1.0,False
1996,городской округ Кушвинский,Свердловская область,1,Малые города и районы со смешанной экономикой,1,1.0,0.5417,2,Индустриальные города и пригороды,1.0,False
1997,городской округ Верхняя Тура,Свердловская область,1,Малые города и районы со смешанной экономикой,1,1.0,0.2105,2,Индустриальные города и пригороды,1.0,False
1999,городской округ Невьянский,Свердловская область,2,Индустриальные города и пригороды,2,1.0,0.6321,1,Малые города и районы со смешанной экономикой,1.0,False
2,городской округ город Адыгейск,Республика Адыгея,1,Малые города и районы со смешанной экономикой,0,0.8636,0.084,0,Малые сельские МО,0.9412,False
20,Шебалинский муниципальный район,Республика Алтай,0,Малые сельские МО,0,1.0,0.1731,4,Ресурсный Север и Дальний Восток,0.8462,False
2000,городской округ город Нижний Тагил,Свердловская область,2,Индустриальные города и пригороды,2,1.0,0.4076,3,Столичные агломерации,1.0,False
2001,городской округ Нижняя Салда,Свердловская область,1,Малые города и районы со смешанной экономикой,1,1.0,0.2351,2,Индустриальные города и пригороды,1.0,False
2002,городской округ Нижнетуринский,Свердловская область,1,Малые города и районы со смешанной экономикой,1,1.0,0.4206,2,Индустриальные города и пригороды,1.0,False
2004,городской округ Первоуральск,Свердловская область,2,Индустриальные города и пригороды,2,1.0,0.5195,3,Столичные агломерации,1.0,False
2005,городской округ Полевской,Свердловская область,2,Индустриальные города и пригороды,2,1.0,0.5424,3,Столичные агломерации,1.0,False
2006,городской округ Ревда,Свердловская область,2,Индустриальные города и пригороды,2,1.0,0.5768,3,Столичные агломерации,1.0,False
2007,городской округ Дегтярск,Свердловская область,1,Малые города и районы со смешанной экономикой,1,1.0,0.389,0,Малые сельские МО,0.9375,False
2008,городской округ Режевской,Свердловская область,2,Индустриальные города и пригороды,2,1.0,0.3897,1,Малые города и районы со смешанной экономикой,1.0,False
2009,городской округ Североуральский,Свердловская область,1,Малые города и районы со смешанной экономикой,1,1.0,0.4518,2,Индустриальные города и пригороды,1.0,False
201,Ногайский муниципальный район,Карачаево-Черкесская Республика,0,Малые сельские МО,0,1.0,0.2494,2,Индустриальные города и пригороды,1.0,False
2010,городской округ Серовский,Свердловская область,2,Индустриальные города и пригороды,2,1.0,0.6652,3,Столичные агломерации,1.0,False
2011,городской округ Сухой Лог,Свердловская область,2,Индустриальные города и пригороды,2,1.0,0.4295,1,Малые города и районы со смешанной экономикой,1.0,False
2012,городской округ Тавдинский,Свердловская область,1,Малые города и районы со смешанной экономикой,1,1.0,0.4012,0,Малые сельские МО,1.0,False
2015,городской округ Алапаевское,Свердловская область,1,Малые города и районы со смешанной экономикой,1,1.0,0.5474,0,Малые сельские МО,1.0,False
2017,городской округ Артинский,Свердловская область,0,Малые сельские МО,0,1.0,0.2352,1,Малые города и районы со смешанной экономикой,1.0,False
2018,городской округ Ачитский,Свердловская область,1,Малые города и районы со смешанной экономикой,1,1.0,0.3306,0,Малые сельские МО,1.0,False
2019,городской округ Белоярский,Свердловская область,2,Индустриальные города и пригороды,2,1.0,0.1483,1,Малые города и районы со смешанной экономикой,0.9412,False
2021,городской округ Верхотурский,Свердловская область,0,Малые сельские МО,0,1.0,0.2612,1,Малые города и районы со смешанной экономикой,1.0,False
2022,городской округ Гаринский,Свердловская область,0,Малые сельские МО,0,1.0,0.1449,1,Малые города и районы со смешанной экономикой,1.0,False
2023,городской округ Ирбитское,Свердловская область,1,Малые города и районы со смешанной экономикой,1,1.0,0.2317,0,Малые сельские МО,1.0,False
2024,городской округ Каменский,Свердловская область,1,Малые города и районы со смешанной экономикой,1,0.7273,0.0587,2,Индустриальные города и пригороды,0.5,True
2025,городской округ Красноуфимский округ,Свердловская область,0,Малые сельские МО,0,1.0,0.0872,1,Малые города и районы со смешанной экономикой,0.9412,False
2027,городской округ Бисертский,Свердловская область,1,Малые города и районы со смешанной экономикой,1,1.0,0.0503,0,Малые сельские МО,0.6667,True
2028,городской округ Новолялинский,Свердловская область,0,Малые сельские МО,0,1.0,0.5085,1,Малые города и районы со смешанной экономикой,1.0,False
203,Урупский муниципальный район,Карачаево-Черкесская Республика,0,Малые сельские МО,0,0.6818,0.0489,1,Малые города и районы со смешанной экономикой,0.875,False
2030,городской округ Пышминский,Свердловская область,0,Малые сельские МО,0,0.7727,0.0823,1,Малые города и районы со смешанной экономикой,0.8333,False
2031,городской округ Сосьвинский,Свердловская область,0,Малые сельские МО,0,1.0,0.119,1,Малые города и районы со смешанной экономикой,1.0,False
2032,городской округ Сысертский,Свердловская область,2,Индустриальные города и пригороды,2,1.0,0.4302,3,Столичные агломерации,1.0,False
2033,городской округ Арамильский,Свердловская область,2,Индустриальные города и пригороды,2,1.0,0.6542,3,Столичные агломерации,1.0,False
2034,городской округ Талицкий,Свердловская область,1,Малые города и районы со смешанной экономикой,1,1.0,0.3688,0,Малые сельские МО,1.0,False
2035,городской округ Тугулымский,Свердловская область,0,Малые сельские МО,1,0.7727,0.0755,1,Малые города и районы со смешанной экономикой,0.55,True
2036,городской округ Туринский,Свердловская область,1,Малые города и районы со смешанной экономикой,1,1.0,0.1552,0,Малые сельские МО,0.7895,False
2037,городской округ Шалинский,Свердловская область,0,Малые сельские МО,0,1.0,0.295,1,Малые города и районы со смешанной экономикой,1.0,False
2039,Байкаловский муниципальный район,Свердловская область,1,Малые города и районы со смешанной экономикой,1,1.0,0.2314,0,Малые сельские МО,0.8125,False
204,Усть-Джегутинский муниципальный район,Карачаево-Черкесская Республика,2,Индустриальные города и пригороды,2,1.0,0.2283,1,Малые города и районы со смешанной экономикой,1.0,False
2040,Камышловский муниципальный район,Свердловская область,2,Индустриальные города и пригороды,2,1.0,0.0313,1,Малые города и районы со смешанной экономикой,0.5882,True
2041,Слободо-Туринский муниципальный район,Свердловская область,0,Малые сельские МО,0,1.0,0.0715,1,Малые города и районы со смешанной экономикой,0.5882,True
2042,Нижнесергинский муниципальный район,Свердловская область,1,Малые города и районы со смешанной экономикой,1,1.0,0.4788,0,Малые сельские МО,1.0,False
2043,Таборинский муниципальный район,Свердловская область,0,Малые сельские МО,0,1.0,0.4802,1,Малые города и районы со смешанной экономикой,1.0,False
2044,городской округ город Смоленск,Смоленская область,2,Индустриальные города и пригороды,2,1.0,0.1132,3,Столичные агломерации,0.8125,False
2045,городской округ город Десногорск,Смоленская область,2,Индустриальные города и пригороды,2,1.0,0.3127,1,Малые города и районы со смешанной экономикой,1.0,False
2046,Велижский муниципальный район,Смоленская область,0,Малые сельские МО,0,1.0,0.5242,1,Малые города и районы со смешанной экономикой,1.0,False
2047,Вяземский муниципальный район,Смоленская область,2,Индустриальные города и пригороды,2,1.0,0.5897,1,Малые города и районы со смешанной экономикой,1.0,False
2048,Гагаринский муниципальный район,Смоленская область,2,Индустриальные города и пригороды,2,1.0,0.5742,1,Малые города и районы со смешанной экономикой,1.0,False
2049,Глинковский муниципальный район,Смоленская область,0,Малые сельские МО,0,1.0,0.4666,1,Малые города и районы со смешанной экономикой,1.0,False
205,Хабезский муниципальный район,Карачаево-Черкесская Республика,0,Малые сельские МО,0,1.0,0.1878,2,Индустриальные города и пригороды,1.0,False
2050,Демидовский муниципальный район,Смоленская область,0,Малые сельские МО,0,1.0,0.6676,1,Малые города и районы со смешанной экономикой,1.0,False
2051,Дорогобужский муниципальный район,Смоленская область,1,Малые города и районы со смешанной экономикой,1,1.0,0.1707,2,Индустриальные города и пригороды,1.0,False
2052,Духовщинский муниципальный район,Смоленская область,0,Малые сельские МО,0,1.0,0.1221,1,Малые города и районы со смешанной экономикой,1.0,False
2053,Ельнинский муниципальный район,Смоленская область,0,Малые сельские МО,0,1.0,0.5798,1,Малые города и районы со смешанной экономикой,1.0,False
2054,Ершичский муниципальный район,Смоленская область,0,Малые сельские МО,0,1.0,0.5017,1,Малые города и районы со смешанной экономикой,1.0,False
2055,Кардымовский муниципальный район,Смоленская область,1,Малые города и районы со смешанной экономикой,1,1.0,0.4404,0,Малые сельские МО,1.0,False
2056,Краснинский муниципальный район,Смоленская область,0,Малые сельские МО,0,1.0,0.3747,1,Малые города и районы со смешанной экономикой,1.0,False
2057,Монастырщинский муниципальный район,Смоленская область,0,Малые сельские МО,0,1.0,0.0999,1,Малые города и районы со смешанной экономикой,0.875,False
2058,Новодугинский муниципальный район,Смоленская область,0,Малые сельские МО,0,1.0,0.6149,1,Малые города и районы со смешанной экономикой,1.0,False
2059,Починковский муниципальный район,Смоленская область,0,Малые сельские МО,0,1.0,0.1166,1,Малые города и районы со смешанной экономикой,1.0,False
206,городской округ Петрозаводский,Республика Карелия,2,Индустриальные города и пригороды,2,1.0,0.2204,3,Столичные агломерации,1.0,False
2060,Рославльский муниципальный район,Смоленская область,2,Индустриальные города и пригороды,2,1.0,0.3838,1,Малые города и районы со смешанной экономикой,1.0,False
2061,Руднянский муниципальный район,Смоленская область,0,Малые сельские МО,0,0.8182,0.1068,1,Малые города и районы со смешанной экономикой,0.8824,False
2062,Сафоновский муниципальный район,Смоленская область,2,Индустриальные города и пригороды,2,1.0,0.1846,1,Малые города и районы со смешанной экономикой,1.0,False
2063,Смоленский муниципальный район,Смоленская область,2,Индустриальные города и пригороды,2,1.0,0.3234,3,Столичные агломерации,1.0,False
2064,Сычевский муниципальный район,Смоленская область,0,Малые сельские МО,0,1.0,0.3199,1,Малые города и районы со смешанной экономикой,1.0,False
2065,Темкинский муниципальный район,Смоленская область,0,Малые сельские МО,0,1.0,0.4712,1,Малые города и районы со смешанной экономикой,1.0,False
2066,Угранский муниципальный район,Смоленская область,0,Малые сельские МО,0,1.0,0.4101,1,Малые города и районы со смешанной экономикой,1.0,False
2067,Хиславичский муниципальный район,Смоленская область,0,Малые сельские МО,0,1.0,0.589,1,Малые города и районы со смешанной экономикой,1.0,False
2068,Холм-Жирковский муниципальный район,Смоленская область,0,Малые сельские МО,0,1.0,0.0679,1,Малые города и районы со смешанной экономикой,1.0,False
2069,Шумячский муниципальный район,Смоленская область,0,Малые сельские МО,0,1.0,0.092,1,Малые города и районы со смешанной экономикой,0.9333,False
207,городской округ Костомукшский,Республика Карелия,2,Индустриальные города и пригороды,2,1.0,0.0601,1,Малые города и районы со смешанной экономикой,0.875,False
2070,Ярцевский муниципальный район,Смоленская область,2,Индустриальные города и пригороды,2,1.0,0.3765,1,Малые города и районы со смешанной экономикой,1.0,False
2072,городской округ город Кирсанов,Тамбовская область,1,Малые города и районы со смешанной экономикой,1,1.0,0.0662,0,Малые сельские МО,0.5333,True
2073,городской округ город Котовск,Тамбовская область,1,Малые города и районы со смешанной экономикой,1,1.0,0.2946,2,Индустриальные города и пригороды,1.0,False
2074,городской округ город Мичуринск,Тамбовская область,2,Индустриальные города и пригороды,2,1.0,0.5366,1,Малые города и районы со смешанной экономикой,1.0,False
2075,городской округ город Моршанск,Тамбовская область,0,Малые сельские МО,0,1.0,0.0551,1,Малые города и районы со смешанной экономикой,0.9375,False
2076,городской округ город Рассказово,Тамбовская область,2,Индустриальные города и пригороды,0,0.6364,0.0682,0,Малые сельские МО,0.6111,True
2077,городской округ город Уварово,Тамбовская область,0,Малые сельские МО,0,1.0,0.1511,1,Малые города и районы со смешанной экономикой,0.9412,False
2078,Бондарский муниципальный район,Тамбовская область,0,Малые сельские МО,0,1.0,0.2475,1,Малые города и районы со смешанной экономикой,1.0,False
2079,Гавриловский муниципальный район,Тамбовская область,0,Малые сельские МО,0,1.0,0.3431,1,Малые города и районы со смешанной экономикой,1.0,False
208,Беломорский муниципальный район,Республика Карелия,1,Малые города и районы со смешанной экономикой,1,1.0,0.4901,0,Малые сельские МО,1.0,False
2080,Жердевский муниципальный район,Тамбовская область,1,Малые города и районы со смешанной экономикой,1,1.0,0.0629,0,Малые сельские МО,0.8125,False
2081,Знаменский муниципальный район,Тамбовская область,0,Малые сельские МО,0,1.0,0.3254,1,Малые города и районы со смешанной экономикой,1.0,False
2082,Инжавинский муниципальный район,Тамбовская область,0,Малые сельские МО,0,1.0,0.0668,1,Малые города и районы со смешанной экономикой,0.8333,False
2085,Мордовский муниципальный район,Тамбовская область,0,Малые сельские МО,0,1.0,0.3334,1,Малые города и районы со смешанной экономикой,1.0,False
2087,Мучкапский муниципальный район,Тамбовская область,0,Малые сельские МО,0,1.0,0.387,1,Малые города и районы со смешанной экономикой,1.0,False
2088,Никифоровский муниципальный район,Тамбовская область,1,Малые города и районы со смешанной экономикой,1,1.0,0.1053,0,Малые сельские МО,0.75,False
2089,Первомайский муниципальный район,Тамбовская область,1,Малые города и районы со смешанной экономикой,1,1.0,0.1011,0,Малые сельские МО,0.75,False
209,Калевальский муниципальный район,Республика Карелия,0,Малые сельские МО,0,1.0,0.2612,1,Малые города и районы со смешанной экономикой,1.0,False
2090,Петровский муниципальный район,Тамбовская область,0,Малые сельские МО,0,1.0,0.2737,1,Малые города и районы со смешанной экономикой,1.0,False
2091,Пичаевский муниципальный район,Тамбовская область,0,Малые сельские МО,0,1.0,0.2277,1,Малые города и районы со смешанной экономикой,1.0,False
2093,Ржаксинский муниципальный район,Тамбовская область,0,Малые сельские МО,0,1.0,0.2482,1,Малые города и районы со смешанной экономикой,1.0,False
2094,Сампурский муниципальный район,Тамбовская область,0,Малые сельские МО,0,1.0,0.2334,1,Малые города и районы со смешанной экономикой,1.0,False
2095,Сосновский муниципальный район,Тамбовская область,0,Малые сельские МО,0,1.0,0.2485,1,Малые города и районы со смешанной экономикой,1.0,False
2096,Староюрьевский муниципальный район,Тамбовская область,0,Малые сельские МО,0,1.0,0.2021,1,Малые города и районы со смешанной экономикой,1.0,False
2098,Токарёвский муниципальный район,Тамбовская область,0,Малые сельские МО,0,1.0,0.0745,1,Малые города и районы со смешанной экономикой,1.0,False
21,городской округ город Уфа,Республика Башкортостан,3,Столичные агломерации,3,1.0,0.1183,2,Индустриальные города и пригороды,1.0,False
210,Кемский муниципальный район,Республика Карелия,1,Малые города и районы со смешанной экономикой,1,1.0,0.3379,2,Индустриальные города и пригороды,1.0,False
2100,Умётский муниципальный район,Тамбовская область,0,Малые сельские МО,0,1.0,0.3921,1,Малые города и районы со смешанной экономикой,1.0,False
2101,городской округ город Тверь,Тверская область,2,Индустриальные города и пригороды,2,1.0,0.1406,3,Столичные агломерации,0.8667,False
2105,городской округ Осташковский,Тверская область,2,Индустриальные города и пригороды,2,1.0,0.1421,1,Малые города и районы со смешанной экономикой,1.0,False
2108,городской округ город Торжок,Тверская область,2,Индустриальные города и пригороды,2,1.0,0.6224,1,Малые города и районы со смешанной экономикой,1.0,False
2109,городской округ Удомельский,Тверская область,2,Индустриальные города и пригороды,2,1.0,0.0851,1,Малые города и районы со смешанной экономикой,0.8947,False
211,Кондопожский муниципальный район,Республика Карелия,1,Малые города и районы со смешанной экономикой,1,1.0,0.4584,2,Индустриальные города и пригороды,1.0,False
2110,муниципальный округ Андреапольский,Тверская область,0,Малые сельские МО,0,1.0,0.4135,1,Малые города и районы со смешанной экономикой,1.0,False
2111,Бежецкий муниципальный район,Тверская область,1,Малые города и районы со смешанной экономикой,1,1.0,0.1369,2,Индустриальные города и пригороды,1.0,False
2112,муниципальный округ Бельский,Тверская область,0,Малые сельские МО,0,1.0,0.4584,1,Малые города и районы со смешанной экономикой,1.0,False
2113,Бологовский муниципальный район,Тверская область,1,Малые города и районы со смешанной экономикой,1,1.0,0.0643,2,Индустриальные города и пригороды,0.7333,True
2114,муниципальный округ Весьегонский,Тверская область,0,Малые сельские МО,0,1.0,0.2539,1,Малые города и районы со смешанной экономикой,1.0,False
2116,муниципальный округ Жарковский,Тверская область,0,Малые сельские МО,0,1.0,0.4946,1,Малые города и районы со смешанной экономикой,1.0,False
2117,муниципальный округ Западнодвинский,Тверская область,0,Малые сельские МО,0,1.0,0.3081,1,Малые города и районы со смешанной экономикой,1.0,False
2118,муниципальный округ Зубцовский,Тверская область,0,Малые сельские МО,0,1.0,0.4123,1,Малые города и районы со смешанной экономикой,1.0,False
2119,Калининский муниципальный район,Тверская область,2,Индустриальные города и пригороды,2,1.0,0.4654,3,Столичные агломерации,1.0,False
212,Лахденпохский муниципальный район,Республика Карелия,1,Малые города и районы со смешанной экономикой,1,1.0,0.1849,0,Малые сельские МО,1.0,False
2120,Калязинский муниципальный район,Тверская область,0,Малые сельские МО,0,1.0,0.0654,1,Малые города и районы со смешанной экономикой,1.0,False
2121,городской округ Кашинский,Тверская область,1,Малые города и районы со смешанной экономикой,1,1.0,0.0411,0,Малые сельские МО,0.5714,True
2122,муниципальный округ Кесовогорский,Тверская область,1,Малые города и районы со смешанной экономикой,1,1.0,0.0621,2,Индустриальные города и пригороды,1.0,False
2124,Конаковский муниципальный район,Тверская область,2,Индустриальные города и пригороды,2,1.0,0.6552,1,Малые города и районы со смешанной экономикой,1.0,False
2125,муниципальный округ Краснохолмский,Тверская область,0,Малые сельские МО,0,1.0,0.4322,1,Малые города и районы со смешанной экономикой,1.0,False
2126,Кувшиновский муниципальный район,Тверская область,1,Малые города и районы со смешанной экономикой,1,1.0,0.0845,0,Малые сельские МО,0.8889,False
2127,муниципальный округ Лесной,Тверская область,0,Малые сельские МО,0,1.0,0.4401,1,Малые города и районы со смешанной экономикой,1.0,False
2128,муниципальный округ Лихославльский,Тверская область,1,Малые города и районы со смешанной экономикой,1,1.0,0.1655,0,Малые сельские МО,0.7647,False
2129,муниципальный округ Максатихинский,Тверская область,0,Малые сельские МО,0,1.0,0.4229,1,Малые города и районы со смешанной экономикой,1.0,False
213,Лоухский муниципальный район,Республика Карелия,1,Малые города и районы со смешанной экономикой,1,1.0,0.354,0,Малые сельские МО,1.0,False
2130,муниципальный округ Молоковский,Тверская область,0,Малые сельские МО,0,1.0,0.4111,1,Малые города и районы со смешанной экономикой,0.9412,False
2131,городской округ Нелидовский,Тверская область,1,Малые города и районы со смешанной экономикой,1,0.6818,0.0544,2,Индустриальные города и пригороды,0.5882,True
2132,муниципальный округ Оленинский,Тверская область,0,Малые сельские МО,0,1.0,0.5156,1,Малые города и районы со смешанной экономикой,1.0,False
2133,муниципальный округ Пеновский,Тверская область,0,Малые сельские МО,0,1.0,0.4576,1,Малые города и районы со смешанной экономикой,1.0,False
2134,муниципальный округ Рамешковский,Тверская область,0,Малые сельские МО,0,1.0,0.2258,1,Малые города и районы со смешанной экономикой,1.0,False
2136,муниципальный округ Сандовский,Тверская область,0,Малые сельские МО,0,1.0,0.3024,1,Малые города и районы со смешанной экономикой,1.0,False
2137,муниципальный округ Селижаровский,Тверская область,0,Малые сельские МО,0,1.0,0.369,1,Малые города и районы со смешанной экономикой,1.0,False
2138,муниципальный округ Сонковский,Тверская область,0,Малые сельские МО,0,1.0,0.4731,1,Малые города и районы со смешанной экономикой,1.0,False
2139,муниципальный округ Спировский,Тверская область,0,Малые сельские МО,0,1.0,0.4767,1,Малые города и районы со смешанной экономикой,1.0,False
214,Медвежьегорский муниципальный район,Республика Карелия,1,Малые города и районы со смешанной экономикой,1,1.0,0.3164,0,Малые сельские МО,1.0,False
2140,муниципальный округ Старицкий,Тверская область,0,Малые сельские МО,0,1.0,0.4376,1,Малые города и районы со смешанной экономикой,1.0,False
2142,Торопецкий муниципальный район,Тверская область,0,Малые сельские МО,0,1.0,0.3083,2,Индустриальные города и пригороды,1.0,False
2143,Фировский муниципальный район,Тверская область,0,Малые сельские МО,0,1.0,0.4403,1,Малые города и районы со смешанной экономикой,1.0,False
2144,городской округ город Томск,Томская область,3,Столичные агломерации,3,1.0,0.165,2,Индустриальные города и пригороды,1.0,False
2145,городской округ город Кедровый,Томская область,0,Малые сельские МО,0,1.0,0.0967,1,Малые города и районы со смешанной экономикой,1.0,False
2146,городской округ город Стрежевой,Томская область,1,Малые города и районы со смешанной экономикой,1,1.0,0.1833,2,Индустриальные города и пригороды,0.875,False
2148,Александровский муниципальный район,Томская область,4,Ресурсный Север и Дальний Восток,4,1.0,0.3172,1,Малые города и районы со смешанной экономикой,0.8235,False
2149,Асиновский муниципальный район,Томская область,1,Малые города и районы со смешанной экономикой,1,1.0,0.5328,0,Малые сельские МО,1.0,False
215,Муезерский муниципальный район,Республика Карелия,0,Малые сельские МО,0,1.0,0.3293,1,Малые города и районы со смешанной экономикой,1.0,False
2150,Бакчарский муниципальный район,Томская область,0,Малые сельские МО,0,1.0,0.5762,1,Малые города и районы со смешанной экономикой,1.0,False
2151,Верхнекетский муниципальный район,Томская область,0,Малые сельские МО,0,1.0,0.106,1,Малые города и районы со смешанной экономикой,1.0,False
2152,Зырянский муниципальный район,Томская область,0,Малые сельские МО,0,1.0,0.6722,1,Малые города и районы со смешанной экономикой,1.0,False
2153,Каргасокский муниципальный район,Томская область,1,Малые города и районы со смешанной экономикой,1,1.0,0.3156,0,Малые сельские МО,1.0,False
2154,Кожевниковский муниципальный район,Томская область,0,Малые сельские МО,0,0.6364,0.1729,1,Малые города и районы со смешанной экономикой,1.0,False
2155,Колпашевский муниципальный район,Томская область,1,Малые города и районы со смешанной экономикой,1,1.0,0.129,0,Малые сельские МО,0.9231,False
2156,Кривошеинский муниципальный район,Томская область,0,Малые сельские МО,0,1.0,0.4765,1,Малые города и районы со смешанной экономикой,1.0,False
2157,Молчановский муниципальный район,Томская область,0,Малые сельские МО,0,1.0,0.3253,1,Малые города и районы со смешанной экономикой,1.0,False
2158,Парабельский муниципальный район,Томская область,1,Малые города и районы со смешанной экономикой,1,1.0,0.2461,4,Ресурсный Север и Дальний Восток,0.9333,False
2159,Первомайский муниципальный район,Томская область,0,Малые сельские МО,0,1.0,0.2568,1,Малые города и районы со смешанной экономикой,1.0,False
216,Олонецкий муниципальный район,Республика Карелия,1,Малые города и районы со смешанной экономикой,1,1.0,0.4248,0,Малые сельские МО,1.0,False
2160,Тегульдетский муниципальный район,Томская область,0,Малые сельские МО,0,1.0,0.1863,1,Малые города и районы со смешанной экономикой,1.0,False
2161,Томский муниципальный район,Томская область,2,Индустриальные города и пригороды,2,1.0,0.5734,3,Столичные агломерации,1.0,False
2162,Чаинский муниципальный район,Томская область,0,Малые сельские МО,0,1.0,0.6094,1,Малые города и районы со смешанной экономикой,1.0,False
2163,Шегарский муниципальный район,Томская область,0,Малые сельские МО,0,0.5455,0.0525,1,Малые города и районы со смешанной экономикой,0.4667,True
2164,городской округ город Тула,Тульская область,2,Индустриальные города и пригороды,2,1.0,0.2826,3,Столичные агломерации,1.0,False
2165,городской округ город Алексин,Тульская область,2,Индустриальные города и пригороды,2,1.0,0.3513,1,Малые города и районы со смешанной экономикой,1.0,False
2167,городской округ город Донской,Тульская область,2,Индустриальные города и пригороды,2,1.0,0.5927,1,Малые города и районы со смешанной экономикой,1.0,False
2168,городской округ город Ефремов,Тульская область,2,Индустриальные города и пригороды,2,1.0,0.6288,1,Малые города и районы со смешанной экономикой,1.0,False
2169,городской округ город Новомосковск,Тульская область,2,Индустриальные города и пригороды,2,1.0,0.7198,3,Столичные агломерации,1.0,False
217,Питкярантский муниципальный район,Республика Карелия,1,Малые города и районы со смешанной экономикой,1,1.0,0.4394,2,Индустриальные города и пригороды,1.0,False
2171,Арсеньевский муниципальный район,Тульская область,0,Малые сельские МО,0,1.0,0.3453,1,Малые города и районы со смешанной экономикой,1.0,False
2172,Белевский муниципальный район,Тульская область,0,Малые сельские МО,0,1.0,0.2134,1,Малые города и районы со смешанной экономикой,1.0,False
2173,Богородицкий муниципальный район,Тульская область,2,Индустриальные города и пригороды,2,1.0,0.4127,1,Малые города и районы со смешанной экономикой,1.0,False
2174,Веневский муниципальный район,Тульская область,1,Малые города и районы со смешанной экономикой,1,1.0,0.3282,0,Малые сельские МО,1.0,False
2175,Воловский муниципальный район,Тульская область,0,Малые сельские МО,0,1.0,0.0477,1,Малые города и районы со смешанной экономикой,1.0,False
2176,Дубенский муниципальный район,Тульская область,1,Малые города и районы со смешанной экономикой,1,1.0,0.1702,0,Малые сельские МО,0.8824,False
2177,Заокский муниципальный район,Тульская область,2,Индустриальные города и пригороды,2,1.0,0.36,0,Малые сельские МО,1.0,False
2178,Каменский муниципальный район,Тульская область,0,Малые сельские МО,0,1.0,0.2493,1,Малые города и районы со смешанной экономикой,1.0,False
2179,Кимовский муниципальный район,Тульская область,1,Малые города и районы со смешанной экономикой,1,1.0,0.1339,2,Индустриальные города и пригороды,1.0,False
218,Прионежский муниципальный район,Республика Карелия,2,Индустриальные города и пригороды,2,1.0,0.017,1,Малые города и районы со смешанной экономикой,0.625,True
2180,Киреевский муниципальный район,Тульская область,1,Малые города и районы со смешанной экономикой,1,1.0,0.246,0,Малые сельские МО,1.0,False
2181,Куркинский муниципальный район,Тульская область,0,Малые сельские МО,0,1.0,0.3484,1,Малые города и районы со смешанной экономикой,1.0,False
2182,Одоевский муниципальный район,Тульская область,0,Малые сельские МО,0,1.0,0.4093,1,Малые города и районы со смешанной экономикой,1.0,False
2183,Плавский муниципальный район,Тульская область,1,Малые города и районы со смешанной экономикой,1,1.0,0.3365,2,Индустриальные города и пригороды,1.0,False
2184,Суворовский муниципальный район,Тульская область,0,Малые сельские МО,0,1.0,0.1137,1,Малые города и районы со смешанной экономикой,1.0,False
2185,Тепло-Огаревский муниципальный район,Тульская область,0,Малые сельские МО,0,1.0,0.4872,1,Малые города и районы со смешанной экономикой,1.0,False
2186,Узловский муниципальный район,Тульская область,2,Индустриальные города и пригороды,2,1.0,0.5836,1,Малые города и районы со смешанной экономикой,1.0,False
2187,Чернский муниципальный район,Тульская область,0,Малые сельские МО,0,1.0,0.248,1,Малые города и районы со смешанной экономикой,1.0,False
2188,Щекинский муниципальный район,Тульская область,2,Индустриальные города и пригороды,2,1.0,0.6385,1,Малые города и районы со смешанной экономикой,1.0,False
2189,Ясногорский муниципальный район,Тульская область,2,Индустриальные города и пригороды,2,1.0,0.0725,1,Малые города и районы со смешанной экономикой,0.8125,False
219,Пряжинский муниципальный район,Республика Карелия,1,Малые города и районы со смешанной экономикой,1,1.0,0.296,0,Малые сельские МО,1.0,False
2190,городской округ город Тюмень,Тюменская область,3,Столичные агломерации,3,1.0,0.1957,2,Индустриальные города и пригороды,1.0,False
2191,городской округ Заводоуковский,Тюменская область,2,Индустриальные города и пригороды,2,1.0,0.1496,1,Малые города и районы со смешанной экономикой,0.8889,False
2192,городской округ город Ишим,Тюменская область,2,Индустриальные города и пригороды,2,1.0,0.3938,1,Малые города и районы со смешанной экономикой,1.0,False
2193,городской округ город Тобольск,Тюменская область,2,Индустриальные города и пригороды,2,1.0,0.5813,3,Столичные агломерации,1.0,False
2194,городской округ город Ялуторовск,Тюменская область,2,Индустриальные города и пригороды,2,1.0,0.0431,1,Малые города и районы со смешанной экономикой,0.6667,True
2195,Абатский муниципальный район,Тюменская область,0,Малые сельские МО,0,1.0,0.5466,1,Малые города и районы со смешанной экономикой,1.0,False
2196,Армизонский муниципальный район,Тюменская область,0,Малые сельские МО,0,1.0,0.6316,1,Малые города и районы со смешанной экономикой,1.0,False
2197,Аромашевский муниципальный район,Тюменская область,0,Малые сельские МО,0,1.0,0.3638,1,Малые города и районы со смешанной экономикой,1.0,False
2198,Бердюжский муниципальный район,Тюменская область,0,Малые сельские МО,0,1.0,0.5794,1,Малые города и районы со смешанной экономикой,1.0,False
2199,Вагайский муниципальный район,Тюменская область,1,Малые города и районы со смешанной экономикой,1,1.0,0.1426,0,Малые сельские МО,0.8824,False
22,городской округ город Агидель,Республика Башкортостан,1,Малые города и районы со смешанной экономикой,1,1.0,0.4019,0,Малые сельские МО,1.0,False
220,Пудожский муниципальный район,Республика Карелия,0,Малые сельские МО,0,1.0,0.1725,1,Малые города и районы со смешанной экономикой,1.0,False
2200,Викуловский муниципальный район,Тюменская область,0,Малые сельские МО,0,1.0,0.4654,1,Малые города и районы со смешанной экономикой,1.0,False
2201,городской округ Голышмановский,Тюменская область,0,Малые сельские МО,1,0.8182,0.0361,1,Малые города и районы со смешанной экономикой,0.5714,True
2202,Исетский муниципальный район,Тюменская область,1,Малые города и районы со смешанной экономикой,1,1.0,0.2959,0,Малые сельские МО,1.0,False
2203,Ишимский муниципальный район,Тюменская область,2,Индустриальные города и пригороды,2,0.6364,0.0404,0,Малые сельские МО,0.5882,True
2204,Казанский муниципальный район,Тюменская область,0,Малые сельские МО,0,1.0,0.127,1,Малые города и районы со смешанной экономикой,1.0,False
2205,Нижнетавдинский муниципальный район,Тюменская область,1,Малые города и районы со смешанной экономикой,1,1.0,0.1364,0,Малые сельские МО,0.8125,False
2206,Омутинский муниципальный район,Тюменская область,0,Малые сельские МО,0,1.0,0.1611,1,Малые города и районы со смешанной экономикой,1.0,False
2207,Сладковский муниципальный район,Тюменская область,0,Малые сельские МО,0,1.0,0.1307,1,Малые города и районы со смешанной экономикой,1.0,False
2208,Сорокинский муниципальный район,Тюменская область,0,Малые сельские МО,0,1.0,0.2946,1,Малые города и районы со смешанной экономикой,1.0,False
221,Сегежский муниципальный район,Республика Карелия,1,Малые города и районы со смешанной экономикой,1,1.0,0.198,2,Индустриальные города и пригороды,1.0,False
2210,Тюменский муниципальный район,Тюменская область,2,Индустриальные города и пригороды,2,1.0,0.7189,3,Столичные агломерации,1.0,False
2211,Уватский муниципальный район,Тюменская область,1,Малые города и районы со смешанной экономикой,1,1.0,0.3626,2,Индустриальные города и пригороды,1.0,False
2212,Упоровский муниципальный район,Тюменская область,0,Малые сельские МО,0,0.7727,0.0347,1,Малые города и районы со смешанной экономикой,0.8667,False
2213,Юргинский муниципальный район,Тюменская область,0,Малые сельские МО,0,1.0,0.3074,1,Малые города и районы со смешанной экономикой,1.0,False
2215,Ярковский муниципальный район,Тюменская область,1,Малые города и районы со смешанной экономикой,1,1.0,0.2842,0,Малые сельские МО,1.0,False
2216,городской округ город Ханты-Мансийск,Ханты-Мансийский автономный округ — Югра,2,Индустриальные города и пригороды,2,1.0,0.0865,3,Столичные агломерации,0.6667,True
2217,городской округ город Когалым,Ханты-Мансийский автономный округ — Югра,2,Индустриальные города и пригороды,2,1.0,0.1165,3,Столичные агломерации,0.7647,False
2218,городской округ город Лангепас,Ханты-Мансийский автономный округ — Югра,1,Малые города и районы со смешанной экономикой,1,1.0,0.0873,2,Индустриальные города и пригороды,0.6667,True
2219,городской округ город Мегион,Ханты-Мансийский автономный округ — Югра,2,Индустриальные города и пригороды,2,1.0,0.1523,3,Столичные агломерации,0.8462,False
222,Сортавальский муниципальный район,Республика Карелия,2,Индустриальные города и пригороды,2,1.0,0.4735,1,Малые города и районы со смешанной экономикой,1.0,False
2220,городской округ город Нефтеюганск,Ханты-Мансийский автономный округ — Югра,2,Индустриальные города и пригороды,2,1.0,0.1248,3,Столичные агломерации,0.9412,False
2221,городской округ город Нижневартовск,Ханты-Мансийский автономный округ — Югра,3,Столичные агломерации,3,1.0,0.1062,2,Индустриальные города и пригороды,0.75,False
2222,городской округ город Нягань,Ханты-Мансийский автономный округ — Югра,2,Индустриальные города и пригороды,2,1.0,0.1607,3,Столичные агломерации,0.9333,False
2223,городской округ город Покачи,Ханты-Мансийский автономный округ — Югра,1,Малые города и районы со смешанной экономикой,1,1.0,0.1014,2,Индустриальные города и пригороды,0.7647,False
2224,городской округ город Пыть-Ях,Ханты-Мансийский автономный округ — Югра,2,Индустриальные города и пригороды,2,1.0,0.2154,1,Малые города и районы со смешанной экономикой,0.8889,False
2225,городской округ город Радужный,Ханты-Мансийский автономный округ — Югра,1,Малые города и районы со смешанной экономикой,1,1.0,0.132,2,Индустриальные города и пригороды,0.9286,False
2226,городской округ город Сургут,Ханты-Мансийский автономный округ — Югра,3,Столичные агломерации,3,1.0,0.0362,2,Индустриальные города и пригороды,0.5625,True
2227,городской округ город Урай,Ханты-Мансийский автономный округ — Югра,2,Индустриальные города и пригороды,2,1.0,0.1499,1,Малые города и районы со смешанной экономикой,0.9375,False
2228,городской округ город Югорск,Ханты-Мансийский автономный округ — Югра,2,Индустриальные города и пригороды,2,1.0,0.0825,3,Столичные агломерации,1.0,False
2229,Белоярский муниципальный район,Ханты-Мансийский автономный округ — Югра,1,Малые города и районы со смешанной экономикой,1,1.0,0.0269,2,Индустриальные города и пригороды,0.5625,True
223,Суоярвский муниципальный округ,Республика Карелия,1,Малые города и районы со смешанной экономикой,1,1.0,0.6009,0,Малые сельские МО,1.0,False
2230,Березовский муниципальный район,Ханты-Мансийский автономный округ — Югра,1,Малые города и районы со смешанной экономикой,1,0.5,0.1075,4,Ресурсный Север и Дальний Восток,0.875,False
2231,Кондинский муниципальный район,Ханты-Мансийский автономный округ — Югра,1,Малые города и районы со смешанной экономикой,1,1.0,0.0655,2,Индустриальные города и пригороды,0.8824,False
2232,Нефтеюганский муниципальный район,Ханты-Мансийский автономный округ — Югра,4,Ресурсный Север и Дальний Восток,2,0.6818,0.015,2,Индустриальные города и пригороды,0.3125,True
2233,Нижневартовский муниципальный район,Ханты-Мансийский автономный округ — Югра,1,Малые города и районы со смешанной экономикой,1,1.0,0.0826,4,Ресурсный Север и Дальний Восток,0.8667,False
2234,Октябрьский муниципальный район,Ханты-Мансийский автономный округ — Югра,1,Малые города и районы со смешанной экономикой,1,1.0,0.1027,4,Ресурсный Север и Дальний Восток,0.7059,True
2235,Советский муниципальный район,Ханты-Мансийский автономный округ — Югра,2,Индустриальные города и пригороды,2,1.0,0.0858,1,Малые города и районы со смешанной экономикой,0.9231,False
2236,Сургутский муниципальный район,Ханты-Мансийский автономный округ — Югра,1,Малые города и районы со смешанной экономикой,1,1.0,0.0406,2,Индустриальные города и пригороды,0.4,True
2237,Ханты-Мансийский муниципальный район,Ханты-Мансийский автономный округ — Югра,1,Малые города и районы со смешанной экономикой,1,1.0,0.026,2,Индустриальные города и пригороды,0.4615,True
2238,городской округ город Салехард,Ямало-Ненецкий автономный округ,4,Ресурсный Север и Дальний Восток,4,1.0,0.0826,2,Индустриальные города и пригороды,0.3571,True
224,городской округ Сыктывкар,Республика Коми,2,Индустриальные города и пригороды,2,1.0,0.4205,3,Столичные агломерации,1.0,False
2241,городской округ город Муравленко,Ямало-Ненецкий автономный округ,1,Малые города и районы со смешанной экономикой,1,1.0,0.0483,2,Индустриальные города и пригороды,0.6316,True
2242,городской округ город Новый Уренгой,Ямало-Ненецкий автономный округ,2,Индустриальные города и пригороды,2,1.0,0.0563,4,Ресурсный Север и Дальний Восток,0.8333,False
2243,городской округ город Ноябрьск,Ямало-Ненецкий автономный округ,2,Индустриальные города и пригороды,2,1.0,0.0441,3,Столичные агломерации,0.6923,True
2244,муниципальный округ Красноселькупский район,Ямало-Ненецкий автономный округ,4,Ресурсный Север и Дальний Восток,4,1.0,0.5004,1,Малые города и районы со смешанной экономикой,1.0,False
2245,муниципальный округ Надымский район,Ямало-Ненецкий автономный округ,2,Индустриальные города и пригороды,2,1.0,0.0316,4,Ресурсный Север и Дальний Восток,0.5714,True
2248,муниципальный округ Тазовский район,Ямало-Ненецкий автономный округ,4,Ресурсный Север и Дальний Восток,4,1.0,0.438,2,Индустриальные города и пригороды,1.0,False
2249,муниципальный округ Шурышкарский район,Ямало-Ненецкий автономный округ,4,Ресурсный Север и Дальний Восток,4,1.0,0.6929,1,Малые города и районы со смешанной экономикой,1.0,False
225,городской округ Воркута,Республика Коми,4,Ресурсный Север и Дальний Восток,4,1.0,0.0422,1,Малые города и районы со смешанной экономикой,0.3529,True
2250,муниципальный округ Ямальский район,Ямало-Ненецкий автономный округ,4,Ресурсный Север и Дальний Восток,4,1.0,0.5126,2,Индустриальные города и пригороды,1.0,False
2251,городской округ город Ульяновск,Ульяновская область,2,Индустриальные города и пригороды,2,1.0,0.1424,3,Столичные агломерации,0.8333,False
2252,городской округ город Димитровград,Ульяновская область,2,Индустриальные города и пригороды,2,1.0,0.5478,3,Столичные агломерации,1.0,False
2253,городской округ город Новоульяновск,Ульяновская область,1,Малые города и районы со смешанной экономикой,1,1.0,0.3603,0,Малые сельские МО,1.0,False
2254,Базарносызганский муниципальный район,Ульяновская область,0,Малые сельские МО,0,1.0,0.5579,1,Малые города и районы со смешанной экономикой,1.0,False
2255,Барышский муниципальный район,Ульяновская область,0,Малые сельские МО,0,1.0,0.4146,1,Малые города и районы со смешанной экономикой,1.0,False
2256,Вешкаймский муниципальный район,Ульяновская область,0,Малые сельские МО,0,1.0,0.4447,1,Малые города и районы со смешанной экономикой,1.0,False
2257,Инзенский муниципальный район,Ульяновская область,0,Малые сельские МО,0,1.0,0.3682,1,Малые города и районы со смешанной экономикой,1.0,False
2258,Карсунский муниципальный район,Ульяновская область,0,Малые сельские МО,0,1.0,0.4573,1,Малые города и районы со смешанной экономикой,1.0,False
2259,Кузоватовский муниципальный район,Ульяновская область,0,Малые сельские МО,0,1.0,0.4405,1,Малые города и районы со смешанной экономикой,1.0,False
226,городской округ Вуктыл,Республика Коми,1,Малые города и районы со смешанной экономикой,1,1.0,0.2026,4,Ресурсный Север и Дальний Восток,0.9091,False
2260,Майнский муниципальный район,Ульяновская область,0,Малые сельские МО,0,1.0,0.3582,1,Малые города и районы со смешанной экономикой,1.0,False
2262,Николаевский муниципальный район,Ульяновская область,0,Малые сельские МО,0,1.0,0.3023,1,Малые города и районы со смешанной экономикой,1.0,False
2264,Новоспасский муниципальный район,Ульяновская область,1,Малые города и районы со смешанной экономикой,1,1.0,0.2273,0,Малые сельские МО,0.9231,False
2265,Павловский муниципальный район,Ульяновская область,0,Малые сельские МО,0,0.7727,0.1132,1,Малые города и районы со смешанной экономикой,1.0,False
2266,Радищевский муниципальный район,Ульяновская область,0,Малые сельские МО,0,1.0,0.5725,1,Малые города и районы со смешанной экономикой,1.0,False
2267,Сенгилеевский муниципальный район,Ульяновская область,1,Малые города и районы со смешанной экономикой,0,0.5,0.0894,0,Малые сельские МО,0.9286,False
2268,Старокулаткинский муниципальный район,Ульяновская область,0,Малые сельские МО,0,1.0,0.5331,1,Малые города и районы со смешанной экономикой,1.0,False
2269,Старомайнский муниципальный район,Ульяновская область,0,Малые сельские МО,0,1.0,0.3458,1,Малые города и районы со смешанной экономикой,1.0,False
227,городской округ Инта,Республика Коми,1,Малые города и районы со смешанной экономикой,1,1.0,0.123,4,Ресурсный Север и Дальний Восток,0.8462,False
2270,Сурский муниципальный район,Ульяновская область,0,Малые сельские МО,0,1.0,0.3904,1,Малые города и районы со смешанной экономикой,1.0,False
2271,Тереньгульский муниципальный район,Ульяновская область,0,Малые сельские МО,0,1.0,0.3732,1,Малые города и районы со смешанной экономикой,1.0,False
2272,Ульяновский муниципальный район,Ульяновская область,1,Малые города и районы со смешанной экономикой,1,1.0,0.2153,0,Малые сельские МО,0.8333,False
2274,Чердаклинский муниципальный район,Ульяновская область,1,Малые города и районы со смешанной экономикой,1,1.0,0.2002,2,Индустриальные города и пригороды,1.0,False
2275,городской округ Челябинский,Челябинская область,2,Индустриальные города и пригороды,2,1.0,0.0632,3,Столичные агломерации,0.7778,False
2276,городской округ Верхнеуфалейский,Челябинская область,2,Индустриальные города и пригороды,2,1.0,0.0695,1,Малые города и районы со смешанной экономикой,0.9333,False
2278,городской округ Карабашский,Челябинская область,1,Малые города и районы со смешанной экономикой,1,1.0,0.3317,2,Индустриальные города и пригороды,1.0,False
2279,городской округ Копейский,Челябинская область,2,Индустриальные города и пригороды,2,1.0,0.7908,3,Столичные агломерации,1.0,False
228,городской округ Усинск,Республика Коми,4,Ресурсный Север и Дальний Восток,4,1.0,0.0202,1,Малые города и районы со смешанной экономикой,0.4706,True
2280,городской округ Кыштымский,Челябинская область,2,Индустриальные города и пригороды,2,1.0,0.5724,1,Малые города и районы со смешанной экономикой,1.0,False
2281,городской округ Магнитогорский,Челябинская область,2,Индустриальные города и пригороды,2,1.0,0.4403,3,Столичные агломерации,1.0,False
2282,городской округ Миасский,Челябинская область,2,Индустриальные города и пригороды,2,1.0,0.4743,3,Столичные агломерации,1.0,False
2286,городской округ Троицкий,Челябинская область,2,Индустриальные города и пригороды,2,1.0,0.5627,1,Малые города и районы со смешанной экономикой,1.0,False
2287,городской округ Усть-Катавский,Челябинская область,2,Индустриальные города и пригороды,2,1.0,0.2479,1,Малые города и районы со смешанной экономикой,1.0,False
2288,городской округ Чебаркульский,Челябинская область,2,Индустриальные города и пригороды,2,1.0,0.6629,3,Столичные агломерации,1.0,False
2289,городской округ Южноуральский,Челябинская область,2,Индустриальные города и пригороды,2,1.0,0.5531,1,Малые города и районы со смешанной экономикой,1.0,False
229,городской округ Ухта,Республика Коми,2,Индустриальные города и пригороды,2,1.0,0.1596,1,Малые города и районы со смешанной экономикой,0.9375,False
2292,Аргаяшский муниципальный район,Челябинская область,1,Малые города и районы со смешанной экономикой,1,1.0,0.2093,0,Малые сельские МО,1.0,False
2293,Ашинский муниципальный район,Челябинская область,1,Малые города и районы со смешанной экономикой,2,0.5909,0.0422,2,Индустриальные города и пригороды,0.4,True
2294,Брединский муниципальный район,Челябинская область,0,Малые сельские МО,0,1.0,0.4084,1,Малые города и районы со смешанной экономикой,1.0,False
2295,Варненский муниципальный район,Челябинская область,1,Малые города и районы со смешанной экономикой,1,1.0,0.0449,0,Малые сельские МО,0.7647,False
2296,Верхнеуральский муниципальный район,Челябинская область,1,Малые города и районы со смешанной экономикой,1,1.0,0.3121,0,Малые сельские МО,1.0,False
2297,Еманжелинский муниципальный район,Челябинская область,1,Малые города и районы со смешанной экономикой,1,1.0,0.3174,2,Индустриальные города и пригороды,1.0,False
2298,Еткульский муниципальный район,Челябинская область,1,Малые города и районы со смешанной экономикой,1,1.0,0.0978,0,Малые сельские МО,0.9474,False
2299,Карталинский муниципальный район,Челябинская область,1,Малые города и районы со смешанной экономикой,1,1.0,0.2495,2,Индустриальные города и пригороды,1.0,False
23,городской округ город Кумертау,Республика Башкортостан,2,Индустриальные города и пригороды,2,1.0,0.4881,1,Малые города и районы со смешанной экономикой,1.0,False
230,Ижемский муниципальный район,Республика Коми,0,Малые сельские МО,0,1.0,0.0636,1,Малые города и районы со смешанной экономикой,0.3529,True
2300,Каслинский муниципальный район,Челябинская область,1,Малые города и районы со смешанной экономикой,1,1.0,0.1631,0,Малые сельские МО,0.8333,False
2301,Катав-Ивановский муниципальный район,Челябинская область,0,Малые сельские МО,2,0.5455,0.0479,2,Индустриальные города и пригороды,0.3333,True
2302,Кизильский муниципальный район,Челябинская область,0,Малые сельские МО,0,1.0,0.229,1,Малые города и районы со смешанной экономикой,1.0,False
2303,Коркинский муниципальный округ,Челябинская область,2,Индустриальные города и пригороды,2,1.0,0.4552,1,Малые города и районы со смешанной экономикой,1.0,False
2304,Красноармейский муниципальный район,Челябинская область,1,Малые города и районы со смешанной экономикой,1,1.0,0.4442,0,Малые сельские МО,1.0,False
2305,Кунашакский муниципальный район,Челябинская область,0,Малые сельские МО,0,1.0,0.4249,1,Малые города и районы со смешанной экономикой,1.0,False
2307,Нагайбакский муниципальный район,Челябинская область,1,Малые города и районы со смешанной экономикой,0,0.5455,0.0599,0,Малые сельские МО,0.8,False
2308,Нязепетровский муниципальный район,Челябинская область,0,Малые сельские МО,0,1.0,0.3657,1,Малые города и районы со смешанной экономикой,1.0,False
2309,Октябрьский муниципальный район,Челябинская область,0,Малые сельские МО,0,1.0,0.3367,1,Малые города и районы со смешанной экономикой,1.0,False
231,Княжпогостский муниципальный район,Республика Коми,1,Малые города и районы со смешанной экономикой,1,1.0,0.4741,2,Индустриальные города и пригороды,1.0,False
2310,Пластовский муниципальный район,Челябинская область,1,Малые города и районы со смешанной экономикой,1,1.0,0.3969,0,Малые сельские МО,1.0,False
2311,Саткинский муниципальный район,Челябинская область,2,Индустриальные города и пригороды,2,1.0,0.6352,1,Малые города и районы со смешанной экономикой,1.0,False
2312,Сосновский муниципальный район,Челябинская область,2,Индустриальные города и пригороды,2,1.0,0.4484,3,Столичные агломерации,1.0,False
2314,Увельский муниципальный район,Челябинская область,1,Малые города и районы со смешанной экономикой,1,1.0,0.5041,0,Малые сельские МО,1.0,False
2315,Уйский муниципальный район,Челябинская область,0,Малые сельские МО,0,1.0,0.4919,1,Малые города и районы со смешанной экономикой,1.0,False
2316,Чебаркульский муниципальный район,Челябинская область,1,Малые города и районы со смешанной экономикой,1,1.0,0.0536,2,Индустриальные города и пригороды,1.0,False
2317,Чесменский муниципальный район,Челябинская область,0,Малые сельские МО,0,1.0,0.4975,1,Малые города и районы со смешанной экономикой,1.0,False
2318,городской округ город Ярославль,Ярославская область,2,Индустриальные города и пригороды,2,1.0,0.1847,3,Столичные агломерации,0.6875,True
232,Койгородский муниципальный район,Республика Коми,1,Малые города и районы со смешанной экономикой,1,1.0,0.0566,0,Малые сельские МО,0.8421,False
2320,городской округ город Рыбинск,Ярославская область,2,Индустриальные города и пригороды,2,1.0,0.6219,3,Столичные агломерации,1.0,False
2321,Большесельский муниципальный район,Ярославская область,0,Малые сельские МО,0,1.0,0.1702,1,Малые города и районы со смешанной экономикой,1.0,False
2322,Борисоглебский муниципальный район,Ярославская область,0,Малые сельские МО,0,1.0,0.1065,1,Малые города и районы со смешанной экономикой,0.8824,False
2323,Брейтовский муниципальный район,Ярославская область,0,Малые сельские МО,0,1.0,0.4839,1,Малые города и районы со смешанной экономикой,1.0,False
2324,Гаврилов-Ямский муниципальный район,Ярославская область,1,Малые города и районы со смешанной экономикой,1,1.0,0.4289,0,Малые сельские МО,1.0,False
2325,Даниловский муниципальный район,Ярославская область,1,Малые города и районы со смешанной экономикой,1,1.0,0.3444,0,Малые сельские МО,1.0,False
2326,Любимский муниципальный район,Ярославская область,1,Малые города и районы со смешанной экономикой,1,0.7273,0.1344,0,Малые сельские МО,0.8667,False
2327,Мышкинский муниципальный район,Ярославская область,1,Малые города и районы со смешанной экономикой,1,1.0,0.307,0,Малые сельские МО,1.0,False
2328,Некоузский муниципальный район,Ярославская область,1,Малые города и районы со смешанной экономикой,1,1.0,0.3895,0,Малые сельские МО,1.0,False
2329,Некрасовский муниципальный район,Ярославская область,1,Малые города и районы со смешанной экономикой,1,1.0,0.159,0,Малые сельские МО,0.8,False
233,Корткеросский муниципальный район,Республика Коми,1,Малые города и районы со смешанной экономикой,1,1.0,0.15,0,Малые сельские МО,0.8889,False
2330,Первомайский муниципальный район,Ярославская область,0,Малые сельские МО,1,0.5909,0.1151,1,Малые города и районы со смешанной экономикой,0.6111,True
2332,Пошехонский муниципальный район,Ярославская область,0,Малые сельские МО,0,1.0,0.2023,1,Малые города и районы со смешанной экономикой,1.0,False
2333,Ростовский муниципальный район,Ярославская область,2,Индустриальные города и пригороды,2,1.0,0.4905,1,Малые города и районы со смешанной экономикой,1.0,False
2334,Рыбинский муниципальный район,Ярославская область,2,Индустриальные города и пригороды,2,1.0,0.0629,1,Малые города и районы со смешанной экономикой,0.9412,False
2335,Тутаевский муниципальный район,Ярославская область,2,Индустриальные города и пригороды,2,1.0,0.4174,1,Малые города и районы со смешанной экономикой,1.0,False
2336,Угличский муниципальный район,Ярославская область,2,Индустриальные города и пригороды,2,1.0,0.5895,1,Малые города и районы со смешанной экономикой,1.0,False
2337,Ярославский муниципальный район,Ярославская область,2,Индустриальные города и пригороды,2,1.0,0.2763,3,Столичные агломерации,1.0,False
2338,городской округ город Биробиджан,Еврейская автономная область,2,Индустриальные города и пригороды,2,1.0,0.2046,3,Столичные агломерации,1.0,False
2339,Биробиджанский муниципальный район,Еврейская автономная область,4,Ресурсный Север и Дальний Восток,4,1.0,0.4122,0,Малые сельские МО,1.0,False
234,муниципальный район Печора,Республика Коми,1,Малые города и районы со смешанной экономикой,1,1.0,0.1126,2,Индустриальные города и пригороды,0.8824,False
2340,Ленинский муниципальный район,Еврейская автономная область,2,Индустриальные города и пригороды,2,1.0,0.0407,0,Малые сельские МО,0.625,True
2341,Облученский муниципальный район,Еврейская автономная область,4,Ресурсный Север и Дальний Восток,4,1.0,0.14,1,Малые города и районы со смешанной экономикой,0.5714,True
2342,Октябрьский муниципальный район,Еврейская автономная область,0,Малые сельские МО,0,0.5909,0.1168,1,Малые города и районы со смешанной экономикой,0.8824,False
2343,Смидовичский муниципальный район,Еврейская автономная область,1,Малые города и районы со смешанной экономикой,4,0.6364,0.0807,4,Ресурсный Север и Дальний Восток,0.5294,True
2344,городской округ Анадырь,Чукотский автономный округ,4,Ресурсный Север и Дальний Восток,4,1.0,0.5149,2,Индустриальные города и пригороды,1.0,False
2345,городской округ Эгвекинот,Чукотский автономный округ,4,Ресурсный Север и Дальний Восток,4,1.0,0.4647,2,Индустриальные города и пригороды,1.0,False
2348,Анадырский муниципальный район,Чукотский автономный округ,4,Ресурсный Север и Дальний Восток,4,1.0,0.554,2,Индустриальные города и пригороды,1.0,False
2349,Билибинский муниципальный район,Чукотский автономный округ,4,Ресурсный Север и Дальний Восток,4,1.0,0.5278,2,Индустриальные города и пригороды,1.0,False
235,Прилузский муниципальный район,Республика Коми,1,Малые города и районы со смешанной экономикой,1,1.0,0.1676,0,Малые сельские МО,0.8824,False
2351,внутригородская территория города федерального значения муниципальный округ Коломна,Санкт-Петербург,2,Индустриальные города и пригороды,2,1.0,0.3786,3,Столичные агломерации,1.0,False
2352,внутригородская территория города федерального значения муниципальный округ Сенной округ,Санкт-Петербург,3,Столичные агломерации,3,1.0,0.6196,2,Индустриальные города и пригороды,1.0,False
2353,внутригородская территория города федерального значения муниципальный округ Адмиралтейский округ,Санкт-Петербург,3,Столичные агломерации,3,1.0,0.4154,2,Индустриальные города и пригороды,1.0,False
2354,внутригородская территория города федерального значения муниципальный округ Семеновский,Санкт-Петербург,3,Столичные агломерации,3,1.0,0.1838,2,Индустриальные города и пригороды,1.0,False
2355,внутригородская территория города федерального значения муниципальный округ Измайловское,Санкт-Петербург,3,Столичные агломерации,3,1.0,0.573,2,Индустриальные города и пригороды,1.0,False
2356,внутригородская территория города федерального значения муниципальный округ Екатерингофский,Санкт-Петербург,3,Столичные агломерации,3,1.0,0.5983,2,Индустриальные города и пригороды,1.0,False
2357,внутригородская территория города федерального значения муниципальный округ № 7,Санкт-Петербург,3,Столичные агломерации,3,1.0,0.6092,2,Индустриальные города и пригороды,1.0,False
2358,внутригородская территория города федерального значения муниципальный округ Васильевский,Санкт-Петербург,3,Столичные агломерации,3,1.0,0.5895,2,Индустриальные города и пригороды,1.0,False
2359,внутригородская территория города федерального значения муниципальный округ Гавань,Санкт-Петербург,3,Столичные агломерации,3,1.0,0.5908,2,Индустриальные города и пригороды,1.0,False
236,муниципальный район Сосногорск,Республика Коми,1,Малые города и районы со смешанной экономикой,1,1.0,0.2898,2,Индустриальные города и пригороды,1.0,False
2360,внутригородская территория города федерального значения муниципальный округ Морской,Санкт-Петербург,3,Столичные агломерации,3,1.0,0.5727,2,Индустриальные города и пригороды,1.0,False
2361,внутригородская территория города федерального значения муниципальный округ Остров Декабристов,Санкт-Петербург,3,Столичные агломерации,3,1.0,0.5938,2,Индустриальные города и пригороды,1.0,False
2362,внутригородская территория города федерального значения поселок Левашово,Санкт-Петербург,2,Индустриальные города и пригороды,2,1.0,0.3348,3,Столичные агломерации,1.0,False
2363,внутригородская территория города федерального значения поселок Парголово,Санкт-Петербург,3,Столичные агломерации,3,1.0,0.3753,2,Индустриальные города и пригороды,1.0,False
2364,внутригородская территория города федерального значения муниципальный округ Сампсониевское,Санкт-Петербург,3,Столичные агломерации,3,1.0,0.7517,2,Индустриальные города и пригороды,1.0,False
2365,внутригородская территория города федерального значения муниципальный округ Светлановское,Санкт-Петербург,3,Столичные агломерации,3,1.0,0.586,2,Индустриальные города и пригороды,1.0,False
2366,внутригородская территория города федерального значения муниципальный округ Сосновское,Санкт-Петербург,2,Индустриальные города и пригороды,2,1.0,0.1001,3,Столичные агломерации,1.0,False
2367,внутригородская территория города федерального значения муниципальный округ № 15,Санкт-Петербург,3,Столичные агломерации,3,1.0,0.2841,2,Индустриальные города и пригороды,1.0,False
2368,внутригородская территория города федерального значения муниципальный округ Сергиевское,Санкт-Петербург,2,Индустриальные города и пригороды,2,1.0,0.1585,3,Столичные агломерации,0.9474,False
2369,внутригородская территория города федерального значения муниципальный округ Шувалово-Озерки,Санкт-Петербург,3,Столичные агломерации,3,1.0,0.273,2,Индустриальные города и пригороды,1.0,False
237,Сыктывдинский муниципальный район,Республика Коми,1,Малые города и районы со смешанной экономикой,1,1.0,0.1645,2,Индустриальные города и пригороды,1.0,False
2370,внутригородская территория города федерального значения поселок Лисий Нос,Санкт-Петербург,2,Индустриальные города и пригороды,2,1.0,0.1375,3,Столичные агломерации,1.0,False
2371,внутригородская территория города федерального значения муниципальный округ Лахта-Ольгино,Санкт-Петербург,3,Столичные агломерации,3,1.0,0.3043,2,Индустриальные города и пригороды,1.0,False
2372,внутригородская территория города федерального значения муниципальный округ № 65,Санкт-Петербург,3,Столичные агломерации,3,1.0,0.6539,2,Индустриальные города и пригороды,1.0,False
2373,внутригородская территория города федерального значения муниципальный округ Ланское,Санкт-Петербург,3,Столичные агломерации,3,1.0,0.5463,2,Индустриальные города и пригороды,1.0,False
2374,внутригородская территория города федерального значения муниципальный округ Комендантский аэродром,Санкт-Петербург,3,Столичные агломерации,3,1.0,0.7034,2,Индустриальные города и пригороды,1.0,False
2375,внутригородская территория города федерального значения муниципальный округ Озеро Долгое,Санкт-Петербург,3,Столичные агломерации,3,1.0,0.5329,2,Индустриальные города и пригороды,1.0,False
2376,внутригородская территория города федерального значения муниципальный округ Юнтолово,Санкт-Петербург,3,Столичные агломерации,3,1.0,0.6916,2,Индустриальные города и пригороды,1.0,False
2377,внутригородская территория города федерального значения муниципальный округ Коломяги,Санкт-Петербург,3,Столичные агломерации,3,1.0,0.0747,2,Индустриальные города и пригороды,0.9375,False
2378,внутригородская территория города федерального значения муниципальный округ Гражданка,Санкт-Петербург,3,Столичные агломерации,3,1.0,0.0356,2,Индустриальные города и пригороды,0.5625,True
2379,внутригородская территория города федерального значения муниципальный округ Академическое,Санкт-Петербург,2,Индустриальные города и пригороды,2,1.0,0.2017,3,Столичные агломерации,1.0,False
238,Сысольский муниципальный район,Республика Коми,1,Малые города и районы со смешанной экономикой,1,0.7273,0.0581,0,Малые сельские МО,0.7059,True
2380,внутригородская территория города федерального значения муниципальный округ Финляндский округ,Санкт-Петербург,3,Столичные агломерации,3,1.0,0.4975,2,Индустриальные города и пригороды,1.0,False
2381,внутригородская территория города федерального значения муниципальный округ № 21,Санкт-Петербург,3,Столичные агломерации,3,1.0,0.2851,2,Индустриальные города и пригороды,0.9412,False
2382,внутригородская территория города федерального значения муниципальный округ Пискаревка,Санкт-Петербург,3,Столичные агломерации,3,1.0,0.2009,2,Индустриальные города и пригороды,1.0,False
2383,внутригородская территория города федерального значения муниципальный округ Северный,Санкт-Петербург,2,Индустриальные города и пригороды,2,1.0,0.0745,3,Столичные агломерации,0.6923,True
2384,внутригородская территория города федерального значения муниципальный округ Прометей,Санкт-Петербург,2,Индустриальные города и пригороды,2,1.0,0.2542,3,Столичные агломерации,1.0,False
2385,внутригородская территория города федерального значения муниципальный округ Княжево,Санкт-Петербург,3,Столичные агломерации,3,1.0,0.5351,2,Индустриальные города и пригороды,1.0,False
2386,внутригородская территория города федерального значения муниципальный округ Ульянка,Санкт-Петербург,2,Индустриальные города и пригороды,2,1.0,0.0869,3,Столичные агломерации,1.0,False
2387,внутригородская территория города федерального значения муниципальный округ Дачное,Санкт-Петербург,2,Индустриальные города и пригороды,2,1.0,0.0921,3,Столичные агломерации,1.0,False
2388,внутригородская территория города федерального значения муниципальный округ Автово,Санкт-Петербург,3,Столичные агломерации,3,1.0,0.27,2,Индустриальные города и пригороды,1.0,False
2389,внутригородская территория города федерального значения муниципальный округ Нарвский округ,Санкт-Петербург,3,Столичные агломерации,3,1.0,0.2953,2,Индустриальные города и пригороды,1.0,False
239,Троицко-Печорский муниципальный район,Республика Коми,1,Малые города и районы со смешанной экономикой,1,1.0,0.1556,0,Малые сельские МО,0.7692,False
2390,внутригородская территория города федерального значения муниципальный округ Красненькая речка,Санкт-Петербург,2,Индустриальные города и пригороды,2,1.0,0.1831,3,Столичные агломерации,1.0,False
2391,внутригородская территория города федерального значения муниципальный округ Морские ворота,Санкт-Петербург,2,Индустриальные города и пригороды,2,1.0,0.0341,3,Столичные агломерации,0.6154,True
2392,внутригородская территория города федерального значения город Колпино,Санкт-Петербург,2,Индустриальные города и пригороды,2,1.0,0.4161,3,Столичные агломерации,1.0,False
2393,внутригородская территория города федерального значения поселок Металлострой,Санкт-Петербург,2,Индустриальные города и пригороды,2,1.0,0.2879,3,Столичные агломерации,1.0,False
2395,внутригородская территория города федерального значения поселок Понтонный,Санкт-Петербург,2,Индустриальные города и пригороды,2,1.0,0.2142,3,Столичные агломерации,1.0,False
2398,внутригородская территория города федерального значения муниципальный округ Полюстрово,Санкт-Петербург,3,Столичные агломерации,3,1.0,0.283,2,Индустриальные города и пригороды,1.0,False
2399,внутригородская территория города федерального значения муниципальный округ Большая Охта,Санкт-Петербург,3,Столичные агломерации,3,1.0,0.7565,2,Индустриальные города и пригороды,1.0,False
240,Удорский муниципальный район,Республика Коми,1,Малые города и районы со смешанной экономикой,1,1.0,0.3309,0,Малые сельские МО,0.9375,False
2400,внутригородская территория города федерального значения муниципальный округ Малая Охта,Санкт-Петербург,3,Столичные агломерации,3,1.0,0.6608,2,Индустриальные города и пригороды,1.0,False
2401,внутригородская территория города федерального значения муниципальный округ Пороховые,Санкт-Петербург,2,Индустриальные города и пригороды,2,1.0,0.1552,3,Столичные агломерации,0.875,False
2402,внутригородская территория города федерального значения муниципальный округ Ржевка,Санкт-Петербург,3,Столичные агломерации,3,1.0,0.2306,2,Индустриальные города и пригороды,1.0,False
2403,внутригородская территория города федерального значения город Красное Село,Санкт-Петербург,2,Индустриальные города и пригороды,2,1.0,0.356,3,Столичные агломерации,1.0,False
2404,внутригородская территория города федерального значения муниципальный округ Юго-Запад,Санкт-Петербург,3,Столичные агломерации,3,1.0,0.2328,2,Индустриальные города и пригороды,1.0,False
2405,внутригородская территория города федерального значения муниципальный округ Южно-Приморский,Санкт-Петербург,3,Столичные агломерации,3,1.0,0.2669,2,Индустриальные города и пригороды,1.0,False
2406,внутригородская территория города федерального значения муниципальный округ Сосновая поляна,Санкт-Петербург,2,Индустриальные города и пригороды,2,1.0,0.1077,3,Столичные агломерации,0.5333,True
2407,внутригородская территория города федерального значения муниципальный округ Урицк,Санкт-Петербург,2,Индустриальные города и пригороды,2,1.0,0.0746,3,Столичные агломерации,1.0,False
2408,внутригородская территория города федерального значения муниципальный округ Константиновское,Санкт-Петербург,2,Индустриальные города и пригороды,2,1.0,0.2873,3,Столичные агломерации,1.0,False
2409,внутригородская территория города федерального значения муниципальный округ Горелово,Санкт-Петербург,3,Столичные агломерации,3,1.0,0.2487,2,Индустриальные города и пригороды,1.0,False
241,Усть-Вымский муниципальный район,Республика Коми,1,Малые города и районы со смешанной экономикой,1,1.0,0.4242,2,Индустриальные города и пригороды,1.0,False
2410,внутригородская территория города федерального значения город Кронштадт,Санкт-Петербург,2,Индустриальные города и пригороды,2,1.0,0.367,3,Столичные агломерации,1.0,False
2411,внутригородская территория города федерального значения город Зеленогорск,Санкт-Петербург,2,Индустриальные города и пригороды,2,1.0,0.3058,1,Малые города и районы со смешанной экономикой,1.0,False
2412,внутригородская территория города федерального значения город Сестрорецк,Санкт-Петербург,3,Столичные агломерации,3,1.0,0.0407,2,Индустриальные города и пригороды,0.9375,False
2416,внутригородская территория города федерального значения поселок Песочный,Санкт-Петербург,2,Индустриальные города и пригороды,2,1.0,0.2402,1,Малые города и районы со смешанной экономикой,1.0,False
242,Усть-Куломский муниципальный район,Республика Коми,1,Малые города и районы со смешанной экономикой,1,1.0,0.0746,0,Малые сельские МО,0.8235,False
2422,внутригородская территория города федерального значения город Ломоносов,Санкт-Петербург,2,Индустриальные города и пригороды,2,1.0,0.3996,3,Столичные агломерации,1.0,False
2423,внутригородская территория города федерального значения муниципальный округ Московская застава,Санкт-Петербург,3,Столичные агломерации,3,1.0,0.6812,2,Индустриальные города и пригороды,1.0,False
2424,внутригородская территория города федерального значения муниципальный округ Гагаринское,Санкт-Петербург,3,Столичные агломерации,3,1.0,0.622,2,Индустриальные города и пригороды,1.0,False
2425,внутригородская территория города федерального значения муниципальный округ Новоизмайловское,Санкт-Петербург,3,Столичные агломерации,3,1.0,0.3598,2,Индустриальные города и пригороды,1.0,False
2426,внутригородская территория города федерального значения муниципальный округ Пулковский меридиан,Санкт-Петербург,3,Столичные агломерации,3,1.0,0.2289,2,Индустриальные города и пригороды,1.0,False
2427,внутригородская территория города федерального значения муниципальный округ Звездное,Санкт-Петербург,3,Столичные агломерации,3,1.0,0.8076,2,Индустриальные города и пригороды,1.0,False
2428,внутригородская территория города федерального значения муниципальный округ Невская застава,Санкт-Петербург,3,Столичные агломерации,3,1.0,0.609,2,Индустриальные города и пригороды,1.0,False
2429,внутригородская территория города федерального значения муниципальный округ Ивановский,Санкт-Петербург,2,Индустриальные города и пригороды,2,1.0,0.2629,3,Столичные агломерации,1.0,False
243,Усть-Цилемский муниципальный район,Республика Коми,1,Малые города и районы со смешанной экономикой,1,1.0,0.0827,0,Малые сельские МО,0.9375,False
2430,внутригородская территория города федерального значения муниципальный округ Обуховский,Санкт-Петербург,2,Индустриальные города и пригороды,2,1.0,0.2697,3,Столичные агломерации,1.0,False
2431,внутригородская территория города федерального значения муниципальный округ Рыбацкое,Санкт-Петербург,3,Столичные агломерации,3,1.0,0.2044,2,Индустриальные города и пригороды,1.0,False
2432,внутригородская территория города федерального значения муниципальный округ Народный,Санкт-Петербург,3,Столичные агломерации,2,0.6818,0.055,2,Индустриальные города и пригороды,0.8667,False
2433,внутригородская территория города федерального значения муниципальный округ № 54,Санкт-Петербург,3,Столичные агломерации,3,1.0,0.268,2,Индустриальные города и пригороды,1.0,False
2434,внутригородская территория города федерального значения муниципальный округ Невский округ,Санкт-Петербург,3,Столичные агломерации,3,1.0,0.1875,2,Индустриальные города и пригороды,1.0,False
2435,внутригородская территория города федерального значения муниципальный округ Оккервиль,Санкт-Петербург,2,Индустриальные города и пригороды,2,1.0,0.0884,3,Столичные агломерации,1.0,False
2436,внутригородская территория города федерального значения муниципальный округ Правобережный,Санкт-Петербург,2,Индустриальные города и пригороды,2,1.0,0.0799,3,Столичные агломерации,0.9375,False
2437,внутригородская территория города федерального значения город Павловск,Санкт-Петербург,2,Индустриальные города и пригороды,2,1.0,0.2724,3,Столичные агломерации,1.0,False
2439,внутригородская территория города федерального значения муниципальный округ Введенский,Санкт-Петербург,3,Столичные агломерации,3,1.0,0.1965,2,Индустриальные города и пригороды,1.0,False
2440,внутригородская территория города федерального значения муниципальный округ Кронверкское,Санкт-Петербург,3,Столичные агломерации,3,1.0,0.5317,2,Индустриальные города и пригороды,1.0,False
2441,внутригородская территория города федерального значения муниципальный округ Посадский,Санкт-Петербург,3,Столичные агломерации,3,1.0,0.6505,2,Индустриальные города и пригороды,1.0,False
2442,внутригородская территория города федерального значения муниципальный округ Аптекарский остров,Санкт-Петербург,3,Столичные агломерации,3,1.0,0.5054,2,Индустриальные города и пригороды,1.0,False
2443,внутригородская территория города федерального значения муниципальный округ округ Петровский,Санкт-Петербург,3,Столичные агломерации,3,1.0,0.2805,2,Индустриальные города и пригороды,0.9444,False
2444,внутригородская территория города федерального значения муниципальный округ Чкаловское,Санкт-Петербург,3,Столичные агломерации,3,1.0,0.6346,2,Индустриальные города и пригороды,1.0,False
2445,внутригородская территория города федерального значения город Петергоф,Санкт-Петербург,2,Индустриальные города и пригороды,2,1.0,0.3509,3,Столичные агломерации,1.0,False
2446,внутригородская территория города федерального значения поселок Стрельна,Санкт-Петербург,2,Индустриальные города и пригороды,2,1.0,0.2069,3,Столичные агломерации,1.0,False
2447,внутригородская территория города федерального значения город Пушкин,Санкт-Петербург,3,Столичные агломерации,3,1.0,0.0229,2,Индустриальные города и пригороды,0.7222,True
2449,внутригородская территория города федерального значения поселок Шушары,Санкт-Петербург,3,Столичные агломерации,3,1.0,0.3033,2,Индустриальные города и пригороды,1.0,False
2450,внутригородская территория города федерального значения муниципальный округ Волковское,Санкт-Петербург,3,Столичные агломерации,3,1.0,0.5539,2,Индустриальные города и пригороды,1.0,False
2451,внутригородская территория города федерального значения муниципальный округ № 72,Санкт-Петербург,2,Индустриальные города и пригороды,2,1.0,0.336,3,Столичные агломерации,1.0,False
2452,внутригородская территория города федерального значения муниципальный округ Купчино,Санкт-Петербург,2,Индустриальные города и пригороды,2,1.0,0.0702,3,Столичные агломерации,0.7059,True
2453,внутригородская территория города федерального значения муниципальный округ Георгиевский,Санкт-Петербург,2,Индустриальные города и пригороды,2,1.0,0.114,3,Столичные агломерации,1.0,False
2454,внутригородская территория города федерального значения муниципальный округ № 75,Санкт-Петербург,3,Столичные агломерации,3,1.0,0.3657,2,Индустриальные города и пригороды,1.0,False
2455,внутригородская территория города федерального значения муниципальный округ Балканский,Санкт-Петербург,3,Столичные агломерации,3,1.0,0.0868,2,Индустриальные города и пригороды,0.8571,False
2456,внутригородская территория города федерального значения муниципальный округ Дворцовый округ,Санкт-Петербург,3,Столичные агломерации,3,1.0,0.3585,2,Индустриальные города и пригороды,1.0,False
2457,внутригородская территория города федерального значения муниципальный округ № 78,Санкт-Петербург,3,Столичные агломерации,3,1.0,0.4441,2,Индустриальные города и пригороды,1.0,False
2458,внутригородская территория города федерального значения муниципальный округ Литейный округ,Санкт-Петербург,3,Столичные агломерации,3,1.0,0.5754,2,Индустриальные города и пригороды,1.0,False
2459,внутригородская территория города федерального значения муниципальный округ Смольнинское,Санкт-Петербург,3,Столичные агломерации,3,1.0,0.6133,2,Индустриальные города и пригороды,1.0,False
2460,внутригородская территория города федерального значения муниципальный округ Лиговка-Ямская,Санкт-Петербург,3,Столичные агломерации,3,1.0,0.4529,2,Индустриальные города и пригороды,1.0,False
2461,внутригородская территория города федерального значения муниципальный округ Владимирский округ,Санкт-Петербург,3,Столичные агломерации,3,1.0,0.7366,2,Индустриальные города и пригороды,1.0,False
2462,внутригородская территория города федерального значения муниципальный округ Богородское,Москва,3,Столичные агломерации,3,1.0,0.6567,2,Индустриальные города и пригороды,1.0,False
2463,внутригородская территория города федерального значения муниципальный округ Вешняки,Москва,3,Столичные агломерации,3,1.0,0.3306,2,Индустриальные города и пригороды,1.0,False
2464,внутригородская территория города федерального значения муниципальный округ Восточное Измайлово,Москва,3,Столичные агломерации,3,1.0,0.1403,2,Индустриальные города и пригороды,1.0,False
2465,внутригородская территория города федерального значения муниципальный округ Восточный,Москва,2,Индустриальные города и пригороды,2,1.0,0.2843,3,Столичные агломерации,1.0,False
2466,внутригородская территория города федерального значения муниципальный округ Гольяново,Москва,3,Столичные агломерации,3,1.0,0.6983,2,Индустриальные города и пригороды,1.0,False
2467,внутригородская территория города федерального значения муниципальный округ Ивановское,Москва,2,Индустриальные города и пригороды,2,1.0,0.0918,3,Столичные агломерации,0.9375,False
2468,внутригородская территория города федерального значения муниципальный округ Измайлово,Москва,3,Столичные агломерации,3,1.0,0.5575,2,Индустриальные города и пригороды,1.0,False
2469,внутригородская территория города федерального значения муниципальный округ Косино-Ухтомский,Москва,3,Столичные агломерации,3,1.0,0.7167,2,Индустриальные города и пригороды,1.0,False
2470,внутригородская территория города федерального значения муниципальный округ Новогиреево,Москва,3,Столичные агломерации,3,1.0,0.6088,2,Индустриальные города и пригороды,1.0,False
2471,внутригородская территория города федерального значения муниципальный округ Новокосино,Москва,3,Столичные агломерации,3,1.0,0.3725,2,Индустриальные города и пригороды,1.0,False
2472,внутригородская территория города федерального значения муниципальный округ Метрогородок,Москва,3,Столичные агломерации,3,1.0,0.2939,2,Индустриальные города и пригороды,0.9375,False
2473,внутригородская территория города федерального значения муниципальный округ Перово,Москва,3,Столичные агломерации,3,1.0,0.7858,2,Индустриальные города и пригороды,1.0,False
2474,внутригородская территория города федерального значения муниципальный округ Северное Измайлово,Москва,3,Столичные агломерации,3,1.0,0.5391,2,Индустриальные города и пригороды,1.0,False
2475,внутригородская территория города федерального значения муниципальный округ Соколиная гора,Москва,3,Столичные агломерации,3,1.0,0.6217,2,Индустриальные города и пригороды,1.0,False
2476,внутригородская территория города федерального значения муниципальный округ Сокольники,Москва,3,Столичные агломерации,3,1.0,0.7832,2,Индустриальные города и пригороды,1.0,False
2477,внутригородская территория города федерального значения муниципальный округ Преображенское,Москва,3,Столичные агломерации,3,1.0,0.5644,2,Индустриальные города и пригороды,1.0,False
2478,внутригородская территория города федерального значения муниципальный округ Внуково,Москва,3,Столичные агломерации,3,1.0,0.013,2,Индустриальные города и пригороды,0.4375,True
2479,внутригородская территория города федерального значения муниципальный округ Дорогомилово,Москва,3,Столичные агломерации,3,1.0,0.6144,2,Индустриальные города и пригороды,1.0,False
2480,внутригородская территория города федерального значения муниципальный округ Крылатское,Москва,3,Столичные агломерации,3,1.0,0.7614,2,Индустриальные города и пригороды,1.0,False
2481,внутригородская территория города федерального значения муниципальный округ Кунцево,Москва,3,Столичные агломерации,3,1.0,0.7942,2,Индустриальные города и пригороды,1.0,False
2482,внутригородская территория города федерального значения муниципальный округ Можайский,Москва,3,Столичные агломерации,3,1.0,0.7992,2,Индустриальные города и пригороды,1.0,False
2483,внутригородская территория города федерального значения муниципальный округ Ново-Переделкино,Москва,3,Столичные агломерации,3,1.0,0.8234,2,Индустриальные города и пригороды,1.0,False
2484,внутригородская территория города федерального значения муниципальный округ Очаково-Матвеевское,Москва,3,Столичные агломерации,3,1.0,0.3438,2,Индустриальные города и пригороды,1.0,False
2485,внутригородская территория города федерального значения муниципальный округ Проспект Вернадского,Москва,3,Столичные агломерации,3,1.0,0.8251,2,Индустриальные города и пригороды,1.0,False
2486,внутригородская территория города федерального значения муниципальный округ Раменки,Москва,3,Столичные агломерации,3,1.0,0.5479,2,Индустриальные города и пригороды,1.0,False
2487,внутригородская территория города федерального значения муниципальный округ Солнцево,Москва,3,Столичные агломерации,3,1.0,0.0759,2,Индустриальные города и пригороды,0.6875,True
2488,внутригородская территория города федерального значения муниципальный округ Тропарево-Никулино,Москва,3,Столичные агломерации,3,1.0,0.3874,2,Индустриальные города и пригороды,1.0,False
2489,внутригородская территория города федерального значения муниципальный округ Филевский парк,Москва,3,Столичные агломерации,3,1.0,0.4291,2,Индустриальные города и пригороды,1.0,False
2490,внутригородская территория города федерального значения муниципальный округ Фили-Давыдково,Москва,3,Столичные агломерации,3,1.0,0.765,2,Индустриальные города и пригороды,1.0,False
2491,внутригородская территория города федерального значения муниципальный округ Крюково,Москва,3,Столичные агломерации,3,1.0,0.5075,2,Индустриальные города и пригороды,1.0,False
2492,внутригородская территория города федерального значения муниципальный округ Матушкино,Москва,3,Столичные агломерации,3,1.0,0.0315,2,Индустриальные города и пригороды,0.7647,False
2493,внутригородская территория города федерального значения муниципальный округ Силино,Москва,3,Столичные агломерации,3,1.0,0.3994,2,Индустриальные города и пригороды,1.0,False
2494,внутригородская территория города федерального значения муниципальный округ Аэропорт,Москва,3,Столичные агломерации,3,1.0,0.7623,2,Индустриальные города и пригороды,1.0,False
2495,внутригородская территория города федерального значения муниципальный округ Беговой,Москва,3,Столичные агломерации,3,1.0,0.6511,2,Индустриальные города и пригороды,1.0,False
2496,внутригородская территория города федерального значения муниципальный округ Бескудниковский,Москва,3,Столичные агломерации,3,1.0,0.5167,2,Индустриальные города и пригороды,1.0,False
2497,внутригородская территория города федерального значения муниципальный округ Войковский,Москва,3,Столичные агломерации,3,1.0,0.8238,2,Индустриальные города и пригороды,1.0,False
2498,внутригородская территория города федерального значения муниципальный округ Восточное Дегунино,Москва,3,Столичные агломерации,3,1.0,0.3825,2,Индустриальные города и пригороды,1.0,False
2499,внутригородская территория города федерального значения муниципальный округ Головинский,Москва,3,Столичные агломерации,3,1.0,0.5611,2,Индустриальные города и пригороды,1.0,False
25,городской округ город Нефтекамск,Республика Башкортостан,2,Индустриальные города и пригороды,2,1.0,0.4463,3,Столичные агломерации,1.0,False
2500,внутригородская территория города федерального значения муниципальный округ Дмитровский,Москва,3,Столичные агломерации,3,1.0,0.3155,2,Индустриальные города и пригороды,0.9286,False
2501,внутригородская территория города федерального значения муниципальный округ Западное Дегунино,Москва,3,Столичные агломерации,3,1.0,0.392,2,Индустриальные города и пригороды,1.0,False
2502,внутригородская территория города федерального значения муниципальный округ Коптево,Москва,3,Столичные агломерации,3,1.0,0.5929,2,Индустриальные города и пригороды,1.0,False
2503,внутригородская территория города федерального значения муниципальный округ Левобережный,Москва,3,Столичные агломерации,3,1.0,0.1464,2,Индустриальные города и пригороды,0.8824,False
2504,внутригородская территория города федерального значения муниципальный округ Молжаниновский,Москва,2,Индустриальные города и пригороды,2,1.0,0.244,3,Столичные агломерации,1.0,False
2505,внутригородская территория города федерального значения муниципальный округ Савеловский,Москва,3,Столичные агломерации,3,1.0,0.686,2,Индустриальные города и пригороды,1.0,False
2506,внутригородская территория города федерального значения муниципальный округ Сокол,Москва,3,Столичные агломерации,3,1.0,0.4587,2,Индустриальные города и пригороды,1.0,False
2507,внутригородская территория города федерального значения муниципальный округ Тимирязевский,Москва,3,Столичные агломерации,3,1.0,0.6738,2,Индустриальные города и пригороды,1.0,False
2508,внутригородская территория города федерального значения муниципальный округ Ховрино,Москва,3,Столичные агломерации,3,1.0,0.4635,2,Индустриальные города и пригороды,1.0,False
2509,внутригородская территория города федерального значения муниципальный округ Хорошевский,Москва,3,Столичные агломерации,3,1.0,0.6156,2,Индустриальные города и пригороды,1.0,False
2510,внутригородская территория города федерального значения муниципальный округ Алексеевский,Москва,3,Столичные агломерации,3,1.0,0.6602,2,Индустриальные города и пригороды,1.0,False
2511,внутригородская территория города федерального значения муниципальный округ Алтуфьевский,Москва,3,Столичные агломерации,3,1.0,0.1896,2,Индустриальные города и пригороды,1.0,False
2512,внутригородская территория города федерального значения муниципальный округ Бабушкинский,Москва,3,Столичные агломерации,3,1.0,0.682,2,Индустриальные города и пригороды,1.0,False
2513,внутригородская территория города федерального значения муниципальный округ Бибирево,Москва,3,Столичные агломерации,3,1.0,0.4765,2,Индустриальные города и пригороды,1.0,False
2514,внутригородская территория города федерального значения муниципальный округ Бутырский,Москва,3,Столичные агломерации,3,1.0,0.6268,2,Индустриальные города и пригороды,1.0,False
2515,внутригородская территория города федерального значения муниципальный округ Лианозово,Москва,2,Индустриальные города и пригороды,2,1.0,0.1298,3,Столичные агломерации,0.3,True
2516,внутригородская территория города федерального значения муниципальный округ Лосиноостровский,Москва,3,Столичные агломерации,3,1.0,0.1742,2,Индустриальные города и пригороды,1.0,False
2517,внутригородская территория города федерального значения муниципальный округ Марфино,Москва,3,Столичные агломерации,3,1.0,0.546,2,Индустриальные города и пригороды,1.0,False
2518,внутригородская территория города федерального значения муниципальный округ Марьина роща,Москва,3,Столичные агломерации,3,1.0,0.5648,2,Индустриальные города и пригороды,1.0,False
2519,внутригородская территория города федерального значения муниципальный округ Останкинский,Москва,3,Столичные агломерации,3,1.0,0.6091,2,Индустриальные города и пригороды,1.0,False
2520,внутригородская территория города федерального значения муниципальный округ Отрадное,Москва,3,Столичные агломерации,3,1.0,0.635,2,Индустриальные города и пригороды,1.0,False
2521,внутригородская территория города федерального значения муниципальный округ Ростокино,Москва,3,Столичные агломерации,3,1.0,0.6113,2,Индустриальные города и пригороды,1.0,False
2522,внутригородская территория города федерального значения муниципальный округ Свиблово,Москва,3,Столичные агломерации,3,1.0,0.2217,2,Индустриальные города и пригороды,1.0,False
2523,внутригородская территория города федерального значения муниципальный округ Северное Медведково,Москва,3,Столичные агломерации,3,1.0,0.5946,2,Индустриальные города и пригороды,1.0,False
2524,внутригородская территория города федерального значения муниципальный округ Северный,Москва,3,Столичные агломерации,3,1.0,0.2378,2,Индустриальные города и пригороды,0.9286,False
2525,внутригородская территория города федерального значения муниципальный округ Южное Медведково,Москва,3,Столичные агломерации,3,1.0,0.472,2,Индустриальные города и пригороды,1.0,False
2526,внутригородская территория города федерального значения муниципальный округ Ярославский,Москва,3,Столичные агломерации,3,1.0,0.1733,2,Индустриальные города и пригороды,0.9375,False
2527,внутригородская территория города федерального значения муниципальный округ Куркино,Москва,3,Столичные агломерации,3,1.0,0.1805,2,Индустриальные города и пригороды,1.0,False
2528,внутригородская территория города федерального значения муниципальный округ Митино,Москва,3,Столичные агломерации,3,1.0,0.5217,2,Индустриальные города и пригороды,1.0,False
2529,внутригородская территория города федерального значения муниципальный округ Покровское-Стрешнево,Москва,3,Столичные агломерации,3,1.0,0.4714,2,Индустриальные города и пригороды,1.0,False
2530,внутригородская территория города федерального значения муниципальный округ Северное Тушино,Москва,3,Столичные агломерации,3,1.0,0.5547,2,Индустриальные города и пригороды,1.0,False
2531,внутригородская территория города федерального значения муниципальный округ Строгино,Москва,3,Столичные агломерации,3,1.0,0.514,2,Индустриальные города и пригороды,1.0,False
2532,внутригородская территория города федерального значения муниципальный округ Хорошево-Мневники,Москва,3,Столичные агломерации,3,1.0,0.7304,2,Индустриальные города и пригороды,1.0,False
2533,внутригородская территория города федерального значения муниципальный округ Щукино,Москва,3,Столичные агломерации,3,1.0,0.5754,2,Индустриальные города и пригороды,1.0,False
2534,внутригородская территория города федерального значения муниципальный округ Южное Тушино,Москва,3,Столичные агломерации,3,1.0,0.7842,2,Индустриальные города и пригороды,1.0,False
2535,внутригородская территория города федерального значения муниципальный округ Арбат,Москва,3,Столичные агломерации,3,1.0,0.6598,2,Индустриальные города и пригороды,1.0,False
2536,внутригородская территория города федерального значения муниципальный округ Басманный,Москва,3,Столичные агломерации,3,1.0,0.6968,2,Индустриальные города и пригороды,1.0,False
2537,внутригородская территория города федерального значения муниципальный округ Замоскворечье,Москва,3,Столичные агломерации,3,1.0,0.7749,2,Индустриальные города и пригороды,1.0,False
2538,внутригородская территория города федерального значения муниципальное образование Савелки,Москва,2,Индустриальные города и пригороды,2,1.0,0.1337,3,Столичные агломерации,0.9444,False
2539,внутригородская территория города федерального значения муниципальный округ Красносельский,Москва,3,Столичные агломерации,3,1.0,0.6566,2,Индустриальные города и пригороды,1.0,False
2540,внутригородская территория города федерального значения муниципальный округ Мещанский,Москва,3,Столичные агломерации,3,1.0,0.4353,2,Индустриальные города и пригороды,1.0,False
2541,внутригородская территория города федерального значения муниципальный округ Пресненский,Москва,3,Столичные агломерации,3,1.0,0.581,2,Индустриальные города и пригороды,1.0,False
2542,внутригородская территория города федерального значения муниципальный округ Таганский,Москва,3,Столичные агломерации,3,1.0,0.5556,2,Индустриальные города и пригороды,1.0,False
2543,внутригородская территория города федерального значения муниципальный округ Тверской,Москва,3,Столичные агломерации,3,1.0,0.5141,2,Индустриальные города и пригороды,1.0,False
2544,внутригородская территория города федерального значения муниципальный округ Хамовники,Москва,3,Столичные агломерации,3,1.0,0.5512,2,Индустриальные города и пригороды,1.0,False
2545,внутригородская территория города федерального значения муниципальный округ Якиманка,Москва,3,Столичные агломерации,3,1.0,0.6239,2,Индустриальные города и пригороды,1.0,False
2546,внутригородская территория города федерального значения муниципальный округ Выхино-Жулебино,Москва,3,Столичные агломерации,3,1.0,0.5095,2,Индустриальные города и пригороды,1.0,False
2547,внутригородская территория города федерального значения муниципальный округ Капотня,Москва,2,Индустриальные города и пригороды,2,1.0,0.2507,3,Столичные агломерации,1.0,False
2548,внутригородская территория города федерального значения муниципальный округ Кузьминки,Москва,3,Столичные агломерации,3,1.0,0.2441,2,Индустриальные города и пригороды,1.0,False
2549,внутригородская территория города федерального значения муниципальный округ Лефортово,Москва,3,Столичные агломерации,3,1.0,0.5897,2,Индустриальные города и пригороды,1.0,False
2550,внутригородская территория города федерального значения муниципальный округ Люблино,Москва,3,Столичные агломерации,3,1.0,0.3746,2,Индустриальные города и пригороды,1.0,False
2551,внутригородская территория города федерального значения муниципальный округ Марьино,Москва,3,Столичные агломерации,3,1.0,0.3464,2,Индустриальные города и пригороды,1.0,False
2552,внутригородская территория города федерального значения муниципальный округ Некрасовка,Москва,3,Столичные агломерации,3,1.0,0.253,2,Индустриальные города и пригороды,0.9333,False
2553,внутригородская территория города федерального значения муниципальный округ Нижегородский,Москва,3,Столичные агломерации,3,1.0,0.6242,2,Индустриальные города и пригороды,1.0,False
2554,внутригородская территория города федерального значения муниципальный округ Печатники,Москва,3,Столичные агломерации,3,1.0,0.5094,2,Индустриальные города и пригороды,1.0,False
2555,внутригородская территория города федерального значения муниципальный округ Рязанский,Москва,3,Столичные агломерации,3,1.0,0.5703,2,Индустриальные города и пригороды,1.0,False
2556,внутригородская территория города федерального значения муниципальный округ Текстильщики,Москва,3,Столичные агломерации,3,1.0,0.6211,2,Индустриальные города и пригороды,1.0,False
2557,внутригородская территория города федерального значения муниципальный округ Южнопортовый,Москва,3,Столичные агломерации,3,1.0,0.6321,2,Индустриальные города и пригороды,1.0,False
2558,внутригородская территория города федерального значения муниципальный округ Академический,Москва,3,Столичные агломерации,3,1.0,0.6677,2,Индустриальные города и пригороды,1.0,False
2559,внутригородская территория города федерального значения муниципальный округ Гагаринский,Москва,3,Столичные агломерации,3,1.0,0.5645,2,Индустриальные города и пригороды,1.0,False
2560,внутригородская территория города федерального значения муниципальный округ Зюзино,Москва,3,Столичные агломерации,3,1.0,0.5564,2,Индустриальные города и пригороды,1.0,False
2561,внутригородская территория города федерального значения муниципальный округ Коньково,Москва,3,Столичные агломерации,3,1.0,0.6909,2,Индустриальные города и пригороды,1.0,False
2562,внутригородская территория города федерального значения муниципальный округ Котловка,Москва,3,Столичные агломерации,3,1.0,0.5488,2,Индустриальные города и пригороды,1.0,False
2563,внутригородская территория города федерального значения муниципальный округ Ломоносовский,Москва,3,Столичные агломерации,3,1.0,0.6929,2,Индустриальные города и пригороды,1.0,False
2564,внутригородская территория города федерального значения муниципальный округ Обручевский,Москва,3,Столичные агломерации,3,1.0,0.6552,2,Индустриальные города и пригороды,1.0,False
2565,внутригородская территория города федерального значения муниципальный округ Северное Бутово,Москва,3,Столичные агломерации,3,1.0,0.7222,2,Индустриальные города и пригороды,1.0,False
2566,внутригородская территория города федерального значения муниципальный округ Теплый Стан,Москва,3,Столичные агломерации,3,1.0,0.1805,2,Индустриальные города и пригороды,1.0,False
2567,внутригородская территория города федерального значения муниципальный округ Черемушки,Москва,3,Столичные агломерации,3,1.0,0.5404,2,Индустриальные города и пригороды,1.0,False
2568,внутригородская территория города федерального значения муниципальный округ Южное Бутово,Москва,3,Столичные агломерации,3,1.0,0.5941,2,Индустриальные города и пригороды,1.0,False
2569,внутригородская территория города федерального значения муниципальный округ Ясенево,Москва,3,Столичные агломерации,3,1.0,0.5896,2,Индустриальные города и пригороды,1.0,False
2570,внутригородская территория города федерального значения муниципальный округ Бирюлево Восточное,Москва,3,Столичные агломерации,3,1.0,0.6754,2,Индустриальные города и пригороды,1.0,False
2571,внутригородская территория города федерального значения муниципальный округ Бирюлево Западное,Москва,2,Индустриальные города и пригороды,2,1.0,0.275,3,Столичные агломерации,1.0,False
2572,внутригородская территория города федерального значения муниципальный округ Братеево,Москва,3,Столичные агломерации,3,1.0,0.7442,2,Индустриальные города и пригороды,1.0,False
2573,внутригородская территория города федерального значения муниципальный округ Даниловский,Москва,3,Столичные агломерации,3,1.0,0.6041,2,Индустриальные города и пригороды,1.0,False
2574,внутригородская территория города федерального значения муниципальный округ Донской,Москва,3,Столичные агломерации,3,1.0,0.5943,2,Индустриальные города и пригороды,1.0,False
2575,внутригородская территория города федерального значения муниципальный округ Зябликово,Москва,2,Индустриальные города и пригороды,2,1.0,0.2149,3,Столичные агломерации,1.0,False
2576,внутригородская территория города федерального значения муниципальный округ Москворечье-Сабурово,Москва,3,Столичные агломерации,3,1.0,0.6274,2,Индустриальные города и пригороды,1.0,False
2577,внутригородская территория города федерального значения муниципальный округ Нагатино-Садовники,Москва,3,Столичные агломерации,3,1.0,0.6634,2,Индустриальные города и пригороды,1.0,False
2578,внутригородская территория города федерального значения муниципальный округ Нагатинский затон,Москва,2,Индустриальные города и пригороды,2,1.0,0.1264,3,Столичные агломерации,0.9333,False
2579,внутригородская территория города федерального значения муниципальный округ Нагорный,Москва,3,Столичные агломерации,3,1.0,0.551,2,Индустриальные города и пригороды,1.0,False
2580,внутригородская территория города федерального значения муниципальный округ Орехово-Борисово Северное,Москва,3,Столичные агломерации,3,1.0,0.5076,2,Индустриальные города и пригороды,1.0,False
2581,внутригородская территория города федерального значения муниципальный округ Орехово-Борисово Южное,Москва,3,Столичные агломерации,3,1.0,0.0696,2,Индустриальные города и пригороды,0.9412,False
2582,внутригородская территория города федерального значения муниципальный округ Царицыно,Москва,3,Столичные агломерации,3,1.0,0.6642,2,Индустриальные города и пригороды,1.0,False
2583,внутригородская территория города федерального значения муниципальный округ Чертаново Северное,Москва,3,Столичные агломерации,3,1.0,0.5795,2,Индустриальные города и пригороды,1.0,False
2584,внутригородская территория города федерального значения муниципальный округ Чертаново Центральное,Москва,3,Столичные агломерации,3,1.0,0.6513,2,Индустриальные города и пригороды,1.0,False
2585,внутригородская территория города федерального значения муниципальный округ Чертаново Южное,Москва,3,Столичные агломерации,3,1.0,0.6267,2,Индустриальные города и пригороды,1.0,False
2586,внутригородская территория города федерального значения муниципальный округ Старое Крюково,Москва,3,Столичные агломерации,3,1.0,0.1718,2,Индустриальные города и пригороды,1.0,False
2587,внутригородская территория города федерального значения городской округ Троицк,Москва,3,Столичные агломерации,3,0.5909,0.0769,2,Индустриальные города и пригороды,1.0,False
2588,внутригородская территория города федерального значения городской округ Щербинка,Москва,3,Столичные агломерации,3,1.0,0.1145,2,Индустриальные города и пригороды,0.9444,False
2589,внутригородская территория города федерального значения поселение Внуковское,Москва,3,Столичные агломерации,3,1.0,0.2086,2,Индустриальные города и пригороды,1.0,False
2590,внутригородская территория города федерального значения поселение Воскресенское,Москва,3,Столичные агломерации,3,1.0,0.2594,2,Индустриальные города и пригороды,1.0,False
2591,внутригородская территория города федерального значения поселение Вороновское,Москва,2,Индустриальные города и пригороды,2,1.0,0.3882,3,Столичные агломерации,1.0,False
2592,внутригородская территория города федерального значения поселение Десеновское,Москва,2,Индустриальные города и пригороды,2,1.0,0.1523,3,Столичные агломерации,1.0,False
2593,внутригородская территория города федерального значения поселение Киевский,Москва,1,Малые города и районы со смешанной экономикой,1,1.0,0.1358,2,Индустриальные города и пригороды,1.0,False
2595,внутригородская территория города федерального значения поселение Кокошкино,Москва,2,Индустриальные города и пригороды,2,1.0,0.1544,1,Малые города и районы со смешанной экономикой,1.0,False
2596,внутригородская территория города федерального значения поселение Краснопахорское,Москва,2,Индустриальные города и пригороды,2,1.0,0.263,3,Столичные агломерации,1.0,False
2597,внутригородская территория города федерального значения поселение Марушкинское,Москва,3,Столичные агломерации,3,1.0,0.0638,2,Индустриальные города и пригороды,0.8235,False
2598,внутригородская территория города федерального значения поселение Михайлово-Ярцевское,Москва,2,Индустриальные города и пригороды,2,1.0,0.2723,1,Малые города и районы со смешанной экономикой,1.0,False
2599,внутригородская территория города федерального значения поселение Московский,Москва,3,Столичные агломерации,3,1.0,0.7576,2,Индустриальные города и пригороды,1.0,False
26,городской округ город Октябрьский,Республика Башкортостан,2,Индустриальные города и пригороды,2,1.0,0.5273,1,Малые города и районы со смешанной экономикой,1.0,False
2600,"внутригородская территория города федерального значения поселение Мосрентген""""",Москва,3,Столичные агломерации,3,1.0,0.1516,2,Индустриальные города и пригороды,0.75,False
2601,внутригородская территория города федерального значения поселение Новофедоровское,Москва,2,Индустриальные города и пригороды,2,1.0,0.2029,1,Малые города и районы со смешанной экономикой,1.0,False
2602,внутригородская территория города федерального значения поселение Первомайское,Москва,2,Индустриальные города и пригороды,2,1.0,0.1721,3,Столичные агломерации,1.0,False
2604,внутригородская территория города федерального значения поселение Рязановское,Москва,3,Столичные агломерации,3,1.0,0.3826,2,Индустриальные города и пригороды,1.0,False
2605,внутригородская территория города федерального значения поселение Сосенское,Москва,3,Столичные агломерации,3,1.0,0.5526,2,Индустриальные города и пригороды,1.0,False
2606,внутригородская территория города федерального значения поселение Филимонковское,Москва,2,Индустриальные города и пригороды,2,1.0,0.2306,3,Столичные агломерации,1.0,False
2607,внутригородская территория города федерального значения поселение Щаповское,Москва,2,Индустриальные города и пригороды,2,1.0,0.2922,1,Малые города и районы со смешанной экономикой,1.0,False
2618,городской округ город Мантурово,Костромская область,1,Малые города и районы со смешанной экономикой,1,1.0,0.0761,0,Малые сельские МО,0.3125,True
2619,городской округ город Переславль-Залесский,Ярославская область,2,Индустриальные города и пригороды,2,1.0,0.5476,3,Столичные агломерации,1.0,False
2620,городской округ Соликамский,Пермский край,2,Индустриальные города и пригороды,2,1.0,0.6058,1,Малые города и районы со смешанной экономикой,1.0,False
2621,городской округ город Березники,Пермский край,2,Индустриальные города и пригороды,2,1.0,0.5267,3,Столичные агломерации,1.0,False
2644,городской округ Серпухов,Московская область,2,Индустриальные города и пригороды,2,1.0,0.159,3,Столичные агломерации,0.9375,False
2646,городской округ город Обнинск,Калужская область,3,Столичные агломерации,3,1.0,0.4201,2,Индустриальные города и пригороды,1.0,False
2647,Боровский муниципальный район,Калужская область,2,Индустриальные города и пригороды,2,1.0,0.5395,3,Столичные агломерации,1.0,False
2648,городской округ Лосино-Петровский,Московская область,2,Индустриальные города и пригороды,2,1.0,0.6158,3,Столичные агломерации,1.0,False
2649,городской округ Щёлково,Московская область,2,Индустриальные города и пригороды,2,1.0,0.1176,3,Столичные агломерации,0.5,True
2651,городской округ Одинцовский,Московская область,3,Столичные агломерации,3,1.0,0.4655,2,Индустриальные города и пригороды,1.0,False
2652,городской округ Орехово-Зуевский,Московская область,2,Индустриальные города и пригороды,2,1.0,0.3911,3,Столичные агломерации,1.0,False
269,городской округ город Йошкар-Ола,Республика Марий Эл,2,Индустриальные города и пригороды,2,1.0,0.4224,3,Столичные агломерации,1.0,False
27,городской округ город Салават,Республика Башкортостан,2,Индустриальные города и пригороды,2,1.0,0.5209,3,Столичные агломерации,1.0,False
270,городской округ город Волжск,Республика Марий Эл,1,Малые города и районы со смешанной экономикой,1,1.0,0.1044,2,Индустриальные города и пригороды,1.0,False
271,городской округ город Козьмодемьянск,Республика Марий Эл,1,Малые города и районы со смешанной экономикой,1,1.0,0.1869,2,Индустриальные города и пригороды,1.0,False
2710,городской округ Вышневолоцкий,Тверская область,2,Индустриальные города и пригороды,2,1.0,0.5819,1,Малые города и районы со смешанной экономикой,1.0,False
272,Волжский муниципальный район,Республика Марий Эл,1,Малые города и районы со смешанной экономикой,1,1.0,0.4249,0,Малые сельские МО,1.0,False
273,Горномарийский муниципальный район,Республика Марий Эл,0,Малые сельские МО,0,1.0,0.1802,1,Малые города и районы со смешанной экономикой,1.0,False
274,Звениговский муниципальный район,Республика Марий Эл,1,Малые города и районы со смешанной экономикой,1,1.0,0.2883,2,Индустриальные города и пригороды,1.0,False
275,Килемарский муниципальный район,Республика Марий Эл,0,Малые сельские МО,0,1.0,0.1283,1,Малые города и районы со смешанной экономикой,0.75,False
276,Куженерский муниципальный район,Республика Марий Эл,1,Малые города и районы со смешанной экономикой,1,1.0,0.3184,0,Малые сельские МО,1.0,False
277,Мари-Турекский муниципальный район,Республика Марий Эл,0,Малые сельские МО,0,1.0,0.149,1,Малые города и районы со смешанной экономикой,0.9231,False
278,Медведевский муниципальный район,Республика Марий Эл,2,Индустриальные города и пригороды,2,1.0,0.6671,3,Столичные агломерации,1.0,False
279,Моркинский муниципальный район,Республика Марий Эл,1,Малые города и районы со смешанной экономикой,1,1.0,0.358,0,Малые сельские МО,0.9444,False
28,городской округ город Сибай,Республика Башкортостан,2,Индустриальные города и пригороды,2,1.0,0.446,1,Малые города и районы со смешанной экономикой,1.0,False
280,Новоторъяльский муниципальный район,Республика Марий Эл,1,Малые города и районы со смешанной экономикой,1,1.0,0.1465,0,Малые сельские МО,0.875,False
2808,городской округ Коломна,Московская область,2,Индустриальные города и пригороды,2,1.0,0.2059,3,Столичные агломерации,0.8421,False
2809,муниципальный округ Кунгурский,Пермский край,2,Индустриальные города и пригороды,2,1.0,0.7703,1,Малые города и районы со смешанной экономикой,1.0,False
281,Оршанский муниципальный район,Республика Марий Эл,1,Малые города и районы со смешанной экономикой,1,1.0,0.1764,0,Малые сельские МО,0.9412,False
2813,городской округ Шатура,Московская область,2,Индустриальные города и пригороды,2,1.0,0.6705,3,Столичные агломерации,1.0,False
2814,городской округ Пушкинский,Московская область,3,Столичные агломерации,3,1.0,0.3049,2,Индустриальные города и пригороды,1.0,False
282,Параньгинский муниципальный район,Республика Марий Эл,1,Малые города и районы со смешанной экономикой,0,0.5455,0.0492,0,Малые сельские МО,0.875,False
283,Сернурский муниципальный район,Республика Марий Эл,1,Малые города и районы со смешанной экономикой,1,1.0,0.473,0,Малые сельские МО,1.0,False
284,Советский муниципальный район,Республика Марий Эл,1,Малые города и районы со смешанной экономикой,1,1.0,0.354,0,Малые сельские МО,1.0,False
285,Юринский муниципальный район,Республика Марий Эл,0,Малые сельские МО,0,1.0,0.3569,1,Малые города и районы со смешанной экономикой,1.0,False
287,Ардатовский муниципальный район,Республика Мордовия,0,Малые сельские МО,0,1.0,0.4621,1,Малые города и районы со смешанной экономикой,1.0,False
2872,муниципальный округ Приуральский район,Ямало-Ненецкий автономный округ,4,Ресурсный Север и Дальний Восток,4,1.0,0.5157,1,Малые города и районы со смешанной экономикой,1.0,False
2876,городской округ город-курорт Кисловодск,Ставропольский край,2,Индустриальные города и пригороды,2,1.0,0.37,3,Столичные агломерации,1.0,False
2879,городской округ город Губкинский,Ямало-Ненецкий автономный округ,4,Ресурсный Север и Дальний Восток,4,1.0,0.0892,2,Индустриальные города и пригороды,0.6471,True
288,Атюрьевский муниципальный район,Республика Мордовия,0,Малые сельские МО,0,1.0,0.4972,1,Малые города и районы со смешанной экономикой,1.0,False
2880,городской округ город Лабытнанги,Ямало-Ненецкий автономный округ,4,Ресурсный Север и Дальний Восток,4,1.0,0.2514,1,Малые города и районы со смешанной экономикой,0.6875,True
2881,Предгорный муниципальный округ,Ставропольский край,2,Индустриальные города и пригороды,2,1.0,0.5976,1,Малые города и районы со смешанной экономикой,1.0,False
2882,муниципальный округ Пуровский район,Ямало-Ненецкий автономный округ,4,Ресурсный Север и Дальний Восток,4,1.0,0.0651,1,Малые города и районы со смешанной экономикой,0.6429,True
2883,муниципальный округ Кимрский,Тверская область,2,Индустриальные города и пригороды,2,1.0,0.6423,1,Малые города и районы со смешанной экономикой,1.0,False
2884,муниципальный округ Ржевский,Тверская область,2,Индустриальные города и пригороды,2,1.0,0.6285,3,Столичные агломерации,1.0,False
2885,муниципальный округ Кудымкарский,Пермский край,2,Индустриальные города и пригороды,2,1.0,0.0808,0,Малые сельские МО,0.6667,True
2886,муниципальный округ Губахинский,Пермский край,1,Малые города и районы со смешанной экономикой,1,1.0,0.0667,2,Индустриальные города и пригороды,0.9412,False
2887,городской округ город Саратов,Саратовская область,2,Индустриальные города и пригороды,2,1.0,0.0383,3,Столичные агломерации,0.375,True
289,Атяшевский муниципальный район,Республика Мордовия,0,Малые сельские МО,0,1.0,0.1212,1,Малые города и районы со смешанной экономикой,1.0,False
29,городской округ город Стерлитамак,Республика Башкортостан,2,Индустриальные города и пригороды,2,1.0,0.409,3,Столичные агломерации,1.0,False
290,Большеберезниковский муниципальный район,Республика Мордовия,0,Малые сельские МО,0,1.0,0.3289,1,Малые города и районы со смешанной экономикой,1.0,False
292,Дубенский муниципальный район,Республика Мордовия,0,Малые сельские МО,0,1.0,0.4593,1,Малые города и районы со смешанной экономикой,1.0,False
293,Ельниковский муниципальный район,Республика Мордовия,0,Малые сельские МО,0,1.0,0.4571,1,Малые города и районы со смешанной экономикой,1.0,False
294,Зубово-Полянский муниципальный район,Республика Мордовия,0,Малые сельские МО,0,1.0,0.0889,1,Малые города и районы со смешанной экономикой,1.0,False
295,Инсарский муниципальный район,Республика Мордовия,0,Малые сельские МО,0,1.0,0.2747,1,Малые города и районы со смешанной экономикой,1.0,False
296,Ичалковский муниципальный район,Республика Мордовия,0,Малые сельские МО,0,1.0,0.3802,1,Малые города и районы со смешанной экономикой,1.0,False
297,Кадошкинский муниципальный район,Республика Мордовия,0,Малые сельские МО,0,1.0,0.3906,1,Малые города и районы со смешанной экономикой,1.0,False
298,Ковылкинский муниципальный район,Республика Мордовия,1,Малые города и районы со смешанной экономикой,1,1.0,0.2344,0,Малые сельские МО,1.0,False
3,Гиагинский муниципальный район,Республика Адыгея,1,Малые города и районы со смешанной экономикой,1,1.0,0.1875,2,Индустриальные города и пригороды,1.0,False
30,Абзелиловский муниципальный район,Республика Башкортостан,1,Малые города и районы со смешанной экономикой,1,1.0,0.1546,0,Малые сельские МО,1.0,False
300,Краснослободский муниципальный район,Республика Мордовия,0,Малые сельские МО,0,1.0,0.1733,1,Малые города и районы со смешанной экономикой,1.0,False
3005,городской округ город Арзамас,Нижегородская область,2,Индустриальные города и пригороды,2,1.0,0.6683,1,Малые города и районы со смешанной экономикой,1.0,False
3007,Прокопьевский муниципальный округ,Кемеровская область,2,Индустриальные города и пригороды,1,0.6818,0.0219,1,Малые города и районы со смешанной экономикой,0.7059,True
3009,городской округ город Тамбов,Тамбовская область,2,Индустриальные города и пригороды,2,1.0,0.6911,3,Столичные агломерации,1.0,False
301,Лямбирский муниципальный район,Республика Мордовия,2,Индустриальные города и пригороды,2,1.0,0.138,1,Малые города и районы со смешанной экономикой,1.0,False
3011,городской округ Златоустовский,Челябинская область,2,Индустриальные города и пригороды,2,1.0,0.6516,3,Столичные агломерации,1.0,False
3012,Кусинский муниципальный район,Челябинская область,0,Малые сельские МО,0,1.0,0.3019,1,Малые города и районы со смешанной экономикой,1.0,False
3013,городской округ Солнечногорск,Московская область,3,Столичные агломерации,3,1.0,0.2633,2,Индустриальные города и пригороды,1.0,False
302,Ромодановский муниципальный район,Республика Мордовия,1,Малые города и районы со смешанной экономикой,1,1.0,0.1324,0,Малые сельские МО,0.875,False
303,Рузаевский муниципальный район,Республика Мордовия,2,Индустриальные города и пригороды,2,1.0,0.1914,1,Малые города и районы со смешанной экономикой,0.8125,False
304,Старошайговский муниципальный район,Республика Мордовия,0,Малые сельские МО,0,1.0,0.2759,1,Малые города и районы со смешанной экономикой,1.0,False
305,Темниковский муниципальный район,Республика Мордовия,0,Малые сельские МО,0,1.0,0.4614,1,Малые города и районы со смешанной экономикой,1.0,False
306,Теньгушевский муниципальный район,Республика Мордовия,0,Малые сельские МО,0,1.0,0.6775,1,Малые города и районы со смешанной экономикой,1.0,False
307,Торбеевский муниципальный район,Республика Мордовия,0,Малые сельские МО,0,1.0,0.2015,1,Малые города и районы со смешанной экономикой,1.0,False
308,Чамзинский муниципальный район,Республика Мордовия,1,Малые города и районы со смешанной экономикой,1,1.0,0.2245,2,Индустриальные города и пригороды,1.0,False
309,городской округ город Якутск,Республика Саха (Якутия),4,Ресурсный Север и Дальний Восток,2,0.7727,0.0412,2,Индустриальные города и пригороды,0.4444,True
31,Альшеевский муниципальный район,Республика Башкортостан,1,Малые города и районы со смешанной экономикой,1,1.0,0.4099,0,Малые сельские МО,1.0,False
312,Алданский муниципальный район,Республика Саха (Якутия),4,Ресурсный Север и Дальний Восток,4,1.0,0.4034,2,Индустриальные города и пригороды,1.0,False
314,Амгинский муниципальный район,Республика Саха (Якутия),4,Ресурсный Север и Дальний Восток,4,1.0,0.3932,0,Малые сельские МО,1.0,False
316,Булунский муниципальный район,Республика Саха (Якутия),4,Ресурсный Север и Дальний Восток,4,1.0,0.4368,2,Индустриальные города и пригороды,1.0,False
317,Верхневилюйский муниципальный район,Республика Саха (Якутия),4,Ресурсный Север и Дальний Восток,4,1.0,0.4282,0,Малые сельские МО,1.0,False
318,Верхнеколымский муниципальный район,Республика Саха (Якутия),4,Ресурсный Север и Дальний Восток,4,1.0,0.6082,1,Малые города и районы со смешанной экономикой,1.0,False
319,Верхоянский муниципальный район,Республика Саха (Якутия),4,Ресурсный Север и Дальний Восток,4,1.0,0.6214,2,Индустриальные города и пригороды,1.0,False
32,Архангельский муниципальный район,Республика Башкортостан,0,Малые сельские МО,0,1.0,0.1366,1,Малые города и районы со смешанной экономикой,0.9286,False
320,Вилюйский муниципальный район,Республика Саха (Якутия),4,Ресурсный Север и Дальний Восток,4,1.0,0.4802,0,Малые сельские МО,1.0,False
321,Горный муниципальный район,Республика Саха (Якутия),4,Ресурсный Север и Дальний Восток,4,1.0,0.2715,1,Малые города и районы со смешанной экономикой,1.0,False
323,Кобяйский муниципальный район,Республика Саха (Якутия),4,Ресурсный Север и Дальний Восток,4,1.0,0.6836,1,Малые города и районы со смешанной экономикой,1.0,False
324,Нюрбинский муниципальный район,Республика Саха (Якутия),4,Ресурсный Север и Дальний Восток,4,1.0,0.5487,0,Малые сельские МО,1.0,False
325,Ленский муниципальный район,Республика Саха (Якутия),4,Ресурсный Север и Дальний Восток,4,1.0,0.3619,2,Индустриальные города и пригороды,1.0,False
326,Мегино-Кангаласский муниципальный район,Республика Саха (Якутия),4,Ресурсный Север и Дальний Восток,4,1.0,0.466,2,Индустриальные города и пригороды,1.0,False
327,Мирнинский муниципальный район,Республика Саха (Якутия),4,Ресурсный Север и Дальний Восток,2,0.7273,0.0358,2,Индустриальные города и пригороды,0.3684,True
329,Намский муниципальный район,Республика Саха (Якутия),4,Ресурсный Север и Дальний Восток,4,1.0,0.5021,2,Индустриальные города и пригороды,1.0,False
33,Аскинский муниципальный район,Республика Башкортостан,0,Малые сельские МО,0,1.0,0.2058,1,Малые города и районы со смешанной экономикой,1.0,False
330,Нерюнгринский муниципальный район,Республика Саха (Якутия),4,Ресурсный Север и Дальний Восток,4,1.0,0.0748,2,Индустриальные города и пригороды,0.5,True
331,Нижнеколымский муниципальный район,Республика Саха (Якутия),4,Ресурсный Север и Дальний Восток,4,1.0,0.4856,2,Индустриальные города и пригороды,1.0,False
332,Оймяконский муниципальный район,Республика Саха (Якутия),4,Ресурсный Север и Дальний Восток,4,1.0,0.5297,2,Индустриальные города и пригороды,1.0,False
333,Олекминский муниципальный район,Республика Саха (Якутия),4,Ресурсный Север и Дальний Восток,4,1.0,0.4298,2,Индустриальные города и пригороды,1.0,False
334,Оленекский эвенкийский национальный муниципальный район,Республика Саха (Якутия),4,Ресурсный Север и Дальний Восток,4,1.0,0.6313,2,Индустриальные города и пригороды,1.0,False
335,Среднеколымский муниципальный район,Республика Саха (Якутия),4,Ресурсный Север и Дальний Восток,4,1.0,0.5329,2,Индустриальные города и пригороды,1.0,False
336,Сунтарский муниципальный район,Республика Саха (Якутия),4,Ресурсный Север и Дальний Восток,4,1.0,0.4897,0,Малые сельские МО,1.0,False
337,Таттинский муниципальный район,Республика Саха (Якутия),4,Ресурсный Север и Дальний Восток,4,1.0,0.4229,0,Малые сельские МО,1.0,False
338,Томпонский муниципальный район,Республика Саха (Якутия),4,Ресурсный Север и Дальний Восток,4,1.0,0.6632,2,Индустриальные города и пригороды,1.0,False
339,Усть-Алданский муниципальный район,Республика Саха (Якутия),4,Ресурсный Север и Дальний Восток,4,1.0,0.4326,0,Малые сельские МО,1.0,False
34,Аургазинский муниципальный район,Республика Башкортостан,1,Малые города и районы со смешанной экономикой,1,1.0,0.2606,0,Малые сельские МО,1.0,False
340,Усть-Майский муниципальный район,Республика Саха (Якутия),4,Ресурсный Север и Дальний Восток,4,1.0,0.7139,2,Индустриальные города и пригороды,1.0,False
341,Усть-Янский муниципальный район,Республика Саха (Якутия),4,Ресурсный Север и Дальний Восток,4,1.0,0.4335,2,Индустриальные города и пригороды,1.0,False
342,Хангаласский муниципальный район,Республика Саха (Якутия),4,Ресурсный Север и Дальний Восток,4,1.0,0.425,1,Малые города и районы со смешанной экономикой,1.0,False
343,Чурапчинский муниципальный район,Республика Саха (Якутия),4,Ресурсный Север и Дальний Восток,4,1.0,0.3881,0,Малые сельские МО,1.0,False
345,городской округ город Владикавказ,Республика Северная Осетия — Алания,2,Индустриальные города и пригороды,2,1.0,0.3778,3,Столичные агломерации,1.0,False
346,Алагирский муниципальный район,Республика Северная Осетия — Алания,0,Малые сельские МО,0,1.0,0.1406,2,Индустриальные города и пригороды,1.0,False
347,Ардонский муниципальный район,Республика Северная Осетия — Алания,0,Малые сельские МО,0,1.0,0.2073,2,Индустриальные города и пригороды,1.0,False
348,Дигорский муниципальный район,Республика Северная Осетия — Алания,0,Малые сельские МО,0,1.0,0.2271,2,Индустриальные города и пригороды,1.0,False
349,Ирафский муниципальный район,Республика Северная Осетия — Алания,0,Малые сельские МО,0,1.0,0.3601,2,Индустриальные города и пригороды,1.0,False
35,Баймакский муниципальный район,Республика Башкортостан,1,Малые города и районы со смешанной экономикой,1,1.0,0.0611,0,Малые сельские МО,0.875,False
351,Моздокский муниципальный район,Республика Северная Осетия — Алания,2,Индустриальные города и пригороды,2,1.0,0.1225,0,Малые сельские МО,1.0,False
352,Правобережный муниципальный район,Республика Северная Осетия — Алания,0,Малые сельские МО,0,1.0,0.0473,2,Индустриальные города и пригороды,0.7059,True
354,городской округ город Казань,Республика Татарстан,3,Столичные агломерации,3,1.0,0.1165,2,Индустриальные города и пригороды,0.8947,False
355,городской округ город Набережные Челны,Республика Татарстан,2,Индустриальные города и пригороды,2,1.0,0.2378,3,Столичные агломерации,1.0,False
356,Агрызский муниципальный район,Республика Татарстан,1,Малые города и районы со смешанной экономикой,1,1.0,0.3982,2,Индустриальные города и пригороды,1.0,False
357,Азнакаевский муниципальный район,Республика Татарстан,1,Малые города и районы со смешанной экономикой,1,1.0,0.3728,0,Малые сельские МО,1.0,False
358,Аксубаевский муниципальный район,Республика Татарстан,0,Малые сельские МО,0,1.0,0.0548,1,Малые города и районы со смешанной экономикой,0.3846,True
359,Актанышский муниципальный район,Республика Татарстан,1,Малые города и районы со смешанной экономикой,1,1.0,0.2584,0,Малые сельские МО,1.0,False
36,Бакалинский муниципальный район,Республика Башкортостан,0,Малые сельские МО,0,1.0,0.173,1,Малые города и районы со смешанной экономикой,1.0,False
360,Алексеевский муниципальный район,Республика Татарстан,1,Малые города и районы со смешанной экономикой,1,1.0,0.4768,0,Малые сельские МО,1.0,False
361,Алькеевский муниципальный район,Республика Татарстан,1,Малые города и районы со смешанной экономикой,1,1.0,0.1268,0,Малые сельские МО,0.8824,False
362,Альметьевский муниципальный район,Республика Татарстан,2,Индустриальные города и пригороды,2,1.0,0.4396,1,Малые города и районы со смешанной экономикой,1.0,False
363,Апастовский муниципальный район,Республика Татарстан,1,Малые города и районы со смешанной экономикой,1,1.0,0.1531,0,Малые сельские МО,0.9412,False
364,Арский муниципальный район,Республика Татарстан,1,Малые города и районы со смешанной экономикой,1,1.0,0.0241,0,Малые сельские МО,0.7,True
365,Атнинский муниципальный район,Республика Татарстан,1,Малые города и районы со смешанной экономикой,1,1.0,0.1293,0,Малые сельские МО,1.0,False
366,Бавлинский муниципальный район,Республика Татарстан,1,Малые города и районы со смешанной экономикой,1,1.0,0.4267,0,Малые сельские МО,1.0,False
367,Балтасинский муниципальный район,Республика Татарстан,1,Малые города и районы со смешанной экономикой,1,1.0,0.132,0,Малые сельские МО,0.8889,False
368,Бугульминский муниципальный район,Республика Татарстан,2,Индустриальные города и пригороды,2,1.0,0.5411,1,Малые города и районы со смешанной экономикой,1.0,False
369,Буинский муниципальный район,Республика Татарстан,1,Малые города и районы со смешанной экономикой,1,1.0,0.2331,0,Малые сельские МО,1.0,False
37,Балтачевский муниципальный район,Республика Башкортостан,0,Малые сельские МО,0,1.0,0.1698,1,Малые города и районы со смешанной экономикой,1.0,False
370,Верхнеуслонский муниципальный район,Республика Татарстан,1,Малые города и районы со смешанной экономикой,1,1.0,0.1698,2,Индустриальные города и пригороды,1.0,False
371,Высокогорский муниципальный район,Республика Татарстан,2,Индустриальные города и пригороды,2,1.0,0.6296,3,Столичные агломерации,1.0,False
372,Дрожжановский муниципальный район,Республика Татарстан,0,Малые сельские МО,0,1.0,0.07,1,Малые города и районы со смешанной экономикой,0.8667,False
373,Елабужский муниципальный район,Республика Татарстан,2,Индустриальные города и пригороды,2,1.0,0.6683,3,Столичные агломерации,1.0,False
374,Заинский муниципальный район,Республика Татарстан,2,Индустриальные города и пригороды,2,1.0,0.392,1,Малые города и районы со смешанной экономикой,1.0,False
375,Зеленодольский муниципальный район,Республика Татарстан,2,Индустриальные города и пригороды,2,1.0,0.3245,3,Столичные агломерации,1.0,False
376,Кайбицкий муниципальный район,Республика Татарстан,1,Малые города и районы со смешанной экономикой,1,1.0,0.2798,0,Малые сельские МО,1.0,False
377,Камско-Устьинский муниципальный район,Республика Татарстан,1,Малые города и районы со смешанной экономикой,1,1.0,0.1983,0,Малые сельские МО,0.6842,True
378,Кукморский муниципальный район,Республика Татарстан,1,Малые города и районы со смешанной экономикой,1,1.0,0.2955,0,Малые сельские МО,1.0,False
379,Лаишевский муниципальный район,Республика Татарстан,2,Индустриальные города и пригороды,2,1.0,0.2598,3,Столичные агломерации,1.0,False
38,Белебеевский муниципальный район,Республика Башкортостан,2,Индустриальные города и пригороды,2,1.0,0.5231,1,Малые города и районы со смешанной экономикой,1.0,False
380,Лениногорский муниципальный район,Республика Татарстан,2,Индустриальные города и пригороды,2,1.0,0.1703,1,Малые города и районы со смешанной экономикой,0.9412,False
381,Мамадышский муниципальный район,Республика Татарстан,1,Малые города и районы со смешанной экономикой,1,1.0,0.2831,0,Малые сельские МО,1.0,False
382,Менделеевский муниципальный район,Республика Татарстан,1,Малые города и районы со смешанной экономикой,1,1.0,0.5145,0,Малые сельские МО,1.0,False
383,Мензелинский муниципальный район,Республика Татарстан,1,Малые города и районы со смешанной экономикой,1,1.0,0.3197,0,Малые сельские МО,1.0,False
384,Муслюмовский муниципальный район,Республика Татарстан,1,Малые города и районы со смешанной экономикой,1,1.0,0.1342,0,Малые сельские МО,0.8333,False
385,Нижнекамский муниципальный район,Республика Татарстан,2,Индустриальные города и пригороды,2,1.0,0.569,3,Столичные агломерации,1.0,False
386,Новошешминский муниципальный район,Республика Татарстан,1,Малые города и районы со смешанной экономикой,1,1.0,0.2863,0,Малые сельские МО,1.0,False
387,Нурлатский муниципальный район,Республика Татарстан,1,Малые города и районы со смешанной экономикой,1,1.0,0.1104,2,Индустриальные города и пригороды,0.9333,False
388,Пестречинский муниципальный район,Республика Татарстан,2,Индустриальные города и пригороды,2,1.0,0.1697,1,Малые города и районы со смешанной экономикой,1.0,False
39,Белокатайский муниципальный район,Республика Башкортостан,0,Малые сельские МО,0,1.0,0.1276,1,Малые города и районы со смешанной экономикой,1.0,False
390,Сабинский муниципальный район,Республика Татарстан,1,Малые города и районы со смешанной экономикой,1,1.0,0.2149,0,Малые сельские МО,1.0,False
391,Сармановский муниципальный район,Республика Татарстан,1,Малые города и районы со смешанной экономикой,1,1.0,0.3214,0,Малые сельские МО,1.0,False
392,Спасский муниципальный район,Республика Татарстан,0,Малые сельские МО,0,1.0,0.1945,1,Малые города и районы со смешанной экономикой,1.0,False
393,Тетюшский муниципальный район,Республика Татарстан,0,Малые сельские МО,0,1.0,0.1202,1,Малые города и районы со смешанной экономикой,0.8125,False
395,Тюлячинский муниципальный район,Республика Татарстан,0,Малые сельские МО,0,0.6818,0.0499,1,Малые города и районы со смешанной экономикой,0.3889,True
396,Черемшанский муниципальный район,Республика Татарстан,1,Малые города и районы со смешанной экономикой,1,1.0,0.2396,0,Малые сельские МО,1.0,False
397,Чистопольский муниципальный район,Республика Татарстан,2,Индустриальные города и пригороды,2,1.0,0.6941,1,Малые города и районы со смешанной экономикой,1.0,False
398,Ютазинский муниципальный район,Республика Татарстан,1,Малые города и районы со смешанной экономикой,1,1.0,0.3964,0,Малые сельские МО,1.0,False
4,Кошехабльский муниципальный район,Республика Адыгея,0,Малые сельские МО,0,1.0,0.1652,2,Индустриальные города и пригороды,0.9286,False
40,Белорецкий муниципальный район,Республика Башкортостан,2,Индустриальные города и пригороды,2,1.0,0.7163,1,Малые города и районы со смешанной экономикой,1.0,False
401,Бай-Тайгинский муниципальный район,Республика Тыва,0,Малые сельские МО,0,1.0,0.1041,2,Индустриальные города и пригороды,0.8235,False
402,Барун-Хемчикский муниципальный район,Республика Тыва,0,Малые сельские МО,0,1.0,0.1066,2,Индустриальные города и пригороды,0.8235,False
403,Дзун-Хемчикский муниципальный район,Республика Тыва,0,Малые сельские МО,0,1.0,0.1211,2,Индустриальные города и пригороды,0.8235,False
404,Каа-Хемский муниципальный район,Республика Тыва,0,Малые сельские МО,0,1.0,0.0596,2,Индустриальные города и пригороды,0.8235,False
405,Кызылский муниципальный район,Республика Тыва,2,Индустриальные города и пригороды,2,1.0,0.0381,0,Малые сельские МО,0.8333,False
408,Пий-Хемский муниципальный район,Республика Тыва,0,Малые сельские МО,0,1.0,0.2192,2,Индустриальные города и пригороды,0.8125,False
41,Бижбулякский муниципальный район,Республика Башкортостан,1,Малые города и районы со смешанной экономикой,1,1.0,0.093,0,Малые сельские МО,0.875,False
410,Тандинский муниципальный район,Республика Тыва,0,Малые сельские МО,0,1.0,0.0316,2,Индустриальные города и пригороды,0.5,True
413,Тоджинский муниципальный район,Республика Тыва,0,Малые сельские МО,0,1.0,0.0356,2,Индустриальные города и пригороды,0.8125,False
414,Улуг-Хемский муниципальный район,Республика Тыва,0,Малые сельские МО,0,1.0,0.0613,2,Индустриальные города и пригороды,0.8,False
416,Чеди-Хольский муниципальный район,Республика Тыва,0,Малые сельские МО,0,1.0,0.061,2,Индустриальные города и пригороды,0.7692,False
418,городской округ город Ижевск,Удмуртская Республика,2,Индустриальные города и пригороды,2,1.0,0.1138,3,Столичные агломерации,0.8571,False
419,городской округ город Воткинск,Удмуртская Республика,2,Индустриальные города и пригороды,2,1.0,0.4744,3,Столичные агломерации,1.0,False
42,Бирский муниципальный район,Республика Башкортостан,2,Индустриальные города и пригороды,2,1.0,0.4712,1,Малые города и районы со смешанной экономикой,1.0,False
420,городской округ город Глазов,Удмуртская Республика,2,Индустриальные города и пригороды,2,1.0,0.7266,1,Малые города и районы со смешанной экономикой,1.0,False
421,городской округ город Можга,Удмуртская Республика,2,Индустриальные города и пригороды,2,1.0,0.6741,1,Малые города и районы со смешанной экономикой,1.0,False
422,городской округ город Сарапул,Удмуртская Республика,2,Индустриальные города и пригороды,2,1.0,0.4809,3,Столичные агломерации,1.0,False
423,муниципальный округ Алнашский район,Удмуртская Республика,0,Малые сельские МО,0,1.0,0.3781,1,Малые города и районы со смешанной экономикой,1.0,False
424,муниципальный округ Балезинский район,Удмуртская Республика,1,Малые города и районы со смешанной экономикой,1,1.0,0.5456,0,Малые сельские МО,1.0,False
425,муниципальный округ Вавожский район,Удмуртская Республика,1,Малые города и районы со смешанной экономикой,1,1.0,0.1017,0,Малые сельские МО,0.9474,False
428,муниципальный округ Граховский район,Удмуртская Республика,0,Малые сельские МО,0,1.0,0.3734,1,Малые города и районы со смешанной экономикой,1.0,False
429,муниципальный округ Дебёсский район,Удмуртская Республика,1,Малые города и районы со смешанной экономикой,0,0.6364,0.0711,0,Малые сельские МО,0.625,True
43,Благоварский муниципальный район,Республика Башкортостан,1,Малые города и районы со смешанной экономикой,1,1.0,0.2482,0,Малые сельские МО,1.0,False
430,муниципальный округ Завьяловский район,Удмуртская Республика,2,Индустриальные города и пригороды,2,1.0,0.5984,3,Столичные агломерации,1.0,False
431,муниципальный округ Игринский район,Удмуртская Республика,1,Малые города и районы со смешанной экономикой,1,1.0,0.3749,0,Малые сельские МО,1.0,False
432,муниципальный округ Камбарский район,Удмуртская Республика,1,Малые города и районы со смешанной экономикой,1,1.0,0.384,0,Малые сельские МО,1.0,False
433,муниципальный округ Каракулинский район,Удмуртская Республика,1,Малые города и районы со смешанной экономикой,1,1.0,0.1432,0,Малые сельские МО,0.8824,False
434,муниципальный округ Кезский район,Удмуртская Республика,1,Малые города и районы со смешанной экономикой,1,1.0,0.0644,0,Малые сельские МО,0.3125,True
435,муниципальный округ Кизнерский район,Удмуртская Республика,0,Малые сельские МО,0,1.0,0.4115,1,Малые города и районы со смешанной экономикой,1.0,False
436,муниципальный округ Киясовский район,Удмуртская Республика,0,Малые сельские МО,0,1.0,0.1586,1,Малые города и районы со смешанной экономикой,1.0,False
437,муниципальный округ Красногорский район,Удмуртская Республика,0,Малые сельские МО,0,1.0,0.3051,1,Малые города и районы со смешанной экономикой,1.0,False
438,муниципальный округ Малопургинский район,Удмуртская Республика,0,Малые сельские МО,0,1.0,0.1325,1,Малые города и районы со смешанной экономикой,1.0,False
44,Благовещенский муниципальный район,Республика Башкортостан,2,Индустриальные города и пригороды,2,1.0,0.6395,1,Малые города и районы со смешанной экономикой,1.0,False
440,муниципальный округ Сарапульский район,Удмуртская Республика,2,Индустриальные города и пригороды,2,1.0,0.0975,1,Малые города и районы со смешанной экономикой,0.9474,False
441,муниципальный округ Селтинский район,Удмуртская Республика,0,Малые сельские МО,0,1.0,0.7024,1,Малые города и районы со смешанной экономикой,1.0,False
442,муниципальный округ Сюмсинский район,Удмуртская Республика,0,Малые сельские МО,0,1.0,0.3526,1,Малые города и районы со смешанной экономикой,1.0,False
443,муниципальный округ Увинский район,Удмуртская Республика,2,Индустриальные города и пригороды,2,1.0,0.3261,1,Малые города и районы со смешанной экономикой,1.0,False
444,муниципальный округ Шарканский район,Удмуртская Республика,1,Малые города и районы со смешанной экономикой,1,1.0,0.0774,0,Малые сельские МО,1.0,False
445,муниципальный округ Юкаменский район,Удмуртская Республика,0,Малые сельские МО,0,1.0,0.2616,1,Малые города и районы со смешанной экономикой,1.0,False
446,муниципальный округ Якшур-Бодьинский район,Удмуртская Республика,1,Малые города и районы со смешанной экономикой,1,1.0,0.066,0,Малые сельские МО,0.9231,False
447,муниципальный округ Ярский район,Удмуртская Республика,1,Малые города и районы со смешанной экономикой,1,1.0,0.0382,0,Малые сельские МО,0.7059,True
448,городской округ город Абакан,Республика Хакасия,2,Индустриальные города и пригороды,2,1.0,0.6312,3,Столичные агломерации,1.0,False
449,городской округ город Абаза,Республика Хакасия,0,Малые сельские МО,0,1.0,0.3193,1,Малые города и районы со смешанной экономикой,1.0,False
45,Буздякский муниципальный район,Республика Башкортостан,1,Малые города и районы со смешанной экономикой,1,1.0,0.1626,0,Малые сельские МО,0.8571,False
450,городской округ город Саяногорск,Республика Хакасия,2,Индустриальные города и пригороды,2,1.0,0.079,1,Малые города и районы со смешанной экономикой,0.875,False
451,городской округ город Сорск,Республика Хакасия,1,Малые города и районы со смешанной экономикой,1,1.0,0.0804,0,Малые сельские МО,1.0,False
452,городской округ город Черногорск,Республика Хакасия,2,Индустриальные города и пригороды,2,1.0,0.3395,1,Малые города и районы со смешанной экономикой,1.0,False
453,Алтайский муниципальный район,Республика Хакасия,1,Малые города и районы со смешанной экономикой,1,1.0,0.1062,2,Индустриальные города и пригороды,1.0,False
455,Бейский муниципальный район,Республика Хакасия,0,Малые сельские МО,0,1.0,0.197,1,Малые города и районы со смешанной экономикой,1.0,False
456,Боградский муниципальный район,Республика Хакасия,0,Малые сельские МО,0,1.0,0.512,1,Малые города и районы со смешанной экономикой,1.0,False
457,Орджоникидзевский муниципальный район,Республика Хакасия,0,Малые сельские МО,0,1.0,0.5329,1,Малые города и районы со смешанной экономикой,1.0,False
458,Таштыпский муниципальный район,Республика Хакасия,0,Малые сельские МО,0,1.0,0.0889,2,Индустриальные города и пригороды,0.8571,False
459,Усть-Абаканский муниципальный район,Республика Хакасия,2,Индустриальные города и пригороды,2,1.0,0.1313,0,Малые сельские МО,1.0,False
46,Бураевский муниципальный район,Республика Башкортостан,1,Малые города и районы со смешанной экономикой,1,1.0,0.1139,0,Малые сельские МО,0.9412,False
460,Ширинский муниципальный район,Республика Хакасия,0,Малые сельские МО,0,1.0,0.2393,1,Малые города и районы со смешанной экономикой,1.0,False
47,Бурзянский муниципальный район,Республика Башкортостан,0,Малые сельские МО,0,1.0,0.2302,1,Малые города и районы со смешанной экономикой,1.0,False
478,городской округ город Чебоксары,Чувашская Республика,2,Индустриальные города и пригороды,2,1.0,0.2216,3,Столичные агломерации,1.0,False
479,городской округ город Алатырь,Чувашская Республика,1,Малые города и районы со смешанной экономикой,1,1.0,0.0671,0,Малые сельские МО,0.8235,False
48,Гафурийский муниципальный район,Республика Башкортостан,0,Малые сельские МО,0,1.0,0.0648,1,Малые города и районы со смешанной экономикой,0.6875,True
480,городской округ город Канаш,Чувашская Республика,2,Индустриальные города и пригороды,2,1.0,0.5892,1,Малые города и районы со смешанной экономикой,1.0,False
481,городской округ город Новочебоксарск,Чувашская Республика,2,Индустриальные города и пригороды,2,1.0,0.5292,3,Столичные агломерации,1.0,False
482,городской округ город Шумерля,Чувашская Республика,1,Малые города и районы со смешанной экономикой,1,1.0,0.2367,2,Индустриальные города и пригороды,1.0,False
484,Аликовский муниципальный округ,Чувашская Республика,0,Малые сельские МО,0,1.0,0.1054,1,Малые города и районы со смешанной экономикой,0.9333,False
485,Батыревский муниципальный округ,Чувашская Республика,0,Малые сельские МО,0,1.0,0.1658,1,Малые города и районы со смешанной экономикой,1.0,False
486,Вурнарский муниципальный округ,Чувашская Республика,1,Малые города и районы со смешанной экономикой,1,1.0,0.3577,0,Малые сельские МО,1.0,False
487,Ибресинский муниципальный округ,Чувашская Республика,1,Малые города и районы со смешанной экономикой,1,1.0,0.3421,0,Малые сельские МО,1.0,False
489,Козловский муниципальный округ,Чувашская Республика,1,Малые города и районы со смешанной экономикой,1,1.0,0.4042,0,Малые сельские МО,1.0,False
49,Давлекановский муниципальный район,Республика Башкортостан,1,Малые города и районы со смешанной экономикой,1,1.0,0.4542,2,Индустриальные города и пригороды,1.0,False
490,Комсомольский муниципальный округ,Чувашская Республика,0,Малые сельские МО,0,1.0,0.1779,1,Малые города и районы со смешанной экономикой,1.0,False
491,Красноармейский муниципальный округ,Чувашская Республика,1,Малые города и районы со смешанной экономикой,1,1.0,0.1078,0,Малые сельские МО,0.9333,False
492,Красночетайский муниципальный округ,Чувашская Республика,1,Малые города и районы со смешанной экономикой,1,1.0,0.1341,0,Малые сельские МО,0.75,False
493,Мариинско-Посадский муниципальный округ,Чувашская Республика,1,Малые города и районы со смешанной экономикой,1,1.0,0.2335,0,Малые сельские МО,0.9412,False
494,Моргаушский муниципальный округ,Чувашская Республика,1,Малые города и районы со смешанной экономикой,1,1.0,0.2953,0,Малые сельские МО,1.0,False
495,Порецкий муниципальный округ,Чувашская Республика,0,Малые сельские МО,0,1.0,0.3531,1,Малые города и районы со смешанной экономикой,1.0,False
496,Урмарский муниципальный округ,Чувашская Республика,0,Малые сельские МО,0,1.0,0.0982,1,Малые города и районы со смешанной экономикой,0.7222,True
497,Цивильский муниципальный округ,Чувашская Республика,1,Малые города и районы со смешанной экономикой,1,1.0,0.2569,2,Индустриальные города и пригороды,1.0,False
498,Чебоксарский муниципальный округ,Чувашская Республика,2,Индустриальные города и пригороды,2,1.0,0.4709,1,Малые города и районы со смешанной экономикой,1.0,False
499,Шемуршинский муниципальный округ,Чувашская Республика,0,Малые сельские МО,0,1.0,0.1329,1,Малые города и районы со смешанной экономикой,1.0,False
5,Красногвардейский муниципальный район,Республика Адыгея,0,Малые сельские МО,0,1.0,0.4825,1,Малые города и районы со смешанной экономикой,1.0,False
50,Дуванский муниципальный район,Республика Башкортостан,1,Малые города и районы со смешанной экономикой,1,0.6364,0.027,0,Малые сельские МО,0.7333,True
501,Ядринский муниципальный округ,Чувашская Республика,1,Малые города и районы со смешанной экономикой,1,1.0,0.4605,0,Малые сельские МО,1.0,False
502,Яльчикский муниципальный округ,Чувашская Республика,0,Малые сельские МО,0,1.0,0.062,1,Малые города и районы со смешанной экономикой,0.6842,True
503,Янтиковский муниципальный округ,Чувашская Республика,1,Малые города и районы со смешанной экономикой,1,1.0,0.2067,0,Малые сельские МО,0.8889,False
504,городской округ город Барнаул,Алтайский край,2,Индустриальные города и пригороды,2,1.0,0.1655,3,Столичные агломерации,0.8667,False
505,городской округ город Алейск,Алтайский край,2,Индустриальные города и пригороды,2,1.0,0.3472,0,Малые сельские МО,1.0,False
506,городской округ город Белокуриха,Алтайский край,2,Индустриальные города и пригороды,2,1.0,0.0942,0,Малые сельские МО,1.0,False
507,городской округ город Бийск,Алтайский край,2,Индустриальные города и пригороды,2,1.0,0.7782,3,Столичные агломерации,1.0,False
508,городской округ город Заринск,Алтайский край,2,Индустриальные города и пригороды,2,1.0,0.4839,1,Малые города и районы со смешанной экономикой,1.0,False
509,городской округ город Новоалтайск,Алтайский край,2,Индустриальные города и пригороды,2,1.0,0.742,3,Столичные агломерации,1.0,False
51,Дюртюлинский муниципальный район,Республика Башкортостан,2,Индустриальные города и пригороды,2,1.0,0.1093,1,Малые города и районы со смешанной экономикой,0.875,False
510,городской округ город Рубцовск,Алтайский край,2,Индустриальные города и пригороды,2,1.0,0.7036,1,Малые города и районы со смешанной экономикой,1.0,False
511,муниципальный округ город Славгород,Алтайский край,2,Индустриальные города и пригороды,2,1.0,0.3405,0,Малые сельские МО,1.0,False
512,городской округ город Яровое,Алтайский край,0,Малые сельские МО,0,1.0,0.2982,1,Малые города и районы со смешанной экономикой,1.0,False
515,Алтайский муниципальный район,Алтайский край,0,Малые сельские МО,0,1.0,0.1338,2,Индустриальные города и пригороды,0.9375,False
516,Баевский муниципальный район,Алтайский край,0,Малые сельские МО,0,1.0,0.5283,1,Малые города и районы со смешанной экономикой,1.0,False
517,Бийский муниципальный район,Алтайский край,2,Индустриальные города и пригороды,0,0.7727,0.0555,0,Малые сельские МО,0.6875,True
518,Благовещенский муниципальный район,Алтайский край,1,Малые города и районы со смешанной экономикой,1,1.0,0.0789,0,Малые сельские МО,0.5,True
519,Бурлинский муниципальный район,Алтайский край,0,Малые сельские МО,0,1.0,0.4617,1,Малые города и районы со смешанной экономикой,1.0,False
52,Ермекеевский муниципальный район,Республика Башкортостан,1,Малые города и районы со смешанной экономикой,1,1.0,0.1371,0,Малые сельские МО,1.0,False
520,Быстроистокский муниципальный район,Алтайский край,0,Малые сельские МО,0,1.0,0.5966,1,Малые города и районы со смешанной экономикой,1.0,False
521,Волчихинский муниципальный район,Алтайский край,0,Малые сельские МО,0,1.0,0.5724,1,Малые города и районы со смешанной экономикой,1.0,False
522,Егорьевский муниципальный район,Алтайский край,0,Малые сельские МО,0,1.0,0.3815,1,Малые города и районы со смешанной экономикой,1.0,False
523,Ельцовский муниципальный район,Алтайский край,0,Малые сельские МО,0,1.0,0.4365,1,Малые города и районы со смешанной экономикой,1.0,False
524,Завьяловский муниципальный район,Алтайский край,0,Малые сельские МО,0,1.0,0.4638,1,Малые города и районы со смешанной экономикой,1.0,False
525,Залесовский муниципальный округ,Алтайский край,0,Малые сельские МО,0,1.0,0.3957,1,Малые города и районы со смешанной экономикой,1.0,False
527,Змеиногорский муниципальный район,Алтайский край,1,Малые города и районы со смешанной экономикой,1,1.0,0.1375,0,Малые сельские МО,1.0,False
528,Калманский муниципальный район,Алтайский край,0,Малые сельские МО,0,1.0,0.1038,1,Малые города и районы со смешанной экономикой,0.9375,False
529,Каменский муниципальный район,Алтайский край,0,Малые сельские МО,0,1.0,0.0714,2,Индустриальные города и пригороды,1.0,False
53,Зианчуринский муниципальный район,Республика Башкортостан,0,Малые сельские МО,0,1.0,0.1044,1,Малые города и районы со смешанной экономикой,1.0,False
530,Ключевский муниципальный район,Алтайский край,0,Малые сельские МО,0,1.0,0.5173,1,Малые города и районы со смешанной экономикой,1.0,False
531,Косихинский муниципальный район,Алтайский край,0,Малые сельские МО,0,1.0,0.1165,1,Малые города и районы со смешанной экономикой,0.9375,False
532,Красногорский муниципальный район,Алтайский край,0,Малые сельские МО,0,1.0,0.5173,1,Малые города и районы со смешанной экономикой,1.0,False
533,Краснощёковский муниципальный район,Алтайский край,0,Малые сельские МО,0,1.0,0.4805,1,Малые города и районы со смешанной экономикой,1.0,False
534,Крутихинский муниципальный район,Алтайский край,0,Малые сельские МО,0,1.0,0.4128,1,Малые города и районы со смешанной экономикой,1.0,False
535,Кулундинский муниципальный район,Алтайский край,1,Малые города и районы со смешанной экономикой,1,1.0,0.0501,0,Малые сельские МО,0.7333,True
536,Курьинский муниципальный район,Алтайский край,0,Малые сельские МО,0,1.0,0.4937,1,Малые города и районы со смешанной экономикой,1.0,False
537,Кытмановский муниципальный район,Алтайский край,0,Малые сельские МО,0,1.0,0.2669,1,Малые города и районы со смешанной экономикой,1.0,False
538,Локтевский муниципальный район,Алтайский край,0,Малые сельские МО,0,1.0,0.243,1,Малые города и районы со смешанной экономикой,1.0,False
539,Мамонтовский муниципальный район,Алтайский край,0,Малые сельские МО,0,1.0,0.5413,1,Малые города и районы со смешанной экономикой,1.0,False
54,Зилаирский муниципальный район,Республика Башкортостан,0,Малые сельские МО,0,1.0,0.3752,2,Индустриальные города и пригороды,1.0,False
540,Михайловский муниципальный район,Алтайский край,0,Малые сельские МО,0,1.0,0.505,1,Малые города и районы со смешанной экономикой,1.0,False
541,Новичихинский муниципальный район,Алтайский край,0,Малые сельские МО,0,1.0,0.4113,1,Малые города и районы со смешанной экономикой,1.0,False
542,Зональный муниципальный район,Алтайский край,1,Малые города и районы со смешанной экономикой,1,1.0,0.1116,0,Малые сельские МО,1.0,False
543,Павловский муниципальный район,Алтайский край,1,Малые города и районы со смешанной экономикой,1,1.0,0.2438,0,Малые сельские МО,1.0,False
544,Панкрушихинский муниципальный район,Алтайский край,0,Малые сельские МО,0,1.0,0.5707,1,Малые города и районы со смешанной экономикой,1.0,False
545,Первомайский муниципальный район,Алтайский край,0,Малые сельские МО,0,1.0,0.1371,1,Малые города и районы со смешанной экономикой,1.0,False
546,Петропавловский муниципальный район,Алтайский край,0,Малые сельские МО,0,1.0,0.1525,1,Малые города и районы со смешанной экономикой,1.0,False
547,Поспелихинский муниципальный район,Алтайский край,0,Малые сельские МО,0,1.0,0.2059,1,Малые города и районы со смешанной экономикой,1.0,False
548,Ребрихинский муниципальный район,Алтайский край,0,Малые сельские МО,0,1.0,0.2712,1,Малые города и районы со смешанной экономикой,1.0,False
549,Родинский муниципальный район,Алтайский край,0,Малые сельские МО,0,1.0,0.5961,1,Малые города и районы со смешанной экономикой,1.0,False
55,Иглинский муниципальный район,Республика Башкортостан,2,Индустриальные города и пригороды,2,1.0,0.3909,1,Малые города и районы со смешанной экономикой,1.0,False
550,Романовский муниципальный район,Алтайский край,0,Малые сельские МО,0,1.0,0.2854,1,Малые города и районы со смешанной экономикой,1.0,False
552,Смоленский муниципальный район,Алтайский край,0,Малые сельские МО,0,1.0,0.2064,1,Малые города и районы со смешанной экономикой,1.0,False
553,муниципальный округ Суетский район,Алтайский край,0,Малые сельские МО,0,1.0,0.293,1,Малые города и районы со смешанной экономикой,1.0,False
554,Советский муниципальный район,Алтайский край,2,Индустриальные города и пригороды,2,0.6364,0.0775,0,Малые сельские МО,1.0,False
555,Солонешенский муниципальный район,Алтайский край,0,Малые сельские МО,0,1.0,0.6554,1,Малые города и районы со смешанной экономикой,1.0,False
556,Солтонский муниципальный район,Алтайский край,0,Малые сельские МО,0,1.0,0.284,1,Малые города и районы со смешанной экономикой,1.0,False
557,Шелаболихинский муниципальный район,Алтайский край,0,Малые сельские МО,0,1.0,0.2447,1,Малые города и районы со смешанной экономикой,1.0,False
558,Табунский муниципальный район,Алтайский край,0,Малые сельские МО,0,1.0,0.4338,1,Малые города и районы со смешанной экономикой,1.0,False
559,Тальменский муниципальный район,Алтайский край,0,Малые сельские МО,0,1.0,0.0944,1,Малые города и районы со смешанной экономикой,1.0,False
56,Илишевский муниципальный район,Республика Башкортостан,1,Малые города и районы со смешанной экономикой,1,1.0,0.2297,0,Малые сельские МО,1.0,False
560,Тогульский муниципальный район,Алтайский край,0,Малые сельские МО,0,1.0,0.0686,1,Малые города и районы со смешанной экономикой,0.7857,False
561,Топчихинский муниципальный район,Алтайский край,0,Малые сельские МО,0,1.0,0.2487,1,Малые города и районы со смешанной экономикой,1.0,False
562,Третьяковский муниципальный район,Алтайский край,0,Малые сельские МО,0,1.0,0.2085,1,Малые города и районы со смешанной экономикой,1.0,False
563,Троицкий муниципальный район,Алтайский край,0,Малые сельские МО,0,1.0,0.4405,1,Малые города и районы со смешанной экономикой,1.0,False
564,Тюменцевский муниципальный район,Алтайский край,0,Малые сельские МО,0,1.0,0.487,1,Малые города и районы со смешанной экономикой,1.0,False
565,Угловский муниципальный район,Алтайский край,0,Малые сельские МО,0,1.0,0.3157,1,Малые города и районы со смешанной экономикой,1.0,False
566,Усть-Калманский муниципальный район,Алтайский край,0,Малые сельские МО,0,1.0,0.5886,1,Малые города и районы со смешанной экономикой,1.0,False
567,Усть-Пристанский муниципальный район,Алтайский край,0,Малые сельские МО,0,1.0,0.4013,1,Малые города и районы со смешанной экономикой,1.0,False
568,Хабарский муниципальный район,Алтайский край,1,Малые города и районы со смешанной экономикой,1,0.8182,0.0903,0,Малые сельские МО,0.9286,False
569,Целинный муниципальный район,Алтайский край,0,Малые сельские МО,0,1.0,0.4516,1,Малые города и районы со смешанной экономикой,1.0,False
57,Ишимбайский муниципальный район,Республика Башкортостан,2,Индустриальные города и пригороды,2,1.0,0.5478,1,Малые города и районы со смешанной экономикой,1.0,False
570,муниципальный округ Чарышский район,Алтайский край,0,Малые сельские МО,0,1.0,0.5432,1,Малые города и районы со смешанной экономикой,1.0,False
571,Шипуновский муниципальный район,Алтайский край,0,Малые сельские МО,0,1.0,0.5223,1,Малые города и районы со смешанной экономикой,1.0,False
572,Немецкий национальный муниципальный район,Алтайский край,0,Малые сельские МО,0,1.0,0.4566,1,Малые города и районы со смешанной экономикой,1.0,False
574,городской округ город Петровск-Забайкальский,Забайкальский край,0,Малые сельские МО,0,1.0,0.1478,1,Малые города и районы со смешанной экономикой,0.75,False
578,Балейский муниципальный район,Забайкальский край,0,Малые сельские МО,1,0.5909,0.0662,1,Малые города и районы со смешанной экономикой,1.0,False
579,Борзинский муниципальный район,Забайкальский край,2,Индустриальные города и пригороды,2,1.0,0.2728,1,Малые города и районы со смешанной экономикой,1.0,False
58,Калтасинский муниципальный район,Республика Башкортостан,1,Малые города и районы со смешанной экономикой,1,1.0,0.3695,0,Малые сельские МО,1.0,False
580,Газимуро-Заводский муниципальный район,Забайкальский край,4,Ресурсный Север и Дальний Восток,4,1.0,0.3181,1,Малые города и районы со смешанной экономикой,1.0,False
581,Забайкальский муниципальный район,Забайкальский край,1,Малые города и районы со смешанной экономикой,1,1.0,0.0509,2,Индустриальные города и пригороды,0.7222,True
582,Каларский муниципальный округ,Забайкальский край,4,Ресурсный Север и Дальний Восток,4,0.7273,0.0435,2,Индустриальные города и пригороды,0.3125,True
583,Калганский муниципальный район,Забайкальский край,0,Малые сельские МО,4,0.5909,0.1381,4,Ресурсный Север и Дальний Восток,0.7647,False
584,Карымский муниципальный район,Забайкальский край,1,Малые города и районы со смешанной экономикой,1,1.0,0.1483,2,Индустриальные города и пригороды,1.0,False
585,муниципальный район Город Краснокаменск и Краснокаменский район,Забайкальский край,2,Индустриальные города и пригороды,2,1.0,0.4443,1,Малые города и районы со смешанной экономикой,1.0,False
586,Красночикойский муниципальный район,Забайкальский край,0,Малые сельские МО,0,1.0,0.3051,1,Малые города и районы со смешанной экономикой,0.875,False
587,Кыринский муниципальный район,Забайкальский край,0,Малые сельские МО,0,0.6364,0.1051,4,Ресурсный Север и Дальний Восток,0.6471,True
588,Могочинский муниципальный район,Забайкальский край,4,Ресурсный Север и Дальний Восток,4,1.0,0.149,1,Малые города и районы со смешанной экономикой,0.5882,True
589,Нерчинский муниципальный район,Забайкальский край,0,Малые сельские МО,0,1.0,0.1538,1,Малые города и районы со смешанной экономикой,0.875,False
59,Караидельский муниципальный район,Республика Башкортостан,0,Малые сельские МО,0,1.0,0.0404,1,Малые города и районы со смешанной экономикой,0.5789,True
591,Оловяннинский муниципальный район,Забайкальский край,0,Малые сельские МО,0,1.0,0.121,1,Малые города и районы со смешанной экономикой,0.9375,False
592,Ононский муниципальный район,Забайкальский край,0,Малые сельские МО,0,1.0,0.2541,1,Малые города и районы со смешанной экономикой,0.8824,False
593,Петровск-Забайкальский муниципальный район,Забайкальский край,0,Малые сельские МО,0,1.0,0.1757,1,Малые города и районы со смешанной экономикой,0.9412,False
594,Приаргунский муниципальный округ,Забайкальский край,0,Малые сельские МО,0,1.0,0.319,1,Малые города и районы со смешанной экономикой,0.8571,False
595,Сретенский муниципальный район,Забайкальский край,0,Малые сельские МО,0,1.0,0.225,1,Малые города и районы со смешанной экономикой,0.9444,False
598,Улётовский муниципальный район,Забайкальский край,0,Малые сельские МО,0,1.0,0.3974,1,Малые города и районы со смешанной экономикой,1.0,False
599,Хилокский муниципальный район,Забайкальский край,1,Малые города и районы со смешанной экономикой,1,1.0,0.0464,2,Индустриальные города и пригороды,0.75,False
6,Майкопский муниципальный район,Республика Адыгея,2,Индустриальные города и пригороды,2,1.0,0.3099,0,Малые сельские МО,1.0,False
60,Кармаскалинский муниципальный район,Республика Башкортостан,1,Малые города и районы со смешанной экономикой,1,1.0,0.2255,0,Малые сельские МО,1.0,False
600,Чернышевский муниципальный район,Забайкальский край,1,Малые города и районы со смешанной экономикой,1,1.0,0.0828,2,Индустриальные города и пригороды,1.0,False
601,Читинский муниципальный район,Забайкальский край,2,Индустриальные города и пригороды,2,1.0,0.1547,1,Малые города и районы со смешанной экономикой,1.0,False
602,Шелопугинский муниципальный район,Забайкальский край,0,Малые сельские МО,0,1.0,0.153,1,Малые города и районы со смешанной экономикой,1.0,False
603,Шилкинский муниципальный район,Забайкальский край,1,Малые города и районы со смешанной экономикой,1,1.0,0.1252,2,Индустриальные города и пригороды,1.0,False
604,городской округ поселок Агинское,Забайкальский край,4,Ресурсный Север и Дальний Восток,0,0.7727,0.1166,0,Малые сельские МО,1.0,False
605,Агинский муниципальный район,Забайкальский край,4,Ресурсный Север и Дальний Восток,4,0.8182,0.1039,0,Малые сельские МО,1.0,False
606,Дульдургинский муниципальный район,Забайкальский край,0,Малые сельские МО,0,1.0,0.2893,1,Малые города и районы со смешанной экономикой,0.9333,False
607,Могойтуйский муниципальный район,Забайкальский край,0,Малые сельские МО,0,1.0,0.1615,4,Ресурсный Север и Дальний Восток,0.8235,False
608,городской округ Петропавловск-Камчатский,Камчатский край,3,Столичные агломерации,3,1.0,0.0583,2,Индустриальные города и пригороды,0.8235,False
61,Кигинский муниципальный район,Республика Башкортостан,0,Малые сельские МО,0,1.0,0.1796,1,Малые города и районы со смешанной экономикой,1.0,False
612,Елизовский муниципальный район,Камчатский край,2,Индустриальные города и пригороды,2,1.0,0.0317,4,Ресурсный Север и Дальний Восток,0.75,False
613,Мильковский муниципальный район,Камчатский край,4,Ресурсный Север и Дальний Восток,4,1.0,0.1123,1,Малые города и районы со смешанной экономикой,0.8333,False
614,Соболевский муниципальный район,Камчатский край,4,Ресурсный Север и Дальний Восток,4,1.0,0.5151,2,Индустриальные города и пригороды,1.0,False
615,Усть-Большерецкий муниципальный район,Камчатский край,4,Ресурсный Север и Дальний Восток,4,1.0,0.6467,2,Индустриальные города и пригороды,1.0,False
616,Усть-Камчатский муниципальный район,Камчатский край,4,Ресурсный Север и Дальний Восток,4,1.0,0.7528,2,Индустриальные города и пригороды,1.0,False
618,Карагинский муниципальный район,Камчатский край,4,Ресурсный Север и Дальний Восток,4,1.0,0.5146,2,Индустриальные города и пригороды,1.0,False
619,Олюторский муниципальный район,Камчатский край,4,Ресурсный Север и Дальний Восток,4,1.0,0.445,2,Индустриальные города и пригороды,1.0,False
62,Краснокамский муниципальный район,Республика Башкортостан,1,Малые города и районы со смешанной экономикой,1,1.0,0.2673,0,Малые сельские МО,1.0,False
621,Тигильский муниципальный район,Камчатский край,4,Ресурсный Север и Дальний Восток,4,1.0,0.5301,2,Индустриальные города и пригороды,1.0,False
63,Кугарчинский муниципальный район,Республика Башкортостан,0,Малые сельские МО,0,1.0,0.0853,1,Малые города и районы со смешанной экономикой,1.0,False
65,Кушнаренковский муниципальный район,Республика Башкортостан,1,Малые города и районы со смешанной экономикой,1,1.0,0.165,0,Малые сельские МО,0.875,False
66,Мелеузовский муниципальный район,Республика Башкортостан,2,Индустриальные города и пригороды,2,1.0,0.5873,1,Малые города и районы со смешанной экономикой,1.0,False
666,городской округ город Красноярск,Красноярский край,3,Столичные агломерации,3,1.0,0.2059,2,Индустриальные города и пригороды,1.0,False
667,городской округ город Ачинск,Красноярский край,2,Индустриальные города и пригороды,2,1.0,0.7974,1,Малые города и районы со смешанной экономикой,1.0,False
668,городской округ город Боготол,Красноярский край,1,Малые города и районы со смешанной экономикой,1,1.0,0.2563,0,Малые сельские МО,1.0,False
669,городской округ город Бородино,Красноярский край,1,Малые города и районы со смешанной экономикой,1,1.0,0.3448,0,Малые сельские МО,1.0,False
67,Мечетлинский муниципальный район,Республика Башкортостан,0,Малые сельские МО,0,1.0,0.1914,1,Малые города и районы со смешанной экономикой,1.0,False
670,городской округ город Дивногорск,Красноярский край,2,Индустриальные города и пригороды,2,1.0,0.5111,1,Малые города и районы со смешанной экономикой,1.0,False
671,городской округ город Енисейск,Красноярский край,1,Малые города и районы со смешанной экономикой,1,1.0,0.1422,0,Малые сельские МО,1.0,False
674,городской округ город Канск,Красноярский край,2,Индустриальные города и пригороды,2,1.0,0.5393,0,Малые сельские МО,1.0,False
675,городской округ город Лесосибирск,Красноярский край,2,Индустриальные города и пригороды,2,1.0,0.721,1,Малые города и районы со смешанной экономикой,1.0,False
676,городской округ город Минусинск,Красноярский край,2,Индустриальные города и пригороды,2,1.0,0.431,3,Столичные агломерации,1.0,False
677,городской округ город Назарово,Красноярский край,2,Индустриальные города и пригороды,2,1.0,0.5883,1,Малые города и районы со смешанной экономикой,1.0,False
678,городской округ город Норильск,Красноярский край,2,Индустриальные города и пригороды,2,1.0,0.1212,1,Малые города и районы со смешанной экономикой,0.8235,False
679,городской округ город Сосновоборск,Красноярский край,2,Индустриальные города и пригороды,2,1.0,0.5915,0,Малые сельские МО,1.0,False
68,Мишкинский муниципальный район,Республика Башкортостан,0,Малые сельские МО,0,1.0,0.2254,1,Малые города и районы со смешанной экономикой,1.0,False
680,городской округ город Шарыпово,Красноярский край,2,Индустриальные города и пригороды,2,1.0,0.2001,1,Малые города и районы со смешанной экономикой,1.0,False
683,Абанский муниципальный район,Красноярский край,0,Малые сельские МО,0,1.0,0.6285,1,Малые города и районы со смешанной экономикой,1.0,False
685,Балахтинский муниципальный район,Красноярский край,2,Индустриальные города и пригороды,2,0.6818,0.1981,1,Малые города и районы со смешанной экономикой,1.0,False
686,Березовский муниципальный район,Красноярский край,2,Индустриальные города и пригороды,2,1.0,0.4422,1,Малые города и районы со смешанной экономикой,1.0,False
687,Бирилюсский муниципальный район,Красноярский край,0,Малые сельские МО,0,1.0,0.1233,1,Малые города и районы со смешанной экономикой,1.0,False
689,Богучанский муниципальный район,Красноярский край,2,Индустриальные города и пригороды,2,1.0,0.0737,1,Малые города и районы со смешанной экономикой,0.8824,False
69,Миякинский муниципальный район,Республика Башкортостан,1,Малые города и районы со смешанной экономикой,1,1.0,0.1155,0,Малые сельские МО,0.8667,False
690,Большемуртинский муниципальный район,Красноярский край,0,Малые сельские МО,0,1.0,0.1407,1,Малые города и районы со смешанной экономикой,0.8889,False
691,Большеулуйский муниципальный район,Красноярский край,1,Малые города и районы со смешанной экономикой,1,1.0,0.24,0,Малые сельские МО,1.0,False
692,Дзержинский муниципальный район,Красноярский край,0,Малые сельские МО,0,1.0,0.6657,1,Малые города и районы со смешанной экономикой,1.0,False
693,Емельяновский муниципальный район,Красноярский край,2,Индустриальные города и пригороды,2,1.0,0.2324,3,Столичные агломерации,1.0,False
694,Енисейский муниципальный район,Красноярский край,1,Малые города и районы со смешанной экономикой,1,1.0,0.3079,0,Малые сельские МО,1.0,False
695,Ермаковский муниципальный район,Красноярский край,0,Малые сельские МО,0,1.0,0.5523,1,Малые города и районы со смешанной экономикой,1.0,False
696,Идринский муниципальный район,Красноярский край,0,Малые сельские МО,0,1.0,0.4558,1,Малые города и районы со смешанной экономикой,1.0,False
697,Иланский муниципальный район,Красноярский край,1,Малые города и районы со смешанной экономикой,1,1.0,0.2587,0,Малые сельские МО,1.0,False
698,Ирбейский муниципальный район,Красноярский край,0,Малые сельские МО,0,1.0,0.3597,1,Малые города и районы со смешанной экономикой,1.0,False
699,Казачинский муниципальный район,Красноярский край,0,Малые сельские МО,0,1.0,0.608,1,Малые города и районы со смешанной экономикой,1.0,False
7,Тахтамукайский муниципальный район,Республика Адыгея,2,Индустриальные города и пригороды,2,1.0,0.076,3,Столичные агломерации,0.3333,True
70,Нуримановский муниципальный район,Республика Башкортостан,1,Малые города и районы со смешанной экономикой,1,1.0,0.1694,0,Малые сельские МО,0.8333,False
701,Каратузский муниципальный район,Красноярский край,0,Малые сельские МО,0,1.0,0.6529,1,Малые города и районы со смешанной экономикой,1.0,False
702,Кежемский муниципальный район,Красноярский край,4,Ресурсный Север и Дальний Восток,4,1.0,0.2043,1,Малые города и районы со смешанной экономикой,0.8667,False
703,Козульский муниципальный район,Красноярский край,0,Малые сельские МО,0,0.6818,0.1011,1,Малые города и районы со смешанной экономикой,0.75,False
704,Краснотуранский муниципальный район,Красноярский край,0,Малые сельские МО,0,1.0,0.1245,1,Малые города и районы со смешанной экономикой,1.0,False
705,Курагинский муниципальный район,Красноярский край,1,Малые города и районы со смешанной экономикой,1,1.0,0.0703,0,Малые сельские МО,1.0,False
706,Манский муниципальный район,Красноярский край,0,Малые сельские МО,0,1.0,0.5492,1,Малые города и районы со смешанной экономикой,1.0,False
708,Мотыгинский муниципальный район,Красноярский край,4,Ресурсный Север и Дальний Восток,4,1.0,0.2093,1,Малые города и районы со смешанной экономикой,0.8667,False
71,Салаватский муниципальный район,Республика Башкортостан,0,Малые сельские МО,0,1.0,0.1059,1,Малые города и районы со смешанной экономикой,1.0,False
710,Нижнеингашский муниципальный район,Красноярский край,0,Малые сельские МО,0,1.0,0.585,1,Малые города и районы со смешанной экономикой,1.0,False
711,Новоселовский муниципальный район,Красноярский край,0,Малые сельские МО,0,1.0,0.3505,1,Малые города и районы со смешанной экономикой,0.9286,False
712,Партизанский муниципальный район,Красноярский край,0,Малые сельские МО,0,1.0,0.4246,1,Малые города и районы со смешанной экономикой,1.0,False
713,Пировский муниципальный округ,Красноярский край,0,Малые сельские МО,0,1.0,0.5438,1,Малые города и районы со смешанной экономикой,1.0,False
714,Рыбинский муниципальный район,Красноярский край,1,Малые города и районы со смешанной экономикой,1,1.0,0.3396,0,Малые сельские МО,1.0,False
715,Саянский муниципальный район,Красноярский край,0,Малые сельские МО,0,1.0,0.5819,1,Малые города и районы со смешанной экономикой,1.0,False
716,Северо-Енисейский муниципальный район,Красноярский край,4,Ресурсный Север и Дальний Восток,4,1.0,0.3534,1,Малые города и районы со смешанной экономикой,0.8235,False
717,Сухобузимский муниципальный район,Красноярский край,0,Малые сельские МО,0,1.0,0.37,1,Малые города и районы со смешанной экономикой,1.0,False
718,Таймырский Долгано-Ненецкий муниципальный район,Красноярский край,4,Ресурсный Север и Дальний Восток,4,1.0,0.1791,1,Малые города и районы со смешанной экономикой,0.8889,False
719,Тасеевский муниципальный район,Красноярский край,0,Малые сельские МО,0,1.0,0.6697,1,Малые города и районы со смешанной экономикой,1.0,False
72,Стерлибашевский муниципальный район,Республика Башкортостан,0,Малые сельские МО,0,1.0,0.0863,1,Малые города и районы со смешанной экономикой,0.8667,False
720,Туруханский муниципальный район,Красноярский край,4,Ресурсный Север и Дальний Восток,4,1.0,0.4835,2,Индустриальные города и пригороды,1.0,False
721,Тюхтетский муниципальный округ,Красноярский край,0,Малые сельские МО,0,1.0,0.5468,1,Малые города и районы со смешанной экономикой,1.0,False
722,Ужурский муниципальный район,Красноярский край,2,Индустриальные города и пригороды,2,1.0,0.032,1,Малые города и районы со смешанной экономикой,0.75,False
723,Уярский муниципальный район,Красноярский край,1,Малые города и районы со смешанной экономикой,1,1.0,0.2813,0,Малые сельские МО,1.0,False
725,Шушенский муниципальный район,Красноярский край,0,Малые сельские МО,0,1.0,0.1685,1,Малые города и районы со смешанной экономикой,1.0,False
726,Эвенкийский муниципальный район,Красноярский край,4,Ресурсный Север и Дальний Восток,4,1.0,0.4904,2,Индустриальные города и пригороды,1.0,False
727,городской округ Пермский,Пермский край,2,Индустриальные города и пригороды,2,1.0,0.0875,3,Столичные агломерации,0.5263,True
73,Стерлитамакский муниципальный район,Республика Башкортостан,2,Индустриальные города и пригороды,2,1.0,0.3368,1,Малые города и районы со смешанной экономикой,1.0,False
731,городской округ Лысьвенский,Пермский край,2,Индустриальные города и пригороды,2,1.0,0.5772,1,Малые города и районы со смешанной экономикой,1.0,False
734,муниципальный округ Александровский,Пермский край,1,Малые города и районы со смешанной экономикой,1,1.0,0.2179,0,Малые сельские МО,1.0,False
735,муниципальный округ Бардымский,Пермский край,1,Малые города и районы со смешанной экономикой,1,1.0,0.2914,0,Малые сельские МО,1.0,False
736,муниципальный округ Березовский,Пермский край,1,Малые города и районы со смешанной экономикой,1,1.0,0.1054,0,Малые сельские МО,0.8333,False
737,муниципальный округ Большесосновский,Пермский край,0,Малые сельские МО,0,1.0,0.287,1,Малые города и районы со смешанной экономикой,1.0,False
738,городской округ Верещагинский,Пермский край,1,Малые города и районы со смешанной экономикой,1,1.0,0.2608,0,Малые сельские МО,1.0,False
739,городской округ Горнозаводский,Пермский край,1,Малые города и районы со смешанной экономикой,1,1.0,0.4847,0,Малые сельские МО,1.0,False
74,Татышлинский муниципальный район,Республика Башкортостан,0,Малые сельские МО,0,1.0,0.0952,1,Малые города и районы со смешанной экономикой,0.875,False
741,городской округ Добрянский,Пермский край,2,Индустриальные города и пригороды,2,1.0,0.1291,1,Малые города и районы со смешанной экономикой,0.8947,False
742,муниципальный округ Еловский,Пермский край,0,Малые сельские МО,0,1.0,0.2579,1,Малые города и районы со смешанной экономикой,1.0,False
743,городской округ Ильинский,Пермский край,1,Малые города и районы со смешанной экономикой,1,1.0,0.1328,0,Малые сельские МО,0.9375,False
744,муниципальный округ Карагайский,Пермский край,0,Малые сельские МО,0,1.0,0.2914,1,Малые города и районы со смешанной экономикой,1.0,False
745,городской округ город Кизел,Пермский край,0,Малые сельские МО,1,0.7273,0.1079,1,Малые города и районы со смешанной экономикой,1.0,False
746,муниципальный округ Кишертский,Пермский край,0,Малые сельские МО,0,1.0,0.0982,1,Малые города и районы со смешанной экономикой,0.6,True
747,городской округ Красновишерский,Пермский край,0,Малые сельские МО,0,1.0,0.3417,1,Малые города и районы со смешанной экономикой,1.0,False
748,городской округ Краснокамский,Пермский край,2,Индустриальные города и пригороды,2,1.0,0.6333,1,Малые города и районы со смешанной экономикой,1.0,False
749,муниципальный округ Куединский,Пермский край,0,Малые сельские МО,0,0.8182,0.1494,1,Малые города и районы со смешанной экономикой,1.0,False
75,Туймазинский муниципальный район,Республика Башкортостан,2,Индустриальные города и пригороды,2,1.0,0.5754,1,Малые города и районы со смешанной экономикой,1.0,False
751,городской округ Нытвенский,Пермский край,1,Малые города и районы со смешанной экономикой,1,1.0,0.3648,2,Индустриальные города и пригороды,1.0,False
752,городской округ Октябрьский,Пермский край,1,Малые города и районы со смешанной экономикой,1,1.0,0.1029,0,Малые сельские МО,0.75,False
753,муниципальный округ Ординский,Пермский край,0,Малые сельские МО,0,1.0,0.0878,1,Малые города и районы со смешанной экономикой,0.875,False
754,городской округ Осинский,Пермский край,1,Малые города и районы со смешанной экономикой,1,1.0,0.5382,0,Малые сельские МО,1.0,False
755,городской округ Оханский,Пермский край,0,Малые сельские МО,0,1.0,0.3691,1,Малые города и районы со смешанной экономикой,1.0,False
756,городской округ Очерский,Пермский край,1,Малые города и районы со смешанной экономикой,1,1.0,0.3074,0,Малые сельские МО,1.0,False
757,муниципальный округ Пермский,Пермский край,2,Индустриальные города и пригороды,2,1.0,0.4391,3,Столичные агломерации,1.0,False
758,муниципальный округ Сивинский,Пермский край,0,Малые сельские МО,0,1.0,0.2104,1,Малые города и районы со смешанной экономикой,1.0,False
76,Уфимский муниципальный район,Республика Башкортостан,2,Индустриальные города и пригороды,2,1.0,0.4663,3,Столичные агломерации,1.0,False
760,городской округ Суксунский,Пермский край,0,Малые сельские МО,0,1.0,0.7275,1,Малые города и районы со смешанной экономикой,1.0,False
761,муниципальный округ Уинский,Пермский край,0,Малые сельские МО,0,1.0,0.6024,1,Малые города и районы со смешанной экономикой,1.0,False
763,городской округ Чайковский,Пермский край,2,Индустриальные города и пригороды,2,1.0,0.7558,3,Столичные агломерации,1.0,False
764,муниципальный округ Частинский,Пермский край,0,Малые сельские МО,1,0.6364,0.0931,1,Малые города и районы со смешанной экономикой,0.7647,False
765,городской округ Чердынский,Пермский край,0,Малые сельские МО,0,1.0,0.6689,1,Малые города и районы со смешанной экономикой,1.0,False
766,городской округ Чернушинский,Пермский край,2,Индустриальные города и пригороды,2,1.0,0.1575,1,Малые города и районы со смешанной экономикой,0.875,False
767,городской округ Чусовской,Пермский край,2,Индустриальные города и пригороды,2,1.0,0.7048,1,Малые города и районы со смешанной экономикой,1.0,False
769,муниципальный округ Гайнский,Пермский край,0,Малые сельские МО,0,1.0,0.177,1,Малые города и районы со смешанной экономикой,1.0,False
77,Учалинский муниципальный район,Республика Башкортостан,2,Индустриальные города и пригороды,2,1.0,0.4231,1,Малые города и районы со смешанной экономикой,1.0,False
770,муниципальный округ Косинский,Пермский край,0,Малые сельские МО,0,1.0,0.4162,1,Малые города и районы со смешанной экономикой,1.0,False
771,муниципальный округ Кочевский,Пермский край,0,Малые сельские МО,0,1.0,0.2003,1,Малые города и районы со смешанной экономикой,1.0,False
773,муниципальный округ Юрлинский,Пермский край,0,Малые сельские МО,0,1.0,0.3276,1,Малые города и районы со смешанной экономикой,1.0,False
774,муниципальный округ Юсьвинский,Пермский край,1,Малые города и районы со смешанной экономикой,1,1.0,0.0932,0,Малые сельские МО,0.875,False
775,городской округ Владивостокский,Приморский край,3,Столичные агломерации,3,1.0,0.1507,2,Индустриальные города и пригороды,0.75,False
776,городской округ Арсеньевский,Приморский край,2,Индустриальные города и пригороды,2,1.0,0.5144,1,Малые города и районы со смешанной экономикой,1.0,False
777,городской округ Артемовский,Приморский край,2,Индустриальные города и пригороды,2,1.0,0.1016,3,Столичные агломерации,0.7647,False
778,городской округ Большой Камень,Приморский край,2,Индустриальные города и пригороды,2,1.0,0.367,1,Малые города и районы со смешанной экономикой,1.0,False
779,городской округ Дальнегорский,Приморский край,1,Малые города и районы со смешанной экономикой,1,1.0,0.3511,2,Индустриальные города и пригороды,1.0,False
78,Федоровский муниципальный район,Республика Башкортостан,1,Малые города и районы со смешанной экономикой,1,1.0,0.0511,0,Малые сельские МО,0.8667,False
780,городской округ Дальнереченский,Приморский край,1,Малые города и районы со смешанной экономикой,1,1.0,0.2011,2,Индустриальные города и пригороды,1.0,False
781,городской округ Лесозаводский,Приморский край,1,Малые города и районы со смешанной экономикой,1,1.0,0.0189,2,Индустриальные города и пригороды,0.5882,True
782,городской округ Находкинский,Приморский край,2,Индустриальные города и пригороды,2,1.0,0.352,3,Столичные агломерации,1.0,False
783,городской округ Партизанский,Приморский край,1,Малые города и районы со смешанной экономикой,1,1.0,0.307,0,Малые сельские МО,1.0,False
784,городской округ Спасск-Дальний,Приморский край,2,Индустриальные города и пригороды,2,1.0,0.2652,1,Малые города и районы со смешанной экономикой,1.0,False
785,городской округ Уссурийский,Приморский край,2,Индустриальные города и пригороды,2,1.0,0.0609,3,Столичные агломерации,0.75,False
787,Анучинский муниципальный округ,Приморский край,1,Малые города и районы со смешанной экономикой,1,1.0,0.0762,0,Малые сельские МО,1.0,False
788,Дальнереченский муниципальный район,Приморский край,0,Малые сельские МО,4,0.5455,0.0615,2,Индустриальные города и пригороды,0.4118,True
789,Кавалеровский муниципальный округ,Приморский край,0,Малые сельские МО,1,0.6818,0.0427,1,Малые города и районы со смешанной экономикой,0.2667,True
79,Хайбуллинский муниципальный район,Республика Башкортостан,1,Малые города и районы со смешанной экономикой,1,1.0,0.045,2,Индустриальные города и пригороды,0.5625,True
790,Кировский муниципальный район,Приморский край,0,Малые сельские МО,0,1.0,0.228,1,Малые города и районы со смешанной экономикой,0.875,False
791,Красноармейский муниципальный район,Приморский край,4,Ресурсный Север и Дальний Восток,4,1.0,0.2004,0,Малые сельские МО,1.0,False
792,Лазовский муниципальный округ,Приморский край,1,Малые города и районы со смешанной экономикой,1,1.0,0.0988,0,Малые сельские МО,1.0,False
793,Михайловский муниципальный район,Приморский край,1,Малые города и районы со смешанной экономикой,1,1.0,0.3285,0,Малые сельские МО,1.0,False
794,Надеждинский муниципальный район,Приморский край,2,Индустриальные города и пригороды,2,1.0,0.3471,4,Ресурсный Север и Дальний Восток,1.0,False
795,Октябрьский муниципальный округ,Приморский край,1,Малые города и районы со смешанной экономикой,1,1.0,0.208,4,Ресурсный Север и Дальний Восток,1.0,False
796,Ольгинский муниципальный округ,Приморский край,0,Малые сельские МО,4,0.5909,0.0877,4,Ресурсный Север и Дальний Восток,0.8235,False
797,Партизанский муниципальный район,Приморский край,4,Ресурсный Север и Дальний Восток,4,1.0,0.2098,0,Малые сельские МО,1.0,False
798,Пограничный муниципальный округ,Приморский край,1,Малые города и районы со смешанной экономикой,1,1.0,0.4336,0,Малые сельские МО,1.0,False
799,Пожарский муниципальный округ,Приморский край,4,Ресурсный Север и Дальний Восток,4,1.0,0.1907,1,Малые города и районы со смешанной экономикой,0.8,False
8,Теучежский муниципальный район,Республика Адыгея,2,Индустриальные города и пригороды,2,1.0,0.2592,3,Столичные агломерации,1.0,False
80,Чекмагушевский муниципальный район,Республика Башкортостан,1,Малые города и районы со смешанной экономикой,1,1.0,0.2351,0,Малые сельские МО,1.0,False
800,Спасский муниципальный район,Приморский край,4,Ресурсный Север и Дальний Восток,4,1.0,0.1422,1,Малые города и районы со смешанной экономикой,0.7647,False
801,Тернейский муниципальный округ,Приморский край,4,Ресурсный Север и Дальний Восток,4,1.0,0.2163,0,Малые сельские МО,0.875,False
802,Ханкайский муниципальный округ,Приморский край,0,Малые сельские МО,0,1.0,0.1784,1,Малые города и районы со смешанной экономикой,1.0,False
803,Хасанский муниципальный округ,Приморский край,1,Малые города и районы со смешанной экономикой,4,0.6818,0.0529,4,Ресурсный Север и Дальний Восток,0.8333,False
804,Хорольский муниципальный округ,Приморский край,0,Малые сельские МО,0,1.0,0.0482,1,Малые города и районы со смешанной экономикой,0.375,True
805,Черниговский муниципальный район,Приморский край,4,Ресурсный Север и Дальний Восток,4,1.0,0.509,1,Малые города и районы со смешанной экономикой,1.0,False
806,Чугуевский муниципальный округ,Приморский край,0,Малые сельские МО,0,1.0,0.171,4,Ресурсный Север и Дальний Восток,0.9091,False
807,Шкотовский муниципальный район,Приморский край,1,Малые города и районы со смешанной экономикой,4,0.6818,0.0623,4,Ресурсный Север и Дальний Восток,0.6875,True
808,Яковлевский муниципальный район,Приморский край,0,Малые сельские МО,0,1.0,0.4009,1,Малые города и районы со смешанной экономикой,1.0,False
809,городской округ город Ставрополь,Ставропольский край,2,Индустриальные города и пригороды,2,1.0,0.392,3,Столичные агломерации,1.0,False
81,Чишминский муниципальный район,Республика Башкортостан,2,Индустриальные города и пригороды,2,1.0,0.6092,1,Малые города и районы со смешанной экономикой,1.0,False
810,городской округ Благодарненский,Ставропольский край,2,Индустриальные города и пригороды,2,1.0,0.0906,0,Малые сельские МО,1.0,False
811,городской округ Георгиевский,Ставропольский край,2,Индустриальные города и пригороды,2,1.0,0.5889,0,Малые сельские МО,1.0,False
812,городской округ город-курорт Ессентуки,Ставропольский край,2,Индустриальные города и пригороды,2,1.0,0.3257,3,Столичные агломерации,1.0,False
813,городской округ город-курорт Железноводск,Ставропольский край,2,Индустриальные города и пригороды,2,1.0,0.4079,3,Столичные агломерации,1.0,False
814,городской округ Изобильненский,Ставропольский край,2,Индустриальные города и пригороды,2,1.0,0.4242,1,Малые города и районы со смешанной экономикой,1.0,False
815,городской округ Ипатовский,Ставропольский край,2,Индустриальные города и пригороды,2,0.6364,0.0302,0,Малые сельские МО,0.4737,True
817,городской округ Кировский,Ставропольский край,2,Индустриальные города и пригороды,2,0.6364,0.103,1,Малые города и районы со смешанной экономикой,1.0,False
818,городской округ город Лермонтов,Ставропольский край,2,Индустриальные города и пригороды,2,1.0,0.5248,3,Столичные агломерации,1.0,False
819,городской округ Минераловодский,Ставропольский край,2,Индустриальные города и пригороды,2,1.0,0.2673,3,Столичные агломерации,1.0,False
82,Шаранский муниципальный район,Республика Башкортостан,1,Малые города и районы со смешанной экономикой,1,1.0,0.2984,0,Малые сельские МО,1.0,False
820,городской округ город Невинномысск,Ставропольский край,2,Индустриальные города и пригороды,2,1.0,0.6427,3,Столичные агломерации,1.0,False
821,городской округ Нефтекумский,Ставропольский край,1,Малые города и районы со смешанной экономикой,1,1.0,0.0196,2,Индустриальные города и пригороды,0.3333,True
822,городской округ Новоалександровский,Ставропольский край,2,Индустриальные города и пригороды,0,0.7273,0.0678,0,Малые сельские МО,0.8125,False
823,городской округ Петровский,Ставропольский край,2,Индустриальные города и пригороды,2,1.0,0.1812,0,Малые сельские МО,1.0,False
824,городской округ город-курорт Пятигорск,Ставропольский край,2,Индустриальные города и пригороды,2,1.0,0.5476,3,Столичные агломерации,1.0,False
825,городской округ Советский,Ставропольский край,2,Индустриальные города и пригороды,2,0.5909,0.056,0,Малые сельские МО,0.7778,False
826,Александровский муниципальный округ,Ставропольский край,0,Малые сельские МО,0,1.0,0.4902,1,Малые города и районы со смешанной экономикой,1.0,False
827,Андроповский муниципальный округ,Ставропольский край,0,Малые сельские МО,0,1.0,0.5287,1,Малые города и районы со смешанной экономикой,1.0,False
828,Апанасенковский муниципальный округ,Ставропольский край,0,Малые сельские МО,0,1.0,0.2029,1,Малые города и районы со смешанной экономикой,1.0,False
829,Арзгирский муниципальный округ,Ставропольский край,0,Малые сельские МО,0,1.0,0.547,1,Малые города и районы со смешанной экономикой,1.0,False
83,Янаульский муниципальный район,Республика Башкортостан,1,Малые города и районы со смешанной экономикой,1,1.0,0.1613,2,Индустриальные города и пригороды,1.0,False
830,Будённовский муниципальный округ,Ставропольский край,2,Индустриальные города и пригороды,2,1.0,0.6179,0,Малые сельские МО,1.0,False
831,Грачёвский муниципальный округ,Ставропольский край,0,Малые сельские МО,0,1.0,0.576,1,Малые города и районы со смешанной экономикой,1.0,False
832,Кочубеевский муниципальный округ,Ставропольский край,2,Индустриальные города и пригороды,2,1.0,0.0557,0,Малые сельские МО,0.9444,False
833,Красногвардейский муниципальный округ,Ставропольский край,0,Малые сельские МО,0,1.0,0.0262,1,Малые города и районы со смешанной экономикой,0.8333,False
834,Курский муниципальный округ,Ставропольский край,0,Малые сельские МО,0,1.0,0.3558,2,Индустриальные города и пригороды,1.0,False
835,Левокумский муниципальный округ,Ставропольский край,0,Малые сельские МО,0,1.0,0.493,1,Малые города и районы со смешанной экономикой,1.0,False
836,Новоселицкий муниципальный округ,Ставропольский край,0,Малые сельские МО,0,1.0,0.3096,1,Малые города и районы со смешанной экономикой,1.0,False
838,Степновский муниципальный округ,Ставропольский край,0,Малые сельские МО,0,1.0,0.5147,1,Малые города и районы со смешанной экономикой,1.0,False
839,Труновский муниципальный округ,Ставропольский край,0,Малые сельские МО,0,1.0,0.1198,1,Малые города и районы со смешанной экономикой,0.9412,False
840,Туркменский муниципальный округ,Ставропольский край,0,Малые сельские МО,0,1.0,0.487,1,Малые города и районы со смешанной экономикой,1.0,False
841,Шпаковский муниципальный округ,Ставропольский край,2,Индустриальные города и пригороды,2,1.0,0.3648,3,Столичные агломерации,1.0,False
842,городской округ город Хабаровск,Хабаровский край,3,Столичные агломерации,3,1.0,0.1965,2,Индустриальные города и пригороды,0.75,False
843,городской округ город Комсомольск-на-Амуре,Хабаровский край,2,Индустриальные города и пригороды,2,1.0,0.7956,3,Столичные агломерации,1.0,False
844,Амурский муниципальный район,Хабаровский край,1,Малые города и районы со смешанной экономикой,1,1.0,0.1155,2,Индустриальные города и пригороды,0.8235,False
846,Бикинский муниципальный район,Хабаровский край,4,Ресурсный Север и Дальний Восток,4,1.0,0.2614,1,Малые города и районы со смешанной экономикой,1.0,False
847,Ванинский муниципальный район,Хабаровский край,1,Малые города и районы со смешанной экономикой,1,1.0,0.0504,4,Ресурсный Север и Дальний Восток,0.6842,True
848,Верхнебуреинский муниципальный район,Хабаровский край,4,Ресурсный Север и Дальний Восток,4,1.0,0.3221,1,Малые города и районы со смешанной экономикой,0.8235,False
849,Вяземский муниципальный район,Хабаровский край,0,Малые сельские МО,0,1.0,0.0198,1,Малые города и районы со смешанной экономикой,0.3333,True
851,муниципальный район имени Лазо,Хабаровский край,0,Малые сельские МО,0,0.5455,0.0744,1,Малые города и районы со смешанной экономикой,0.9333,False
852,Нанайский муниципальный район,Хабаровский край,1,Малые города и районы со смешанной экономикой,1,0.5,0.1241,0,Малые сельские МО,1.0,False
853,Николаевский муниципальный район,Хабаровский край,4,Ресурсный Север и Дальний Восток,4,1.0,0.4052,1,Малые города и районы со смешанной экономикой,1.0,False
854,Охотский муниципальный район,Хабаровский край,4,Ресурсный Север и Дальний Восток,4,1.0,0.433,1,Малые города и районы со смешанной экономикой,1.0,False
855,муниципальный район имени Полины Осипенко,Хабаровский край,4,Ресурсный Север и Дальний Восток,4,1.0,0.6668,1,Малые города и районы со смешанной экономикой,1.0,False
856,Советско-Гаванский муниципальный район,Хабаровский край,4,Ресурсный Север и Дальний Восток,4,1.0,0.2997,1,Малые города и районы со смешанной экономикой,0.8125,False
857,Солнечный муниципальный район,Хабаровский край,1,Малые города и районы со смешанной экономикой,4,0.5455,0.1051,4,Ресурсный Север и Дальний Восток,0.8462,False
859,Ульчский муниципальный район,Хабаровский край,4,Ресурсный Север и Дальний Восток,4,1.0,0.1629,0,Малые сельские МО,1.0,False
860,Хабаровский муниципальный район,Хабаровский край,2,Индустриальные города и пригороды,2,1.0,0.1921,4,Ресурсный Север и Дальний Восток,1.0,False
870,Архаринский муниципальный округ,Амурская область,1,Малые города и районы со смешанной экономикой,4,0.5455,0.0737,0,Малые сельские МО,0.5625,True
871,Белогорский муниципальный округ,Амурская область,4,Ресурсный Север и Дальний Восток,4,1.0,0.584,0,Малые сельские МО,1.0,False
872,Благовещенский муниципальный округ,Амурская область,2,Индустриальные города и пригороды,2,1.0,0.5056,4,Ресурсный Север и Дальний Восток,1.0,False
873,Бурейский муниципальный округ,Амурская область,1,Малые города и районы со смешанной экономикой,1,1.0,0.0989,4,Ресурсный Север и Дальний Восток,1.0,False
874,Завитинский муниципальный округ,Амурская область,1,Малые города и районы со смешанной экономикой,1,1.0,0.2509,4,Ресурсный Север и Дальний Восток,1.0,False
875,Зейский муниципальный район,Амурская область,4,Ресурсный Север и Дальний Восток,4,1.0,0.3712,1,Малые города и районы со смешанной экономикой,0.8889,False
876,Ивановский муниципальный округ,Амурская область,4,Ресурсный Север и Дальний Восток,4,1.0,0.4162,0,Малые сельские МО,1.0,False
877,Константиновский муниципальный район,Амурская область,1,Малые города и районы со смешанной экономикой,1,0.7727,0.06,4,Ресурсный Север и Дальний Восток,0.75,False
878,Магдагачинский муниципальный район,Амурская область,4,Ресурсный Север и Дальний Восток,4,1.0,0.0939,1,Малые города и районы со смешанной экономикой,0.625,True
879,Мазановский муниципальный район,Амурская область,4,Ресурсный Север и Дальний Восток,4,1.0,0.2331,0,Малые сельские МО,1.0,False
880,Михайловский муниципальный район,Амурская область,4,Ресурсный Север и Дальний Восток,4,1.0,0.1228,0,Малые сельские МО,0.9333,False
881,Октябрьский муниципальный район,Амурская область,4,Ресурсный Север и Дальний Восток,4,1.0,0.1895,1,Малые города и районы со смешанной экономикой,1.0,False
882,Ромненский муниципальный округ,Амурская область,0,Малые сельские МО,4,0.5909,0.126,1,Малые города и районы со смешанной экономикой,1.0,False
883,Свободненский муниципальный район,Амурская область,2,Индустриальные города и пригороды,2,1.0,0.0186,1,Малые города и районы со смешанной экономикой,0.4706,True
884,Селемджинский муниципальный район,Амурская область,4,Ресурсный Север и Дальний Восток,4,1.0,0.3397,1,Малые города и районы со смешанной экономикой,0.8947,False
885,Серышевский муниципальный округ,Амурская область,1,Малые города и районы со смешанной экономикой,1,1.0,0.0722,0,Малые сельские МО,0.9412,False
886,Сковородинский муниципальный округ,Амурская область,4,Ресурсный Север и Дальний Восток,4,1.0,0.0947,1,Малые города и районы со смешанной экономикой,0.5333,True
888,Тындинский муниципальный округ,Амурская область,4,Ресурсный Север и Дальний Восток,4,1.0,0.3928,1,Малые города и районы со смешанной экономикой,0.9333,False
889,Шимановский муниципальный округ,Амурская область,4,Ресурсный Север и Дальний Восток,4,0.9091,0.107,1,Малые города и районы со смешанной экономикой,0.375,True
890,городской округ город Архангельск,Архангельская область,3,Столичные агломерации,3,0.5455,0.0611,2,Индустриальные города и пригороды,0.4375,True
891,городской округ город Коряжма,Архангельская область,1,Малые города и районы со смешанной экономикой,1,1.0,0.4269,0,Малые сельские МО,1.0,False
892,городской округ Котлас,Архангельская область,2,Индустриальные города и пригороды,2,1.0,0.1742,1,Малые города и районы со смешанной экономикой,0.9333,False
895,городской округ город Новодвинск,Архангельская область,1,Малые города и районы со смешанной экономикой,1,1.0,0.4472,0,Малые сельские МО,1.0,False
896,городской округ Северодвинск,Архангельская область,2,Индустриальные города и пригороды,2,1.0,0.18,1,Малые города и районы со смешанной экономикой,0.9474,False
897,Вельский муниципальный район,Архангельская область,2,Индустриальные города и пригороды,1,0.5909,0.0602,1,Малые города и районы со смешанной экономикой,0.7059,True
898,Верхнетоемский муниципальный округ,Архангельская область,1,Малые города и районы со смешанной экономикой,1,1.0,0.159,0,Малые сельские МО,0.875,False
899,муниципальный округ Вилегодский,Архангельская область,1,Малые города и районы со смешанной экономикой,1,1.0,0.279,0,Малые сельские МО,0.8889,False
9,Шовгеновский муниципальный район,Республика Адыгея,0,Малые сельские МО,0,1.0,0.4173,1,Малые города и районы со смешанной экономикой,1.0,False
900,Виноградовский муниципальный округ,Архангельская область,0,Малые сельские МО,0,1.0,0.4412,1,Малые города и районы со смешанной экономикой,1.0,False
901,муниципальный округ Каргопольский,Архангельская область,0,Малые сельские МО,0,1.0,0.2856,1,Малые города и районы со смешанной экономикой,1.0,False
902,Коношский муниципальный район,Архангельская область,1,Малые города и районы со смешанной экономикой,1,1.0,0.3104,0,Малые сельские МО,1.0,False
903,Котласский муниципальный округ,Архангельская область,1,Малые города и районы со смешанной экономикой,1,1.0,0.4043,0,Малые сельские МО,1.0,False
904,Красноборский муниципальный район,Архангельская область,0,Малые сельские МО,0,1.0,0.0821,1,Малые города и районы со смешанной экономикой,0.8,False
905,Ленский муниципальный район,Архангельская область,1,Малые города и районы со смешанной экономикой,1,1.0,0.2528,0,Малые сельские МО,1.0,False
907,Мезенский муниципальный округ,Архангельская область,1,Малые города и районы со смешанной экономикой,1,0.8182,0.0809,0,Малые сельские МО,0.9167,False
908,Няндомский муниципальный округ,Архангельская область,1,Малые города и районы со смешанной экономикой,1,1.0,0.2442,2,Индустриальные города и пригороды,1.0,False
909,Онежский муниципальный район,Архангельская область,1,Малые города и районы со смешанной экономикой,1,1.0,0.5734,2,Индустриальные города и пригороды,1.0,False
911,Плесецкий муниципальный округ,Архангельская область,1,Малые города и районы со смешанной экономикой,1,1.0,0.2742,2,Индустриальные города и пригороды,1.0,False
912,Приморский муниципальный район,Архангельская область,2,Индустриальные города и пригороды,2,1.0,0.3072,1,Малые города и районы со смешанной экономикой,1.0,False
913,Устьянский муниципальный округ,Архангельская область,1,Малые города и районы со смешанной экономикой,1,1.0,0.1982,2,Индустриальные города и пригороды,1.0,False
914,Холмогорский муниципальный округ,Архангельская область,1,Малые города и районы со смешанной экономикой,1,1.0,0.2872,0,Малые сельские МО,0.875,False
915,Шенкурский муниципальный округ,Архангельская область,1,Малые города и районы со смешанной экономикой,1,1.0,0.0996,0,Малые сельские МО,0.5714,True
916,городской округ город Нарьян-Мар,Ненецкий автономный округ,4,Ресурсный Север и Дальний Восток,4,1.0,0.3306,1,Малые города и районы со смешанной экономикой,0.8235,False
917,муниципальный район Заполярный район,Ненецкий автономный округ,4,Ресурсный Север и Дальний Восток,4,1.0,0.4262,1,Малые города и районы со смешанной экономикой,0.8462,False
918,городской округ город Астрахань,Астраханская область,2,Индустриальные города и пригороды,2,1.0,0.6099,3,Столичные агломерации,1.0,False
920,Ахтубинский муниципальный район,Астраханская область,0,Малые сельские МО,0,1.0,0.1014,1,Малые города и районы со смешанной экономикой,1.0,False
922,Енотаевский муниципальный район,Астраханская область,1,Малые города и районы со смешанной экономикой,1,0.7273,0.0717,0,Малые сельские МО,0.7333,True
923,Икрянинский муниципальный район,Астраханская область,0,Малые сельские МО,0,1.0,0.5124,1,Малые города и районы со смешанной экономикой,1.0,False
924,Камызякский муниципальный район,Астраханская область,0,Малые сельские МО,0,1.0,0.6262,1,Малые города и районы со смешанной экономикой,1.0,False
925,Красноярский муниципальный район,Астраханская область,1,Малые города и районы со смешанной экономикой,1,1.0,0.2557,0,Малые сельские МО,1.0,False
926,Лиманский муниципальный район,Астраханская область,0,Малые сельские МО,0,1.0,0.4486,1,Малые города и районы со смешанной экономикой,1.0,False
927,Наримановский муниципальный район,Астраханская область,2,Индустриальные города и пригороды,2,1.0,0.7368,3,Столичные агломерации,1.0,False
928,Приволжский муниципальный район,Астраханская область,2,Индустриальные города и пригороды,2,1.0,0.3249,0,Малые сельские МО,1.0,False
929,Харабалинский муниципальный район,Астраханская область,0,Малые сельские МО,0,1.0,0.3083,1,Малые города и районы со смешанной экономикой,1.0,False
930,Черноярский муниципальный район,Астраханская область,1,Малые города и районы со смешанной экономикой,0,0.5,0.1091,0,Малые сельские МО,1.0,False
986,городской округ город Владимир,Владимирская область,2,Индустриальные города и пригороды,2,1.0,0.3265,3,Столичные агломерации,1.0,False
987,городской округ город Гусь-Хрустальный,Владимирская область,2,Индустриальные города и пригороды,2,1.0,0.5075,1,Малые города и районы со смешанной экономикой,1.0,False
988,городской округ город Ковров,Владимирская область,2,Индустриальные города и пригороды,2,1.0,0.4791,3,Столичные агломерации,1.0,False
989,городской округ округ Муром,Владимирская область,2,Индустриальные города и пригороды,2,1.0,0.6214,3,Столичные агломерации,1.0,False
991,Александровский муниципальный район,Владимирская область,2,Индустриальные города и пригороды,2,1.0,0.8232,3,Столичные агломерации,1.0,False
992,Вязниковский муниципальный район,Владимирская область,2,Индустриальные города и пригороды,2,1.0,0.4892,1,Малые города и районы со смешанной экономикой,1.0,False
993,Гороховецкий муниципальный район,Владимирская область,1,Малые города и районы со смешанной экономикой,1,1.0,0.3827,0,Малые сельские МО,1.0,False
994,Гусь-Хрустальный муниципальный район,Владимирская область,1,Малые города и районы со смешанной экономикой,1,1.0,0.3776,2,Индустриальные города и пригороды,1.0,False
995,Камешковский муниципальный район,Владимирская область,1,Малые города и районы со смешанной экономикой,1,1.0,0.4315,0,Малые сельские МО,1.0,False
996,Киржачский муниципальный район,Владимирская область,2,Индустриальные города и пригороды,2,1.0,0.6467,1,Малые города и районы со смешанной экономикой,1.0,False
998,Кольчугинский муниципальный район,Владимирская область,2,Индустриальные города и пригороды,2,1.0,0.5188,1,Малые города и районы со смешанной экономикой,1.0,False
999,Меленковский муниципальный район,Владимирская область,1,Малые города и районы со смешанной экономикой,1,1.0,0.488,0,Малые сельские МО,1.0,False
