territory_id,МО,регион,тип,название_типа,модальный_тип,доля_месяцев_в_типе,запас,второй_тип,название_второго_типа,уверенность_подвыборки,пограничное
1,городской округ город Майкоп,Республика Адыгея,1,Индустриальные и средние города,1,1.0,0.1141,2,Столичные агломерации,0.9375,False
10,городской округ город Горно-Алтайск,Республика Алтай,1,Индустриальные и средние города,1,1.0,0.239,2,Столичные агломерации,1.0,False
1001,Петушинский муниципальный район,Владимирская область,1,Индустриальные и средние города,1,1.0,0.4211,2,Столичные агломерации,1.0,False
1002,Селивановский муниципальный район,Владимирская область,0,Малые сельские МО,0,1.0,0.4513,1,Индустриальные и средние города,1.0,False
1003,Собинский муниципальный район,Владимирская область,1,Индустриальные и средние города,1,1.0,0.3581,0,Малые сельские МО,1.0,False
1004,Судогодский муниципальный район,Владимирская область,0,Малые сельские МО,0,1.0,0.1465,1,Индустриальные и средние города,1.0,False
1005,Суздальский муниципальный район,Владимирская область,1,Индустриальные и средние города,1,1.0,0.4316,2,Столичные агломерации,1.0,False
1006,Юрьев-Польский муниципальный район,Владимирская область,1,Индустриальные и средние города,1,1.0,0.1898,0,Малые сельские МО,1.0,False
1007,городской округ город-герой Волгоград,Волгоградская область,2,Столичные агломерации,2,1.0,0.3235,1,Индустриальные и средние города,1.0,False
1008,городской округ город Волжский,Волгоградская область,1,Индустриальные и средние города,1,1.0,0.1856,2,Столичные агломерации,1.0,False
1009,городской округ город Камышин,Волгоградская область,1,Индустриальные и средние города,1,1.0,0.6338,2,Столичные агломерации,1.0,False
1010,городской округ город Михайловка,Волгоградская область,1,Индустриальные и средние города,1,1.0,0.5212,0,Малые сельские МО,1.0,False
1011,городской округ город Урюпинск,Волгоградская область,1,Индустриальные и средние города,1,1.0,0.1715,0,Малые сельские МО,1.0,False
1012,городской округ город Фролово,Волгоградская область,1,Индустриальные и средние города,1,1.0,0.0279,0,Малые сельские МО,0.6316,True
1013,Алексеевский муниципальный район,Волгоградская область,0,Малые сельские МО,0,1.0,0.5804,1,Индустриальные и средние города,1.0,False
1014,Быковский муниципальный район,Волгоградская область,0,Малые сельские МО,0,1.0,0.7621,1,Индустриальные и средние города,1.0,False
1015,Городищенский муниципальный район,Волгоградская область,1,Индустриальные и средние города,1,1.0,0.3754,0,Малые сельские МО,1.0,False
1016,Даниловский муниципальный район,Волгоградская область,0,Малые сельские МО,0,1.0,0.6485,1,Индустриальные и средние города,1.0,False
1017,Дубовский муниципальный район,Волгоградская область,0,Малые сельские МО,0,1.0,0.2177,1,Индустриальные и средние города,1.0,False
1018,Еланский муниципальный район,Волгоградская область,0,Малые сельские МО,0,1.0,0.2423,1,Индустриальные и средние города,1.0,False
1019,Жирновский муниципальный район,Волгоградская область,0,Малые сельские МО,0,1.0,0.1597,1,Индустриальные и средние города,0.9412,False
1020,Иловлинский муниципальный район,Волгоградская область,0,Малые сельские МО,1,0.7273,0.1015,1,Индустриальные и средние города,0.9474,False
1021,Калачевский муниципальный район,Волгоградская область,1,Индустриальные и средние города,1,1.0,0.215,0,Малые сельские МО,1.0,False
1023,Киквидзенский муниципальный район,Волгоградская область,0,Малые сельские МО,0,1.0,0.5917,1,Индустриальные и средние города,1.0,False
1024,Клетский муниципальный район,Волгоградская область,0,Малые сельские МО,0,1.0,0.4706,1,Индустриальные и средние города,1.0,False
1025,Котельниковский муниципальный район,Волгоградская область,1,Индустриальные и средние города,1,1.0,0.2816,0,Малые сельские МО,1.0,False
1026,Котовский муниципальный район,Волгоградская область,0,Малые сельские МО,0,1.0,0.2946,1,Индустриальные и средние города,1.0,False
1027,Кумылженский муниципальный район,Волгоградская область,0,Малые сельские МО,0,1.0,0.6212,1,Индустриальные и средние города,1.0,False
1028,Ленинский муниципальный район,Волгоградская область,0,Малые сельские МО,0,1.0,0.7551,1,Индустриальные и средние города,1.0,False
1029,Нехаевский муниципальный район,Волгоградская область,0,Малые сельские МО,0,1.0,0.6245,1,Индустриальные и средние города,1.0,False
1030,Николаевский муниципальный район,Волгоградская область,0,Малые сельские МО,0,1.0,0.4575,1,Индустриальные и средние города,1.0,False
1031,Новоаннинский муниципальный район,Волгоградская область,0,Малые сельские МО,0,1.0,0.2941,1,Индустриальные и средние города,1.0,False
1032,Новониколаевский муниципальный район,Волгоградская область,0,Малые сельские МО,0,1.0,0.6697,1,Индустриальные и средние города,1.0,False
1033,Октябрьский муниципальный район,Волгоградская область,0,Малые сельские МО,0,1.0,0.6909,1,Индустриальные и средние города,1.0,False
1034,Ольховский муниципальный район,Волгоградская область,0,Малые сельские МО,0,1.0,0.5097,1,Индустриальные и средние города,1.0,False
1035,Палласовский муниципальный район,Волгоградская область,0,Малые сельские МО,0,1.0,0.6783,1,Индустриальные и средние города,1.0,False
1036,Руднянский муниципальный район,Волгоградская область,0,Малые сельские МО,0,1.0,0.3784,1,Индустриальные и средние города,1.0,False
1037,Светлоярский муниципальный район,Волгоградская область,1,Индустриальные и средние города,0,0.8636,0.0796,0,Малые сельские МО,0.8,False
1038,Серафимовичский муниципальный район,Волгоградская область,0,Малые сельские МО,0,1.0,0.6862,1,Индустриальные и средние города,1.0,False
1039,Среднеахтубинский муниципальный район,Волгоградская область,1,Индустриальные и средние города,1,1.0,0.6121,2,Столичные агломерации,1.0,False
1040,Старополтавский муниципальный район,Волгоградская область,0,Малые сельские МО,0,1.0,0.6172,1,Индустриальные и средние города,1.0,False
1041,Суровикинский муниципальный район,Волгоградская область,0,Малые сельские МО,0,1.0,0.3361,1,Индустриальные и средние города,1.0,False
1044,Чернышковский муниципальный район,Волгоградская область,0,Малые сельские МО,0,1.0,0.5314,1,Индустриальные и средние города,1.0,False
1047,Бабаевский муниципальный округ,Вологодская область,1,Индустриальные и средние города,1,1.0,0.0821,0,Малые сельские МО,1.0,False
1048,Бабушкинский муниципальный округ,Вологодская область,0,Малые сельские МО,0,1.0,0.5547,1,Индустриальные и средние города,1.0,False
1049,Белозерский муниципальный округ,Вологодская область,1,Индустриальные и средние города,1,1.0,0.2326,0,Малые сельские МО,1.0,False
1051,Великоустюгский муниципальный округ,Вологодская область,1,Индустриальные и средние города,1,1.0,0.4673,0,Малые сельские МО,1.0,False
1052,Верховажский муниципальный округ,Вологодская область,0,Малые сельские МО,0,1.0,0.6113,1,Индустриальные и средние города,1.0,False
1053,Вожегодский муниципальный округ,Вологодская область,0,Малые сельские МО,0,1.0,0.3648,1,Индустриальные и средние города,1.0,False
1054,Вологодский муниципальный округ,Вологодская область,1,Индустриальные и средние города,1,1.0,0.3363,0,Малые сельские МО,1.0,False
1055,Вытегорский муниципальный район,Вологодская область,1,Индустриальные и средние города,1,1.0,0.09,0,Малые сельские МО,1.0,False
1056,Грязовецкий муниципальный округ,Вологодская область,1,Индустриальные и средние города,1,1.0,0.1183,0,Малые сельские МО,1.0,False
1057,Кадуйский муниципальный округ,Вологодская область,0,Малые сельские МО,1,0.8182,0.1052,1,Индустриальные и средние города,0.8824,False
1058,Кирилловский муниципальный район,Вологодская область,0,Малые сельские МО,0,1.0,0.3751,1,Индустриальные и средние города,1.0,False
1059,Кичменгско-Городецкий муниципальный округ,Вологодская область,0,Малые сельские МО,0,1.0,0.4063,1,Индустриальные и средние города,1.0,False
1060,Междуреченский муниципальный округ,Вологодская область,0,Малые сельские МО,0,1.0,0.4395,1,Индустриальные и средние города,1.0,False
1061,Никольский муниципальный район,Вологодская область,0,Малые сельские МО,0,1.0,0.5111,1,Индустриальные и средние города,1.0,False
1062,Нюксенский муниципальный округ,Вологодская область,1,Индустриальные и средние города,1,1.0,0.056,0,Малые сельские МО,0.75,False
1063,Сокольский муниципальный округ,Вологодская область,1,Индустриальные и средние города,1,1.0,0.4845,0,Малые сельские МО,1.0,False
1064,Сямженский муниципальный округ,Вологодская область,0,Малые сельские МО,0,1.0,0.5141,1,Индустриальные и средние города,1.0,False
1065,Тарногский муниципальный округ,Вологодская область,0,Малые сельские МО,0,1.0,0.6409,1,Индустриальные и средние города,1.0,False
1066,Тотемский муниципальный округ,Вологодская область,1,Индустриальные и средние города,1,1.0,0.1398,0,Малые сельские МО,1.0,False
1067,Усть-Кубинский муниципальный округ,Вологодская область,0,Малые сельские МО,0,1.0,0.6285,1,Индустриальные и средние города,1.0,False
1068,Устюженский муниципальный округ,Вологодская область,0,Малые сельские МО,0,1.0,0.3371,1,Индустриальные и средние города,1.0,False
1069,Харовский муниципальный округ,Вологодская область,0,Малые сельские МО,0,1.0,0.4497,1,Индустриальные и средние города,1.0,False
1070,Чагодощенский муниципальный округ,Вологодская область,1,Индустриальные и средние города,1,1.0,0.2579,0,Малые сельские МО,1.0,False
1071,Череповецкий муниципальный район,Вологодская область,1,Индустриальные и средние города,1,1.0,0.5465,2,Столичные агломерации,1.0,False
1072,Шекснинский муниципальный район,Вологодская область,1,Индустриальные и средние города,1,1.0,0.4274,0,Малые сельские МО,1.0,False
11,Кош-Агачский муниципальный район,Республика Алтай,0,Малые сельские МО,0,1.0,0.0407,1,Индустриальные и средние города,0.5,True
1107,городской округ Иваново,Ивановская область,2,Столичные агломерации,2,1.0,0.0628,1,Индустриальные и средние города,0.7333,True
1108,городской округ Вичуга,Ивановская область,0,Малые сельские МО,0,1.0,0.4726,1,Индустриальные и средние города,1.0,False
1109,городской округ Кинешма,Ивановская область,1,Индустриальные и средние города,1,1.0,0.4929,0,Малые сельские МО,1.0,False
1110,городской округ Кохма,Ивановская область,1,Индустриальные и средние города,1,1.0,0.549,0,Малые сельские МО,1.0,False
1111,городской округ Тейково,Ивановская область,1,Индустриальные и средние города,1,1.0,0.2696,0,Малые сельские МО,1.0,False
1112,городской округ Шуя,Ивановская область,1,Индустриальные и средние города,1,1.0,0.5684,0,Малые сельские МО,1.0,False
1113,Вичугский муниципальный район,Ивановская область,0,Малые сельские МО,0,1.0,0.4291,1,Индустриальные и средние города,1.0,False
1115,Гаврилово-Посадский муниципальный район,Ивановская область,0,Малые сельские МО,0,1.0,0.5618,1,Индустриальные и средние города,1.0,False
1116,Заволжский муниципальный район,Ивановская область,0,Малые сельские МО,0,1.0,0.3492,1,Индустриальные и средние города,1.0,False
1117,Ивановский муниципальный район,Ивановская область,1,Индустриальные и средние города,1,1.0,0.5304,2,Столичные агломерации,1.0,False
1118,Ильинский муниципальный район,Ивановская область,0,Малые сельские МО,0,1.0,0.5899,1,Индустриальные и средние города,1.0,False
1119,Кинешемский муниципальный район,Ивановская область,1,Индустриальные и средние города,1,1.0,0.0499,0,Малые сельские МО,0.5625,True
1120,Комсомольский муниципальный район,Ивановская область,0,Малые сельские МО,0,1.0,0.3358,1,Индустриальные и средние города,1.0,False
1121,Лежневский муниципальный район,Ивановская область,0,Малые сельские МО,0,1.0,0.3552,1,Индустриальные и средние города,1.0,False
1122,Лухский муниципальный район,Ивановская область,0,Малые сельские МО,0,1.0,0.4986,1,Индустриальные и средние города,1.0,False
1123,Палехский муниципальный район,Ивановская область,0,Малые сельские МО,0,1.0,0.4607,1,Индустриальные и средние города,1.0,False
1124,Пестяковский муниципальный район,Ивановская область,0,Малые сельские МО,0,1.0,0.5309,3,Ресурсный Север и Дальний Восток,1.0,False
1125,Приволжский муниципальный район,Ивановская область,0,Малые сельские МО,0,1.0,0.4832,1,Индустриальные и средние города,1.0,False
1126,Пучежский муниципальный район,Ивановская область,0,Малые сельские МО,0,1.0,0.6209,1,Индустриальные и средние города,1.0,False
1127,Родниковский муниципальный район,Ивановская область,1,Индустриальные и средние города,0,0.5,0.0317,0,Малые сельские МО,0.6111,True
1128,Савинский муниципальный район,Ивановская область,0,Малые сельские МО,0,1.0,0.4483,1,Индустриальные и средние города,1.0,False
1129,Тейковский муниципальный район,Ивановская область,0,Малые сельские МО,0,1.0,0.4371,1,Индустриальные и средние города,1.0,False
1130,Фурмановский муниципальный район,Ивановская область,1,Индустриальные и средние города,1,1.0,0.1742,0,Малые сельские МО,1.0,False
1131,Шуйский муниципальный район,Ивановская область,1,Индустриальные и средние города,1,1.0,0.2597,0,Малые сельские МО,1.0,False
1132,Южский муниципальный район,Ивановская область,0,Малые сельские МО,0,1.0,0.6052,1,Индустриальные и средние города,1.0,False
1133,Юрьевецкий муниципальный район,Ивановская область,0,Малые сельские МО,0,1.0,0.5228,1,Индустриальные и средние города,1.0,False
1134,городской округ город Иркутск,Иркутская область,2,Столичные агломерации,2,1.0,0.4803,1,Индустриальные и средние города,1.0,False
1135,городской округ Ангарский,Иркутская область,1,Индустриальные и средние города,1,1.0,0.0263,2,Столичные агломерации,0.4667,True
1136,городской округ город Братск,Иркутская область,1,Индустриальные и средние города,1,1.0,0.3215,2,Столичные агломерации,1.0,False
1137,городской округ Зима,Иркутская область,1,Индустриальные и средние города,1,1.0,0.2601,0,Малые сельские МО,1.0,False
1138,городской округ город Саянск,Иркутская область,1,Индустриальные и средние города,1,1.0,0.6665,0,Малые сельские МО,1.0,False
1139,городской округ город Тулун,Иркутская область,1,Индустриальные и средние города,1,1.0,0.1422,0,Малые сельские МО,1.0,False
1140,городской округ город Усолье-Сибирское,Иркутская область,1,Индустриальные и средние города,1,1.0,0.5802,2,Столичные агломерации,1.0,False
1141,городской округ город Усть-Илимск,Иркутская область,1,Индустриальные и средние города,1,1.0,0.5146,2,Столичные агломерации,1.0,False
1142,городской округ город Черемхово,Иркутская область,1,Индустриальные и средние города,1,1.0,0.1795,0,Малые сельские МО,0.8667,False
1143,городской округ город Свирск,Иркутская область,1,Индустриальные и средние города,1,1.0,0.1661,0,Малые сельские МО,1.0,False
1144,Балаганский муниципальный район,Иркутская область,0,Малые сельские МО,0,1.0,0.5206,1,Индустриальные и средние города,1.0,False
1146,Братский муниципальный район,Иркутская область,1,Индустриальные и средние города,1,1.0,0.121,0,Малые сельские МО,1.0,False
1147,Жигаловский муниципальный район,Иркутская область,1,Индустриальные и средние города,1,1.0,0.3284,2,Столичные агломерации,1.0,False
1148,Заларинский муниципальный район,Иркутская область,0,Малые сельские МО,0,1.0,0.3571,1,Индустриальные и средние города,1.0,False
1149,Зиминский муниципальный район,Иркутская область,0,Малые сельские МО,0,1.0,0.2365,1,Индустриальные и средние города,0.9412,False
1150,Иркутский муниципальный район,Иркутская область,1,Индустриальные и средние города,1,1.0,0.1775,2,Столичные агломерации,0.9333,False
1151,Казачинско-Ленский муниципальный район,Иркутская область,1,Индустриальные и средние города,1,1.0,0.0948,3,Ресурсный Север и Дальний Восток,1.0,False
1152,Катангский муниципальный район,Иркутская область,3,Ресурсный Север и Дальний Восток,3,1.0,0.4931,1,Индустриальные и средние города,1.0,False
1153,Качугский муниципальный район,Иркутская область,0,Малые сельские МО,0,1.0,0.1606,1,Индустриальные и средние города,0.8125,False
1154,Киренский муниципальный район,Иркутская область,3,Ресурсный Север и Дальний Восток,3,1.0,0.119,1,Индустриальные и средние города,0.8667,False
1155,Куйтунский муниципальный район,Иркутская область,0,Малые сельские МО,0,1.0,0.2555,3,Ресурсный Север и Дальний Восток,0.75,False
1157,Нижнеилимский муниципальный район,Иркутская область,1,Индустриальные и средние города,1,1.0,0.5721,0,Малые сельские МО,1.0,False
1158,Нижнеудинский муниципальный район,Иркутская область,1,Индустриальные и средние города,1,1.0,0.3059,0,Малые сельские МО,1.0,False
1159,Ольхонский муниципальный район,Иркутская область,0,Малые сельские МО,0,1.0,0.3027,1,Индустриальные и средние города,1.0,False
1160,Слюдянский муниципальный район,Иркутская область,1,Индустриальные и средние города,1,1.0,0.3597,0,Малые сельские МО,1.0,False
1161,Тайшетский муниципальный район,Иркутская область,1,Индустриальные и средние города,1,1.0,0.4978,0,Малые сельские МО,1.0,False
1163,Усольский муниципальный район,Иркутская область,1,Индустриальные и средние города,1,1.0,0.2618,3,Ресурсный Север и Дальний Восток,1.0,False
1164,Усть-Илимский муниципальный район,Иркутская область,1,Индустриальные и средние города,1,1.0,0.0512,3,Ресурсный Север и Дальний Восток,0.9412,False
1165,Усть-Кутский муниципальный район,Иркутская область,1,Индустриальные и средние города,1,1.0,0.2254,3,Ресурсный Север и Дальний Восток,1.0,False
1166,Усть-Удинский муниципальный район,Иркутская область,0,Малые сельские МО,0,1.0,0.4705,1,Индустриальные и средние города,1.0,False
1167,Черемховский муниципальный район,Иркутская область,0,Малые сельские МО,0,1.0,0.2764,1,Индустриальные и средние города,0.625,True
1168,Чунский муниципальный район,Иркутская область,0,Малые сельские МО,0,1.0,0.0415,1,Индустриальные и средние города,0.5,True
1169,Шелеховский муниципальный район,Иркутская область,1,Индустриальные и средние города,1,1.0,0.3729,2,Столичные агломерации,1.0,False
1170,Аларский муниципальный район,Иркутская область,0,Малые сельские МО,0,1.0,0.3209,3,Ресурсный Север и Дальний Восток,0.8571,False
1171,Баяндаевский муниципальный район,Иркутская область,0,Малые сельские МО,0,1.0,0.2746,1,Индустриальные и средние города,1.0,False
1172,Боханский муниципальный район,Иркутская область,0,Малые сельские МО,0,1.0,0.1961,3,Ресурсный Север и Дальний Восток,0.5625,True
1173,Нукутский муниципальный район,Иркутская область,0,Малые сельские МО,0,1.0,0.4876,3,Ресурсный Север и Дальний Восток,1.0,False
1174,Осинский муниципальный район,Иркутская область,0,Малые сельские МО,0,1.0,0.2988,1,Индустриальные и средние города,0.875,False
1175,Эхирит-Булагатский муниципальный район,Иркутская область,0,Малые сельские МО,0,1.0,0.2945,1,Индустриальные и средние города,1.0,False
1176,городской округ город Калининград,Калининградская область,2,Столичные агломерации,2,1.0,0.2811,1,Индустриальные и средние города,1.0,False
1178,городской округ Мамоновский,Калининградская область,0,Малые сельские МО,0,1.0,0.3149,1,Индустриальные и средние города,1.0,False
1179,городской округ Пионерский,Калининградская область,1,Индустриальные и средние города,1,1.0,0.0617,3,Ресурсный Север и Дальний Восток,0.7,True
1180,городской округ Светловский,Калининградская область,1,Индустриальные и средние города,1,1.0,0.1826,0,Малые сельские МО,1.0,False
1181,городской округ Советский,Калининградская область,1,Индустриальные и средние города,1,1.0,0.5076,0,Малые сельские МО,1.0,False
1184,городской округ Балтийский,Калининградская область,1,Индустриальные и средние города,1,1.0,0.1329,0,Малые сельские МО,0.8,False
1185,муниципальный округ Гвардейский,Калининградская область,0,Малые сельские МО,0,1.0,0.1776,1,Индустриальные и средние города,1.0,False
1186,муниципальный округ Гурьевский,Калининградская область,1,Индустриальные и средние города,1,1.0,0.1412,2,Столичные агломерации,0.875,False
1187,городской округ Гусевский,Калининградская область,1,Индустриальные и средние города,1,1.0,0.145,0,Малые сельские МО,1.0,False
1188,муниципальный округ Зеленоградский,Калининградская область,1,Индустриальные и средние города,1,1.0,0.501,2,Столичные агломерации,1.0,False
1189,муниципальный округ Краснознаменский,Калининградская область,0,Малые сельские МО,0,1.0,0.3061,1,Индустриальные и средние города,1.0,False
1190,городской округ Светлогорский,Калининградская область,1,Индустриальные и средние города,1,1.0,0.2761,2,Столичные агломерации,1.0,False
1191,муниципальный округ Неманский,Калининградская область,1,Индустриальные и средние города,1,0.7727,0.0276,0,Малые сельские МО,0.6471,True
1192,муниципальный округ Нестеровский,Калининградская область,0,Малые сельские МО,0,1.0,0.2179,1,Индустриальные и средние города,0.7143,True
1193,муниципальный округ Озерский,Калининградская область,0,Малые сельские МО,0,1.0,0.0956,1,Индустриальные и средние города,1.0,False
1194,муниципальный округ Полесский,Калининградская область,0,Малые сельские МО,0,1.0,0.3601,1,Индустриальные и средние города,1.0,False
1195,муниципальный округ Правдинский,Калининградская область,0,Малые сельские МО,0,1.0,0.3409,1,Индустриальные и средние города,1.0,False
1196,муниципальный округ Славский,Калининградская область,0,Малые сельские МО,0,1.0,0.3566,1,Индустриальные и средние города,1.0,False
1197,муниципальный округ Черняховский,Калининградская область,1,Индустриальные и средние города,1,1.0,0.4879,0,Малые сельские МО,1.0,False
1198,городской округ город Калуга,Калужская область,2,Столичные агломерации,2,1.0,0.1478,1,Индустриальные и средние города,0.8667,False
12,Майминский муниципальный район,Республика Алтай,1,Индустриальные и средние города,1,1.0,0.2174,2,Столичные агломерации,1.0,False
1200,Бабынинский муниципальный район,Калужская область,0,Малые сельские МО,0,0.7727,0.0269,1,Индустриальные и средние города,0.7647,False
1201,Барятинский муниципальный район,Калужская область,0,Малые сельские МО,0,1.0,0.5928,1,Индустриальные и средние города,1.0,False
1203,Дзержинский муниципальный район,Калужская область,1,Индустриальные и средние города,1,1.0,0.1779,0,Малые сельские МО,1.0,False
1204,Думиничский муниципальный район,Калужская область,0,Малые сельские МО,0,1.0,0.7114,1,Индустриальные и средние города,1.0,False
1205,Жиздринский муниципальный район,Калужская область,0,Малые сельские МО,0,1.0,0.5439,1,Индустриальные и средние города,1.0,False
1206,Жуковский муниципальный район,Калужская область,1,Индустриальные и средние города,1,1.0,0.1247,2,Столичные агломерации,1.0,False
1207,Кировский муниципальный район,Калужская область,1,Индустриальные и средние города,1,1.0,0.5781,0,Малые сельские МО,1.0,False
1208,Износковский муниципальный район,Калужская область,0,Малые сельские МО,0,1.0,0.6288,1,Индустриальные и средние города,1.0,False
1209,Козельский муниципальный район,Калужская область,1,Индустриальные и средние города,1,1.0,0.1492,0,Малые сельские МО,0.875,False
1210,Куйбышевский муниципальный район,Калужская область,0,Малые сельские МО,0,1.0,0.5174,1,Индустриальные и средние города,1.0,False
1211,Людиновский муниципальный район,Калужская область,1,Индустриальные и средние города,1,1.0,0.5069,0,Малые сельские МО,1.0,False
1212,Малоярославецкий муниципальный район,Калужская область,1,Индустриальные и средние города,1,1.0,0.4222,2,Столичные агломерации,1.0,False
1213,Медынский муниципальный район,Калужская область,0,Малые сельские МО,0,1.0,0.0631,1,Индустриальные и средние города,0.9412,False
1214,Мещовский муниципальный район,Калужская область,0,Малые сельские МО,0,1.0,0.6949,1,Индустриальные и средние города,1.0,False
1215,Мосальский муниципальный район,Калужская область,0,Малые сельские МО,0,1.0,0.5118,1,Индустриальные и средние города,1.0,False
1217,Спас-Деменский муниципальный район,Калужская область,0,Малые сельские МО,0,1.0,0.5176,1,Индустриальные и средние города,1.0,False
1218,Сухиничский муниципальный район,Калужская область,0,Малые сельские МО,0,1.0,0.2826,1,Индустриальные и средние города,1.0,False
1219,Тарусский муниципальный район,Калужская область,0,Малые сельские МО,0,1.0,0.2306,1,Индустриальные и средние города,1.0,False
1220,Ульяновский муниципальный район,Калужская область,0,Малые сельские МО,0,1.0,0.4159,1,Индустриальные и средние города,1.0,False
1221,Ферзиковский муниципальный район,Калужская область,1,Индустриальные и средние города,1,1.0,0.2238,0,Малые сельские МО,1.0,False
1222,Хвастовичский муниципальный район,Калужская область,0,Малые сельские МО,0,1.0,0.5714,1,Индустриальные и средние города,1.0,False
1223,Юхновский муниципальный район,Калужская область,0,Малые сельские МО,0,1.0,0.5966,1,Индустриальные и средние города,1.0,False
1224,городской округ Кемеровский,Кемеровская область,2,Столичные агломерации,2,1.0,0.3924,1,Индустриальные и средние города,1.0,False
1225,городской округ Анжеро-Судженский,Кемеровская область,1,Индустриальные и средние города,1,1.0,0.7248,0,Малые сельские МО,1.0,False
1226,городской округ Беловский,Кемеровская область,1,Индустриальные и средние города,1,1.0,0.4882,2,Столичные агломерации,1.0,False
1227,городской округ Березовский,Кемеровская область,1,Индустриальные и средние города,1,1.0,0.3449,0,Малые сельские МО,1.0,False
1228,городской округ Калтанский,Кемеровская область,1,Индустриальные и средние города,1,1.0,0.3269,0,Малые сельские МО,1.0,False
1229,городской округ Киселевский,Кемеровская область,1,Индустриальные и средние города,1,1.0,0.3342,2,Столичные агломерации,1.0,False
1230,городской округ Ленинск-Кузнецкий,Кемеровская область,1,Индустриальные и средние города,1,1.0,0.6987,2,Столичные агломерации,1.0,False
1231,городской округ Междуреченский,Кемеровская область,1,Индустриальные и средние города,1,1.0,0.2528,2,Столичные агломерации,1.0,False
1232,городской округ Мысковский,Кемеровская область,1,Индустриальные и средние города,1,1.0,0.5701,2,Столичные агломерации,1.0,False
1233,городской округ Новокузнецкий,Кемеровская область,2,Столичные агломерации,2,1.0,0.1006,1,Индустриальные и средние города,1.0,False
1234,городской округ Осинниковский,Кемеровская область,1,Индустриальные и средние города,1,1.0,0.7753,2,Столичные агломерации,1.0,False
1235,городской округ Полысаевский,Кемеровская область,1,Индустриальные и средние города,1,1.0,0.1581,0,Малые сельские МО,1.0,False
1236,городской округ Прокопьевский,Кемеровская область,1,Индустриальные и средние города,1,1.0,0.6545,2,Столичные агломерации,1.0,False
1237,городской округ Тайгинский,Кемеровская область,1,Индустриальные и средние города,1,1.0,0.3178,0,Малые сельские МО,1.0,False
1238,городской округ Юргинский,Кемеровская область,1,Индустриальные и средние города,1,1.0,0.4268,2,Столичные агломерации,1.0,False
1240,Беловский муниципальный округ,Кемеровская область,1,Индустриальные и средние города,1,1.0,0.1817,0,Малые сельские МО,1.0,False
1241,Гурьевский муниципальный округ,Кемеровская область,1,Индустриальные и средние города,1,1.0,0.1331,0,Малые сельские МО,1.0,False
1242,Ижморский муниципальный округ,Кемеровская область,0,Малые сельские МО,0,1.0,0.5025,1,Индустриальные и средние города,1.0,False
1243,Кемеровский муниципальный округ,Кемеровская область,1,Индустриальные и средние города,1,1.0,0.2791,0,Малые сельские МО,1.0,False
1244,Крапивинский муниципальный округ,Кемеровская область,0,Малые сельские МО,0,1.0,0.5917,1,Индустриальные и средние города,1.0,False
1246,Мариинский муниципальный округ,Кемеровская область,1,Индустриальные и средние города,1,1.0,0.163,0,Малые сельские МО,1.0,False
1249,Промышленновский муниципальный округ,Кемеровская область,1,Индустриальные и средние города,1,1.0,0.1221,0,Малые сельские МО,1.0,False
1250,Таштагольский муниципальный район,Кемеровская область,1,Индустриальные и средние города,1,1.0,0.3702,0,Малые сельские МО,1.0,False
1251,Тисульский муниципальный округ,Кемеровская область,0,Малые сельские МО,0,1.0,0.5299,1,Индустриальные и средние города,1.0,False
1252,Топкинский муниципальный округ,Кемеровская область,1,Индустриальные и средние города,1,1.0,0.6346,2,Столичные агломерации,1.0,False
1253,Тяжинский муниципальный округ,Кемеровская область,0,Малые сельские МО,0,1.0,0.6082,1,Индустриальные и средние города,1.0,False
1254,Чебулинский муниципальный округ,Кемеровская область,1,Индустриальные и средние города,0,0.7273,0.0955,0,Малые сельские МО,1.0,False
1256,Яйский муниципальный округ,Кемеровская область,1,Индустриальные и средние города,0,0.6818,0.1665,0,Малые сельские МО,1.0,False
1257,Яшкинский муниципальный округ,Кемеровская область,1,Индустриальные и средние города,1,1.0,0.4469,0,Малые сельские МО,1.0,False
1258,городской округ город Киров,Кировская область,2,Столичные агломерации,2,1.0,0.1675,1,Индустриальные и средние города,1.0,False
1259,городской округ город Вятские Поляны,Кировская область,1,Индустриальные и средние города,1,1.0,0.3968,0,Малые сельские МО,1.0,False
1260,городской округ город Кирово-Чепецк,Кировская область,1,Индустриальные и средние города,1,1.0,0.5298,2,Столичные агломерации,1.0,False
1261,городской округ город Котельнич,Кировская область,0,Малые сельские МО,0,1.0,0.2842,1,Индустриальные и средние города,1.0,False
1262,городской округ город Слободской,Кировская область,1,Индустриальные и средние города,1,1.0,0.2207,0,Малые сельские МО,1.0,False
1264,муниципальный округ Арбажский,Кировская область,0,Малые сельские МО,0,1.0,0.5258,1,Индустриальные и средние города,1.0,False
1265,муниципальный округ Афанасьевский,Кировская область,0,Малые сельские МО,0,1.0,0.42,1,Индустриальные и средние города,1.0,False
1266,Белохолуницкий муниципальный район,Кировская область,0,Малые сельские МО,0,1.0,0.6077,1,Индустриальные и средние города,1.0,False
1267,муниципальный округ Богородский,Кировская область,0,Малые сельские МО,0,1.0,0.3251,1,Индустриальные и средние города,1.0,False
1268,муниципальный округ Верхнекамский,Кировская область,0,Малые сельские МО,0,1.0,0.2945,1,Индустриальные и средние города,1.0,False
1269,Верхошижемский муниципальный район,Кировская область,0,Малые сельские МО,0,1.0,0.7109,1,Индустриальные и средние города,1.0,False
1270,Вятскополянский муниципальный район,Кировская область,0,Малые сельские МО,0,1.0,0.3068,1,Индустриальные и средние города,1.0,False
1271,Даровской муниципальный район,Кировская область,0,Малые сельские МО,0,1.0,0.6966,1,Индустриальные и средние города,1.0,False
1272,Зуевский муниципальный район,Кировская область,0,Малые сельские МО,0,1.0,0.3906,1,Индустриальные и средние города,1.0,False
1273,муниципальный округ Кикнурский,Кировская область,0,Малые сельские МО,0,1.0,0.5758,1,Индустриальные и средние города,1.0,False
1274,Кильмезский муниципальный район,Кировская область,0,Малые сельские МО,0,1.0,0.6121,1,Индустриальные и средние города,1.0,False
1275,Кирово-Чепецкий муниципальный район,Кировская область,0,Малые сельские МО,0,1.0,0.0519,1,Индустриальные и средние города,0.9286,False
1276,Котельничский муниципальный район,Кировская область,0,Малые сельские МО,0,1.0,0.3447,1,Индустриальные и средние города,1.0,False
1277,Куменский муниципальный район,Кировская область,0,Малые сельские МО,0,1.0,0.3122,1,Индустриальные и средние города,1.0,False
1278,муниципальный округ Лебяжский,Кировская область,0,Малые сельские МО,0,1.0,0.6733,1,Индустриальные и средние города,1.0,False
1279,муниципальный округ Лузский,Кировская область,0,Малые сельские МО,0,1.0,0.6115,1,Индустриальные и средние города,1.0,False
1280,Малмыжский муниципальный район,Кировская область,0,Малые сельские МО,0,1.0,0.5917,1,Индустриальные и средние города,1.0,False
1281,муниципальный округ Мурашинский,Кировская область,0,Малые сельские МО,1,0.6818,0.0351,1,Индустриальные и средние города,0.6842,True
1282,Нагорский муниципальный район,Кировская область,0,Малые сельские МО,0,1.0,0.3416,1,Индустриальные и средние города,1.0,False
1284,Нолинский муниципальный район,Кировская область,0,Малые сельские МО,0,1.0,0.5265,1,Индустриальные и средние города,1.0,False
1285,Омутнинский муниципальный район,Кировская область,1,Индустриальные и средние города,1,1.0,0.137,0,Малые сельские МО,1.0,False
1286,муниципальный округ Опаринский,Кировская область,0,Малые сельские МО,0,1.0,0.644,1,Индустриальные и средние города,1.0,False
1287,Оричевский муниципальный район,Кировская область,0,Малые сельские МО,0,1.0,0.3271,1,Индустриальные и средние города,1.0,False
1288,Орловский муниципальный район,Кировская область,0,Малые сельские МО,0,1.0,0.5026,1,Индустриальные и средние города,1.0,False
1289,муниципальный округ Пижанский,Кировская область,0,Малые сельские МО,0,1.0,0.4775,1,Индустриальные и средние города,1.0,False
1290,Подосиновский муниципальный район,Кировская область,0,Малые сельские МО,0,1.0,0.3587,1,Индустриальные и средние города,1.0,False
1291,муниципальный округ Санчурский,Кировская область,0,Малые сельские МО,0,1.0,0.494,1,Индустриальные и средние города,1.0,False
1292,муниципальный округ Свечинский,Кировская область,0,Малые сельские МО,0,1.0,0.6146,1,Индустриальные и средние города,1.0,False
1293,Слободской муниципальный район,Кировская область,0,Малые сельские МО,0,1.0,0.1162,1,Индустриальные и средние города,1.0,False
1294,Советский муниципальный район,Кировская область,0,Малые сельские МО,0,1.0,0.1395,1,Индустриальные и средние города,1.0,False
1295,Сунский муниципальный район,Кировская область,0,Малые сельские МО,0,1.0,0.3424,1,Индустриальные и средние города,1.0,False
1296,Тужинский муниципальный район,Кировская область,0,Малые сельские МО,0,1.0,0.7164,1,Индустриальные и средние города,1.0,False
1297,муниципальный округ Унинский,Кировская область,0,Малые сельские МО,0,1.0,0.305,1,Индустриальные и средние города,1.0,False
1298,Уржумский муниципальный район,Кировская область,0,Малые сельские МО,0,1.0,0.6118,1,Индустриальные и средние города,1.0,False
1299,муниципальный округ Фаленский,Кировская область,0,Малые сельские МО,0,1.0,0.7036,1,Индустриальные и средние города,1.0,False
13,Онгудайский муниципальный район,Республика Алтай,0,Малые сельские МО,0,1.0,0.0818,3,Ресурсный Север и Дальний Восток,0.5789,True
1300,Шабалинский муниципальный район,Кировская область,0,Малые сельские МО,0,1.0,0.6838,1,Индустриальные и средние города,1.0,False
1301,Юрьянский муниципальный район,Кировская область,0,Малые сельские МО,0,1.0,0.3763,1,Индустриальные и средние города,1.0,False
1302,Яранский муниципальный район,Кировская область,0,Малые сельские МО,0,1.0,0.3482,1,Индустриальные и средние города,1.0,False
1303,городской округ город Кострома,Костромская область,1,Индустриальные и средние города,1,1.0,0.1257,2,Столичные агломерации,0.7368,True
1304,городской округ город Буй,Костромская область,1,Индустриальные и средние города,1,1.0,0.1041,0,Малые сельские МО,1.0,False
1305,городской округ город Волгореченск,Костромская область,1,Индустриальные и средние города,1,1.0,0.0482,0,Малые сельские МО,0.8571,False
1306,городской округ город Галич,Костромская область,1,Индустриальные и средние города,1,1.0,0.0485,0,Малые сельские МО,1.0,False
1308,городской округ город Шарья,Костромская область,1,Индустриальные и средние города,1,1.0,0.116,0,Малые сельские МО,0.9444,False
1309,Антроповский муниципальный район,Костромская область,0,Малые сельские МО,0,1.0,0.6595,1,Индустриальные и средние города,1.0,False
1310,Буйский муниципальный район,Костромская область,0,Малые сельские МО,0,1.0,0.3109,1,Индустриальные и средние города,1.0,False
1311,Вохомский муниципальный район,Костромская область,0,Малые сельские МО,0,1.0,0.621,1,Индустриальные и средние города,1.0,False
1312,Галичский муниципальный район,Костромская область,0,Малые сельские МО,0,1.0,0.2545,1,Индустриальные и средние города,1.0,False
1313,Кадыйский муниципальный район,Костромская область,0,Малые сельские МО,0,1.0,0.5771,1,Индустриальные и средние города,1.0,False
1314,Кологривский муниципальный округ,Костромская область,0,Малые сельские МО,0,1.0,0.4802,1,Индустриальные и средние города,1.0,False
1315,Костромской муниципальный район,Костромская область,1,Индустриальные и средние города,1,1.0,0.4373,0,Малые сельские МО,1.0,False
1316,Красносельский муниципальный район,Костромская область,1,Индустриальные и средние города,1,1.0,0.3498,0,Малые сельские МО,1.0,False
1317,Макарьевский муниципальный район,Костромская область,0,Малые сельские МО,0,1.0,0.7041,1,Индустриальные и средние города,1.0,False
1319,Межевской муниципальный округ,Костромская область,0,Малые сельские МО,0,1.0,0.5434,1,Индустриальные и средние города,1.0,False
1320,Нейский муниципальный округ,Костромская область,0,Малые сельские МО,0,1.0,0.5723,1,Индустриальные и средние города,1.0,False
1321,муниципальный район город Нерехта и Нерехтский район,Костромская область,1,Индустриальные и средние города,1,1.0,0.2569,0,Малые сельские МО,1.0,False
1322,Октябрьский муниципальный район,Костромская область,0,Малые сельские МО,0,1.0,0.4883,1,Индустриальные и средние города,1.0,False
1323,Островский муниципальный район,Костромская область,0,Малые сельские МО,0,1.0,0.6485,1,Индустриальные и средние города,1.0,False
1324,Павинский муниципальный район,Костромская область,0,Малые сельские МО,0,1.0,0.4181,1,Индустриальные и средние города,1.0,False
1325,Парфеньевский муниципальный округ,Костромская область,0,Малые сельские МО,0,1.0,0.6689,1,Индустриальные и средние города,1.0,False
1326,Поназыревский муниципальный округ,Костромская область,0,Малые сельские МО,0,1.0,0.2767,1,Индустриальные и средние города,1.0,False
1327,Пыщугский муниципальный округ,Костромская область,0,Малые сельские МО,0,1.0,0.4347,1,Индустриальные и средние города,1.0,False
1328,Солигаличский муниципальный район,Костромская область,0,Малые сельские МО,0,1.0,0.5732,1,Индустриальные и средние города,1.0,False
1329,Судиславский муниципальный район,Костромская область,0,Малые сельские МО,0,1.0,0.26,1,Индустриальные и средние города,1.0,False
1330,Сусанинский муниципальный район,Костромская область,0,Малые сельские МО,0,1.0,0.6558,1,Индустриальные и средние города,1.0,False
1331,Чухломский муниципальный район,Костромская область,0,Малые сельские МО,0,1.0,0.4867,1,Индустриальные и средние города,1.0,False
1333,городской округ город Курган,Курганская область,1,Индустриальные и средние города,1,1.0,0.2474,2,Столичные агломерации,1.0,False
1334,городской округ город Шадринск,Курганская область,1,Индустриальные и средние города,1,1.0,0.6508,0,Малые сельские МО,1.0,False
1335,Альменевский муниципальный округ,Курганская область,0,Малые сельские МО,0,1.0,0.5621,1,Индустриальные и средние города,1.0,False
1336,Белозерский муниципальный округ,Курганская область,0,Малые сельские МО,0,1.0,0.6101,1,Индустриальные и средние города,1.0,False
1337,Варгашинский муниципальный район,Курганская область,0,Малые сельские МО,0,1.0,0.4079,1,Индустриальные и средние города,1.0,False
1338,Далматовский муниципальный район,Курганская область,0,Малые сельские МО,0,1.0,0.3873,1,Индустриальные и средние города,1.0,False
1339,Звериноголовский муниципальный округ,Курганская область,0,Малые сельские МО,0,1.0,0.6068,1,Индустриальные и средние города,1.0,False
1340,Каргапольский муниципальный округ,Курганская область,0,Малые сельские МО,0,1.0,0.7141,1,Индустриальные и средние города,1.0,False
1341,Катайский муниципальный район,Курганская область,0,Малые сельские МО,0,1.0,0.4166,1,Индустриальные и средние города,1.0,False
1343,Куртамышский муниципальный округ,Курганская область,0,Малые сельские МО,0,1.0,0.6185,1,Индустриальные и средние города,1.0,False
1344,Лебяжьевский муниципальный округ,Курганская область,0,Малые сельские МО,0,1.0,0.5891,1,Индустриальные и средние города,1.0,False
1345,муниципальный округ Макушинский,Курганская область,0,Малые сельские МО,0,1.0,0.6828,1,Индустриальные и средние города,1.0,False
1346,Мишкинский муниципальный округ,Курганская область,0,Малые сельские МО,0,1.0,0.6645,1,Индустриальные и средние города,1.0,False
1347,Мокроусовский муниципальный округ,Курганская область,0,Малые сельские МО,0,1.0,0.5394,1,Индустриальные и средние города,1.0,False
1348,Петуховский муниципальный округ,Курганская область,0,Малые сельские МО,0,1.0,0.5954,1,Индустриальные и средние города,1.0,False
1349,Половинский муниципальный округ,Курганская область,0,Малые сельские МО,0,1.0,0.6425,1,Индустриальные и средние города,1.0,False
1350,Притобольный муниципальный район,Курганская область,0,Малые сельские МО,0,1.0,0.5892,1,Индустриальные и средние города,1.0,False
1351,Сафакулевский муниципальный округ,Курганская область,0,Малые сельские МО,0,1.0,0.556,1,Индустриальные и средние города,1.0,False
1352,Целинный муниципальный округ,Курганская область,0,Малые сельские МО,0,1.0,0.5732,1,Индустриальные и средние города,1.0,False
1353,Частоозерский муниципальный округ,Курганская область,0,Малые сельские МО,0,1.0,0.7735,1,Индустриальные и средние города,1.0,False
1355,Шатровский муниципальный округ,Курганская область,0,Малые сельские МО,0,1.0,0.7118,1,Индустриальные и средние города,1.0,False
1356,муниципальный округ Шумихинский,Курганская область,0,Малые сельские МО,0,1.0,0.3082,1,Индустриальные и средние города,1.0,False
1357,Щучанский муниципальный округ,Курганская область,0,Малые сельские МО,0,1.0,0.4698,1,Индустриальные и средние города,1.0,False
1358,Юргамышский муниципальный округ,Курганская область,0,Малые сельские МО,0,1.0,0.5183,1,Индустриальные и средние города,1.0,False
1392,Бокситогорский муниципальный район,Ленинградская область,1,Индустриальные и средние города,1,1.0,0.526,0,Малые сельские МО,1.0,False
1393,Волосовский муниципальный район,Ленинградская область,1,Индустриальные и средние города,1,1.0,0.6028,0,Малые сельские МО,1.0,False
1394,Волховский муниципальный район,Ленинградская область,1,Индустриальные и средние города,1,1.0,0.6268,2,Столичные агломерации,1.0,False
1395,Всеволожский муниципальный район,Ленинградская область,2,Столичные агломерации,2,1.0,0.532,1,Индустриальные и средние города,1.0,False
1396,Выборгский муниципальный район,Ленинградская область,1,Индустриальные и средние города,1,1.0,0.3535,2,Столичные агломерации,1.0,False
1397,Гатчинский муниципальный район,Ленинградская область,1,Индустриальные и средние города,1,0.6364,0.0471,2,Столичные агломерации,0.6,True
1398,Кингисеппский муниципальный район,Ленинградская область,1,Индустриальные и средние города,1,1.0,0.3306,2,Столичные агломерации,1.0,False
1399,Киришский муниципальный район,Ленинградская область,1,Индустриальные и средние города,1,1.0,0.601,2,Столичные агломерации,1.0,False
14,Турочакский муниципальный район,Республика Алтай,0,Малые сельские МО,0,1.0,0.1498,1,Индустриальные и средние города,0.6111,True
1400,Кировский муниципальный район,Ленинградская область,1,Индустриальные и средние города,1,1.0,0.5195,2,Столичные агломерации,1.0,False
1401,Лодейнопольский муниципальный район,Ленинградская область,1,Индустриальные и средние города,1,1.0,0.4243,0,Малые сельские МО,1.0,False
1402,Ломоносовский муниципальный район,Ленинградская область,2,Столичные агломерации,2,1.0,0.2603,1,Индустриальные и средние города,1.0,False
1403,Лужский муниципальный район,Ленинградская область,1,Индустриальные и средние города,1,1.0,0.2221,2,Столичные агломерации,0.875,False
1404,Подпорожский муниципальный район,Ленинградская область,1,Индустриальные и средние города,1,1.0,0.4767,0,Малые сельские МО,1.0,False
1405,Приозерский муниципальный район,Ленинградская область,1,Индустриальные и средние города,1,1.0,0.5372,2,Столичные агломерации,1.0,False
1406,Сланцевский муниципальный район,Ленинградская область,1,Индустриальные и средние города,1,1.0,0.6715,0,Малые сельские МО,1.0,False
1407,Тихвинский муниципальный район,Ленинградская область,1,Индустриальные и средние города,1,1.0,0.4116,2,Столичные агломерации,1.0,False
1408,Тосненский муниципальный район,Ленинградская область,2,Столичные агломерации,2,0.6818,0.086,1,Индустриальные и средние города,0.9412,False
1409,городской округ Сосновоборский,Ленинградская область,2,Столичные агломерации,2,1.0,0.2178,1,Индустриальные и средние города,1.0,False
1410,городской округ город Липецк,Липецкая область,1,Индустриальные и средние города,1,1.0,0.3608,2,Столичные агломерации,1.0,False
1411,городской округ город Елец,Липецкая область,1,Индустриальные и средние города,1,1.0,0.5833,2,Столичные агломерации,1.0,False
1412,Воловский муниципальный район,Липецкая область,0,Малые сельские МО,0,1.0,0.5777,1,Индустриальные и средние города,1.0,False
1413,Грязинский муниципальный район,Липецкая область,1,Индустриальные и средние города,1,1.0,0.7068,0,Малые сельские МО,1.0,False
1414,Данковский муниципальный район,Липецкая область,0,Малые сельские МО,0,0.5455,0.0904,1,Индустриальные и средние города,1.0,False
1415,Добринский муниципальный район,Липецкая область,0,Малые сельские МО,0,1.0,0.3146,1,Индустриальные и средние города,1.0,False
1416,Добровский муниципальный район,Липецкая область,0,Малые сельские МО,0,1.0,0.4579,1,Индустриальные и средние города,1.0,False
1417,Долгоруковский муниципальный район,Липецкая область,0,Малые сельские МО,0,1.0,0.4564,1,Индустриальные и средние города,1.0,False
1419,Задонский муниципальный район,Липецкая область,0,Малые сельские МО,0,1.0,0.3799,1,Индустриальные и средние города,1.0,False
1420,Измалковский муниципальный район,Липецкая область,0,Малые сельские МО,0,1.0,0.5143,1,Индустриальные и средние города,1.0,False
1421,Краснинский муниципальный район,Липецкая область,0,Малые сельские МО,0,1.0,0.4459,1,Индустриальные и средние города,1.0,False
1422,Лебедянский муниципальный район,Липецкая область,1,Индустриальные и средние города,1,1.0,0.396,0,Малые сельские МО,1.0,False
1423,Лев-Толстовский муниципальный район,Липецкая область,0,Малые сельские МО,0,1.0,0.2388,1,Индустриальные и средние города,1.0,False
1425,Становлянский муниципальный район,Липецкая область,0,Малые сельские МО,0,1.0,0.1922,1,Индустриальные и средние города,1.0,False
1426,Тербунский муниципальный район,Липецкая область,0,Малые сельские МО,0,1.0,0.2124,1,Индустриальные и средние города,1.0,False
1427,Усманский муниципальный район,Липецкая область,0,Малые сельские МО,0,1.0,0.0838,1,Индустриальные и средние города,1.0,False
1428,Хлевенский муниципальный район,Липецкая область,0,Малые сельские МО,0,1.0,0.4906,1,Индустриальные и средние города,1.0,False
1429,Чаплыгинский муниципальный район,Липецкая область,0,Малые сельские МО,0,1.0,0.3449,1,Индустриальные и средние города,1.0,False
1430,городской округ город Магадан,Магаданская область,2,Столичные агломерации,2,1.0,0.0874,3,Ресурсный Север и Дальний Восток,0.9444,False
1431,муниципальный округ Ольский,Магаданская область,3,Ресурсный Север и Дальний Восток,3,1.0,0.3631,1,Индустриальные и средние города,1.0,False
1438,муниципальный округ Ягоднинский,Магаданская область,3,Ресурсный Север и Дальний Восток,3,1.0,0.3695,1,Индустриальные и средние города,1.0,False
1439,городской округ Балашиха,Московская область,2,Столичные агломерации,2,1.0,0.5764,1,Индустриальные и средние города,1.0,False
1440,городской округ Бронницы,Московская область,1,Индустриальные и средние города,1,1.0,0.1025,2,Столичные агломерации,0.9474,False
1443,городской округ Дзержинский,Московская область,2,Столичные агломерации,2,1.0,0.459,1,Индустриальные и средние города,1.0,False
1444,городской округ Долгопрудный,Московская область,2,Столичные агломерации,2,1.0,0.6287,1,Индустриальные и средние города,1.0,False
1445,городской округ Домодедово,Московская область,2,Столичные агломерации,2,1.0,0.2333,1,Индустриальные и средние города,1.0,False
1446,городской округ Дубна,Московская область,2,Столичные агломерации,2,1.0,0.3415,1,Индустриальные и средние города,1.0,False
1447,городской округ Егорьевск,Московская область,1,Индустриальные и средние города,1,1.0,0.3782,2,Столичные агломерации,1.0,False
1448,городской округ Жуковский,Московская область,2,Столичные агломерации,2,1.0,0.5775,1,Индустриальные и средние города,1.0,False
1449,городской округ Зарайск,Московская область,1,Индустриальные и средние города,1,1.0,0.3846,0,Малые сельские МО,1.0,False
1453,городской округ Истра,Московская область,2,Столичные агломерации,2,1.0,0.4592,1,Индустриальные и средние города,1.0,False
1454,городской округ Кашира,Московская область,1,Индустриальные и средние города,1,1.0,0.3716,2,Столичные агломерации,1.0,False
1456,городской округ Королёв,Московская область,2,Столичные агломерации,2,1.0,0.5895,1,Индустриальные и средние города,1.0,False
1457,городской округ Котельники,Московская область,2,Столичные агломерации,2,1.0,0.463,1,Индустриальные и средние города,1.0,False
1459,городской округ Красногорск,Московская область,2,Столичные агломерации,2,1.0,0.7776,1,Индустриальные и средние города,1.0,False
1461,городской округ Лобня,Московская область,2,Столичные агломерации,2,1.0,0.1167,1,Индустриальные и средние города,1.0,False
1463,городской округ Луховицы,Московская область,1,Индустриальные и средние города,1,1.0,0.5671,2,Столичные агломерации,1.0,False
1464,городской округ Лыткарино,Московская область,2,Столичные агломерации,2,1.0,0.3004,1,Индустриальные и средние города,1.0,False
1465,городской округ Люберцы,Московская область,2,Столичные агломерации,2,1.0,0.6542,1,Индустриальные и средние города,1.0,False
1467,городской округ Мытищи,Московская область,2,Столичные агломерации,2,1.0,0.5152,1,Индустриальные и средние города,1.0,False
1468,городской округ Наро-Фоминский,Московская область,2,Столичные агломерации,2,1.0,0.3198,1,Индустриальные и средние города,1.0,False
1472,городской округ Подольск,Московская область,2,Столичные агломерации,2,1.0,0.4927,1,Индустриальные и средние города,1.0,False
1473,городской округ Протвино,Московская область,1,Индустриальные и средние города,1,1.0,0.0694,2,Столичные агломерации,1.0,False
1474,городской округ Пущино,Московская область,1,Индустриальные и средние города,1,1.0,0.0646,2,Столичные агломерации,1.0,False
1475,городской округ Реутов,Московская область,2,Столичные агломерации,2,1.0,0.6615,1,Индустриальные и средние города,1.0,False
1477,городской округ Рузский,Московская область,1,Индустриальные и средние города,1,1.0,0.4402,2,Столичные агломерации,1.0,False
1478,городской округ Серебряные Пруды,Московская область,1,Индустриальные и средние города,1,1.0,0.2318,0,Малые сельские МО,1.0,False
1480,городской округ Ступино,Московская область,2,Столичные агломерации,2,1.0,0.1152,1,Индустриальные и средние города,0.9286,False
1481,городской округ Фрязино,Московская область,1,Индустриальные и средние города,1,1.0,0.0602,2,Столичные агломерации,0.3529,True
1483,городской округ Черноголовка,Московская область,2,Столичные агломерации,2,1.0,0.1518,1,Индустриальные и средние города,1.0,False
1484,городской округ Чехов,Московская область,1,Индустриальные и средние города,1,1.0,0.0815,2,Столичные агломерации,0.1111,True
1486,городской округ Шаховская,Московская область,1,Индустриальные и средние города,1,1.0,0.3756,2,Столичные агломерации,1.0,False
1488,городской округ Электросталь,Московская область,2,Столичные агломерации,2,1.0,0.306,1,Индустриальные и средние города,1.0,False
1489,городской округ Волоколамский,Московская область,1,Индустриальные и средние города,1,1.0,0.2006,2,Столичные агломерации,1.0,False
1490,городской округ Воскресенск,Московская область,2,Столичные агломерации,2,1.0,0.1454,1,Индустриальные и средние города,1.0,False
1491,городской округ Дмитровский,Московская область,2,Столичные агломерации,2,1.0,0.2808,1,Индустриальные и средние города,1.0,False
1492,городской округ Клин,Московская область,2,Столичные агломерации,2,1.0,0.1866,1,Индустриальные и средние города,1.0,False
1493,городской округ Ленинский,Московская область,2,Столичные агломерации,2,1.0,0.5308,1,Индустриальные и средние города,1.0,False
1494,городской округ Лотошино,Московская область,0,Малые сельские МО,0,1.0,0.3027,1,Индустриальные и средние города,1.0,False
1495,городской округ Можайский,Московская область,1,Индустриальные и средние города,1,1.0,0.3228,2,Столичные агломерации,1.0,False
1496,городской округ Богородский,Московская область,2,Столичные агломерации,2,1.0,0.3179,1,Индустриальные и средние города,1.0,False
15,Улаганский муниципальный район,Республика Алтай,0,Малые сельские МО,0,1.0,0.0912,1,Индустриальные и средние города,0.625,True
1500,городской округ Раменский,Московская область,2,Столичные агломерации,2,1.0,0.4532,1,Индустриальные и средние города,1.0,False
1501,городской округ Сергиево-Посадский,Московская область,2,Столичные агломерации,2,1.0,0.168,1,Индустриальные и средние города,0.9286,False
1504,городской округ Талдомский,Московская область,1,Индустриальные и средние города,1,1.0,0.6844,2,Столичные агломерации,1.0,False
1506,городской округ город Мурманск,Мурманская область,2,Столичные агломерации,2,1.0,0.2503,1,Индустриальные и средние города,1.0,False
1507,муниципальный округ город Апатиты,Мурманская область,1,Индустриальные и средние города,1,1.0,0.3621,2,Столичные агломерации,1.0,False
1508,муниципальный округ город Кировск,Мурманская область,1,Индустриальные и средние города,1,1.0,0.0998,2,Столичные агломерации,1.0,False
1509,муниципальный округ город Мончегорск,Мурманская область,1,Индустриальные и средние города,1,1.0,0.2129,2,Столичные агломерации,1.0,False
1510,муниципальный округ город Оленегорск,Мурманская область,1,Индустриальные и средние города,1,1.0,0.2573,0,Малые сельские МО,1.0,False
1511,муниципальный округ город Полярные Зори,Мурманская область,1,Индустриальные и средние города,1,1.0,0.2645,2,Столичные агломерации,1.0,False
1512,Ковдорский муниципальный округ,Мурманская область,1,Индустриальные и средние города,1,1.0,0.3383,0,Малые сельские МО,1.0,False
1518,Кандалакшский муниципальный район,Мурманская область,1,Индустриальные и средние города,1,1.0,0.4622,2,Столичные агломерации,1.0,False
1519,Кольский муниципальный район,Мурманская область,1,Индустриальные и средние города,1,1.0,0.2871,2,Столичные агломерации,1.0,False
1520,Ловозерский муниципальный район,Мурманская область,1,Индустриальные и средние города,1,1.0,0.0969,0,Малые сельские МО,0.8125,False
1521,Печенгский муниципальный округ,Мурманская область,1,Индустриальные и средние города,1,1.0,0.0804,2,Столичные агломерации,1.0,False
1522,Терский муниципальный район,Мурманская область,0,Малые сельские МО,0,1.0,0.1013,1,Индустриальные и средние города,1.0,False
1523,городской округ город Нижний Новгород,Нижегородская область,2,Столичные агломерации,2,1.0,0.428,1,Индустриальные и средние города,1.0,False
1525,городской округ город Бор,Нижегородская область,1,Индустриальные и средние города,1,1.0,0.4107,2,Столичные агломерации,1.0,False
1526,городской округ город Выкса,Нижегородская область,1,Индустриальные и средние города,1,1.0,0.4065,2,Столичные агломерации,1.0,False
1527,городской округ город Дзержинск,Нижегородская область,1,Индустриальные и средние города,1,1.0,0.2715,2,Столичные агломерации,0.8462,False
1528,городской округ город Кулебаки,Нижегородская область,1,Индустриальные и средние города,1,1.0,0.3461,0,Малые сельские МО,1.0,False
1529,городской округ Навашинский,Нижегородская область,1,Индустриальные и средние города,1,1.0,0.037,0,Малые сельские МО,0.5714,True
1530,городской округ Перевозский,Нижегородская область,0,Малые сельские МО,0,1.0,0.6424,1,Индустриальные и средние города,1.0,False
1532,городской округ Семеновский,Нижегородская область,1,Индустриальные и средние города,0,0.8182,0.0688,0,Малые сельские МО,0.9231,False
1533,городской округ город Шахунья,Нижегородская область,0,Малые сельские МО,0,1.0,0.285,1,Индустриальные и средние города,1.0,False
1534,городской округ город Первомайск,Нижегородская область,0,Малые сельские МО,0,1.0,0.4865,1,Индустриальные и средние города,1.0,False
1535,городской округ Сокольский,Нижегородская область,0,Малые сельские МО,0,1.0,0.6175,1,Индустриальные и средние города,1.0,False
1536,городской округ город Чкаловск,Нижегородская область,0,Малые сельские МО,0,1.0,0.3037,1,Индустриальные и средние города,1.0,False
1537,Ардатовский муниципальный округ,Нижегородская область,0,Малые сельские МО,0,1.0,0.6335,1,Индустриальные и средние города,1.0,False
1539,Балахнинский муниципальный округ,Нижегородская область,1,Индустриальные и средние города,1,1.0,0.4394,2,Столичные агломерации,1.0,False
1540,Богородский муниципальный округ,Нижегородская область,1,Индустриальные и средние города,1,1.0,0.5963,2,Столичные агломерации,1.0,False
1541,Большеболдинский муниципальный округ,Нижегородская область,0,Малые сельские МО,0,1.0,0.5931,1,Индустриальные и средние города,1.0,False
1542,Большемурашкинский муниципальный округ,Нижегородская область,0,Малые сельские МО,0,1.0,0.5584,1,Индустриальные и средние города,1.0,False
1543,Бутурлинский муниципальный округ,Нижегородская область,0,Малые сельские МО,0,1.0,0.6797,1,Индустриальные и средние города,1.0,False
1544,Вадский муниципальный округ,Нижегородская область,0,Малые сельские МО,0,1.0,0.638,1,Индустриальные и средние города,1.0,False
1545,Варнавинский муниципальный округ,Нижегородская область,0,Малые сельские МО,0,1.0,0.5712,1,Индустриальные и средние города,1.0,False
1546,Вачский муниципальный округ,Нижегородская область,0,Малые сельские МО,0,1.0,0.5705,1,Индустриальные и средние города,1.0,False
1547,Ветлужский муниципальный округ,Нижегородская область,0,Малые сельские МО,0,1.0,0.5364,1,Индустриальные и средние города,1.0,False
1548,Вознесенский муниципальный округ,Нижегородская область,0,Малые сельские МО,0,1.0,0.6143,1,Индустриальные и средние города,1.0,False
1549,Володарский муниципальный округ,Нижегородская область,0,Малые сельские МО,0,1.0,0.0626,1,Индустриальные и средние города,0.4375,True
1550,городской округ Воротынский,Нижегородская область,0,Малые сельские МО,0,1.0,0.6663,1,Индустриальные и средние города,1.0,False
1551,Воскресенский муниципальный округ,Нижегородская область,0,Малые сельские МО,0,1.0,0.6257,1,Индустриальные и средние города,1.0,False
1552,Гагинский муниципальный округ,Нижегородская область,0,Малые сельские МО,0,1.0,0.5651,1,Индустриальные и средние города,1.0,False
1553,Городецкий муниципальный округ,Нижегородская область,1,Индустриальные и средние города,1,1.0,0.5314,2,Столичные агломерации,1.0,False
1554,Дальнеконстантиновский муниципальный округ,Нижегородская область,0,Малые сельские МО,0,1.0,0.622,1,Индустриальные и средние города,1.0,False
1555,Дивеевский муниципальный округ,Нижегородская область,0,Малые сельские МО,0,1.0,0.5901,1,Индустриальные и средние города,1.0,False
1556,Княгининский муниципальный округ,Нижегородская область,0,Малые сельские МО,0,1.0,0.2633,1,Индустриальные и средние города,1.0,False
1557,Ковернинский муниципальный округ,Нижегородская область,0,Малые сельские МО,0,1.0,0.238,1,Индустриальные и средние города,1.0,False
1558,Краснобаковский муниципальный округ,Нижегородская область,0,Малые сельские МО,0,1.0,0.5506,1,Индустриальные и средние города,1.0,False
1559,Краснооктябрьский муниципальный округ,Нижегородская область,0,Малые сельские МО,0,1.0,0.5402,1,Индустриальные и средние города,1.0,False
1560,Кстовский муниципальный округ,Нижегородская область,1,Индустриальные и средние города,1,1.0,0.1343,2,Столичные агломерации,0.375,True
1561,Лукояновский муниципальный округ,Нижегородская область,0,Малые сельские МО,0,1.0,0.6264,1,Индустриальные и средние города,1.0,False
1562,Лысковский муниципальный округ,Нижегородская область,1,Индустриальные и средние города,1,1.0,0.392,0,Малые сельские МО,1.0,False
1563,Павловский муниципальный округ,Нижегородская область,1,Индустриальные и средние города,1,1.0,0.4786,2,Столичные агломерации,1.0,False
1564,Пильнинский муниципальный округ,Нижегородская область,0,Малые сельские МО,0,1.0,0.5849,1,Индустриальные и средние города,1.0,False
1565,Починковский муниципальный округ,Нижегородская область,0,Малые сельские МО,0,1.0,0.1418,1,Индустриальные и средние города,1.0,False
1566,Сергачский муниципальный округ,Нижегородская область,1,Индустриальные и средние города,1,1.0,0.1995,0,Малые сельские МО,1.0,False
1567,Сеченовский муниципальный округ,Нижегородская область,0,Малые сельские МО,0,1.0,0.5581,1,Индустриальные и средние города,1.0,False
1568,Сосновский муниципальный округ,Нижегородская область,0,Малые сельские МО,0,1.0,0.6765,1,Индустриальные и средние города,1.0,False
1569,Спасский муниципальный округ,Нижегородская область,0,Малые сельские МО,0,1.0,0.5667,1,Индустриальные и средние города,1.0,False
1570,Тонкинский муниципальный округ,Нижегородская область,0,Малые сельские МО,0,1.0,0.6854,1,Индустриальные и средние города,1.0,False
1571,Тоншаевский муниципальный округ,Нижегородская область,0,Малые сельские МО,0,1.0,0.3741,1,Индустриальные и средние города,1.0,False
1572,Уренский муниципальный округ,Нижегородская область,0,Малые сельские МО,0,1.0,0.0672,1,Индустриальные и средние города,0.6875,True
1573,Шарангский муниципальный округ,Нижегородская область,0,Малые сельские МО,0,1.0,0.4915,1,Индустриальные и средние города,1.0,False
1574,Шатковский муниципальный округ,Нижегородская область,0,Малые сельские МО,0,1.0,0.5456,1,Индустриальные и средние города,1.0,False
1575,городской округ Великий Новгород,Новгородская область,2,Столичные агломерации,2,0.5909,0.18,1,Индустриальные и средние города,1.0,False
1577,Боровичский муниципальный район,Новгородская область,1,Индустриальные и средние города,1,1.0,0.5479,2,Столичные агломерации,1.0,False
1578,Валдайский муниципальный район,Новгородская область,1,Индустриальные и средние города,1,1.0,0.3057,0,Малые сельские МО,1.0,False
1579,муниципальный округ Волотовский,Новгородская область,0,Малые сельские МО,0,1.0,0.5833,1,Индустриальные и средние города,1.0,False
1580,Демянский муниципальный район,Новгородская область,0,Малые сельские МО,0,1.0,0.7129,1,Индустриальные и средние города,1.0,False
1581,Крестецкий муниципальный район,Новгородская область,0,Малые сельские МО,0,1.0,0.2346,1,Индустриальные и средние города,1.0,False
1582,Любытинский муниципальный район,Новгородская область,0,Малые сельские МО,0,1.0,0.6233,1,Индустриальные и средние города,1.0,False
1583,Маловишерский муниципальный район,Новгородская область,0,Малые сельские МО,0,1.0,0.0547,1,Индустриальные и средние города,0.9375,False
1584,муниципальный округ Марёвский,Новгородская область,0,Малые сельские МО,0,1.0,0.5429,1,Индустриальные и средние города,1.0,False
1585,Мошенской муниципальный район,Новгородская область,0,Малые сельские МО,0,1.0,0.671,1,Индустриальные и средние города,1.0,False
1586,Новгородский муниципальный район,Новгородская область,2,Столичные агломерации,1,0.5,0.0639,1,Индустриальные и средние города,0.625,True
1587,Окуловский муниципальный район,Новгородская область,0,Малые сельские МО,0,1.0,0.0671,1,Индустриальные и средние города,0.8667,False
1588,Парфинский муниципальный район,Новгородская область,0,Малые сельские МО,0,1.0,0.1001,1,Индустриальные и средние города,1.0,False
1589,Пестовский муниципальный район,Новгородская область,0,Малые сельские МО,0,1.0,0.2936,1,Индустриальные и средние города,1.0,False
1590,Поддорский муниципальный район,Новгородская область,0,Малые сельские МО,0,1.0,0.5887,1,Индустриальные и средние города,1.0,False
1591,муниципальный округ Солецкий,Новгородская область,0,Малые сельские МО,0,1.0,0.611,1,Индустриальные и средние города,1.0,False
1592,Старорусский муниципальный район,Новгородская область,1,Индустриальные и средние города,1,1.0,0.3799,0,Малые сельские МО,1.0,False
1593,муниципальный округ Хвойнинский,Новгородская область,0,Малые сельские МО,0,1.0,0.0498,1,Индустриальные и средние города,0.7647,False
1594,Холмский муниципальный район,Новгородская область,0,Малые сельские МО,0,1.0,0.7247,1,Индустриальные и средние города,1.0,False
1595,Чудовский муниципальный район,Новгородская область,1,Индустриальные и средние города,1,1.0,0.3071,0,Малые сельские МО,1.0,False
1596,Шимский муниципальный район,Новгородская область,0,Малые сельские МО,0,1.0,0.6249,1,Индустриальные и средние города,1.0,False
1597,городской округ город Новосибирск,Новосибирская область,2,Столичные агломерации,2,1.0,0.4286,1,Индустриальные и средние города,1.0,False
1598,городской округ город Бердск,Новосибирская область,1,Индустриальные и средние города,1,1.0,0.4831,2,Столичные агломерации,1.0,False
1599,городской округ город Искитим,Новосибирская область,1,Индустриальные и средние города,1,1.0,0.2897,2,Столичные агломерации,1.0,False
16,Усть-Канский муниципальный район,Республика Алтай,0,Малые сельские МО,0,1.0,0.1268,1,Индустриальные и средние города,0.625,True
1600,городской округ город Обь,Новосибирская область,1,Индустриальные и средние города,1,1.0,0.1371,2,Столичные агломерации,1.0,False
1601,городской округ рабочий поселок Кольцово,Новосибирская область,2,Столичные агломерации,2,0.8182,0.1667,1,Индустриальные и средние города,1.0,False
1602,Баганский муниципальный район,Новосибирская область,0,Малые сельские МО,0,1.0,0.4259,1,Индустриальные и средние города,1.0,False
1603,Барабинский муниципальный район,Новосибирская область,1,Индустриальные и средние города,1,1.0,0.3547,2,Столичные агломерации,1.0,False
1604,Болотнинский муниципальный район,Новосибирская область,1,Индустриальные и средние города,1,1.0,0.272,0,Малые сельские МО,1.0,False
1605,Венгеровский муниципальный район,Новосибирская область,0,Малые сельские МО,0,1.0,0.6874,1,Индустриальные и средние города,1.0,False
1606,Доволенский муниципальный район,Новосибирская область,0,Малые сельские МО,0,1.0,0.6724,1,Индустриальные и средние города,1.0,False
1607,Здвинский муниципальный район,Новосибирская область,0,Малые сельские МО,0,1.0,0.6662,1,Индустриальные и средние города,1.0,False
1608,Искитимский муниципальный район,Новосибирская область,1,Индустриальные и средние города,1,1.0,0.4,0,Малые сельские МО,1.0,False
1609,Карасукский муниципальный район,Новосибирская область,1,Индустриальные и средние города,1,1.0,0.3131,0,Малые сельские МО,1.0,False
1610,Каргатский муниципальный район,Новосибирская область,0,Малые сельские МО,0,1.0,0.4007,1,Индустриальные и средние города,1.0,False
1611,Колыванский муниципальный район,Новосибирская область,0,Малые сельские МО,0,1.0,0.3779,1,Индустриальные и средние города,1.0,False
1612,Коченевский муниципальный район,Новосибирская область,1,Индустриальные и средние города,1,1.0,0.2933,0,Малые сельские МО,1.0,False
1613,Кочковский муниципальный район,Новосибирская область,0,Малые сельские МО,0,1.0,0.568,1,Индустриальные и средние города,1.0,False
1614,Краснозерский муниципальный район,Новосибирская область,0,Малые сельские МО,0,1.0,0.5957,1,Индустриальные и средние города,1.0,False
1615,Куйбышевский муниципальный район,Новосибирская область,1,Индустриальные и средние города,1,1.0,0.5503,0,Малые сельские МО,1.0,False
1616,Купинский муниципальный район,Новосибирская область,0,Малые сельские МО,0,1.0,0.1174,1,Индустриальные и средние города,1.0,False
1617,Кыштовский муниципальный район,Новосибирская область,0,Малые сельские МО,0,1.0,0.6146,1,Индустриальные и средние города,1.0,False
1618,Маслянинский муниципальный район,Новосибирская область,0,Малые сельские МО,0,1.0,0.2027,1,Индустриальные и средние города,1.0,False
1619,Мошковский муниципальный район,Новосибирская область,1,Индустриальные и средние города,1,1.0,0.2364,0,Малые сельские МО,1.0,False
1620,Новосибирский муниципальный район,Новосибирская область,2,Столичные агломерации,2,1.0,0.3054,1,Индустриальные и средние города,1.0,False
1621,Ордынский муниципальный район,Новосибирская область,0,Малые сельские МО,0,1.0,0.404,1,Индустриальные и средние города,1.0,False
1622,Северный муниципальный район,Новосибирская область,0,Малые сельские МО,0,1.0,0.546,1,Индустриальные и средние города,1.0,False
1623,Сузунский муниципальный район,Новосибирская область,1,Индустриальные и средние города,1,1.0,0.2111,0,Малые сельские МО,1.0,False
1624,Татарский муниципальный район,Новосибирская область,1,Индустриальные и средние города,1,1.0,0.2493,0,Малые сельские МО,1.0,False
1625,Тогучинский муниципальный район,Новосибирская область,1,Индустриальные и средние города,1,1.0,0.1883,0,Малые сельские МО,1.0,False
1626,Убинский муниципальный район,Новосибирская область,0,Малые сельские МО,0,1.0,0.5604,1,Индустриальные и средние города,1.0,False
1627,Усть-Таркский муниципальный район,Новосибирская область,0,Малые сельские МО,0,1.0,0.5577,1,Индустриальные и средние города,1.0,False
1628,Чановский муниципальный район,Новосибирская область,0,Малые сельские МО,0,1.0,0.4186,1,Индустриальные и средние города,1.0,False
1629,Черепановский муниципальный район,Новосибирская область,1,Индустриальные и средние города,1,1.0,0.3122,0,Малые сельские МО,1.0,False
1630,Чистоозерный муниципальный район,Новосибирская область,0,Малые сельские МО,0,1.0,0.5026,1,Индустриальные и средние города,1.0,False
1631,Чулымский муниципальный район,Новосибирская область,1,Индустриальные и средние города,1,1.0,0.0889,0,Малые сельские МО,0.8462,False
1632,городской округ город Омск,Омская область,2,Столичные агломерации,2,1.0,0.3055,1,Индустриальные и средние города,1.0,False
1633,Азовский немецкий национальный муниципальный район,Омская область,0,Малые сельские МО,0,1.0,0.3257,1,Индустриальные и средние города,1.0,False
1634,Большереченский муниципальный район,Омская область,0,Малые сельские МО,0,1.0,0.2313,1,Индустриальные и средние города,1.0,False
1635,Большеуковский муниципальный район,Омская область,0,Малые сельские МО,0,1.0,0.5334,1,Индустриальные и средние города,1.0,False
1636,Горьковский муниципальный район,Омская область,0,Малые сельские МО,0,1.0,0.3693,1,Индустриальные и средние города,1.0,False
1637,Знаменский муниципальный район,Омская область,0,Малые сельские МО,0,1.0,0.7253,1,Индустриальные и средние города,1.0,False
1638,Исилькульский муниципальный район,Омская область,0,Малые сельские МО,0,1.0,0.4053,1,Индустриальные и средние города,1.0,False
1639,Калачинский муниципальный район,Омская область,0,Малые сельские МО,0,1.0,0.2156,1,Индустриальные и средние города,1.0,False
1640,Колосовский муниципальный район,Омская область,0,Малые сельские МО,0,1.0,0.5183,1,Индустриальные и средние города,1.0,False
1641,Кормиловский муниципальный район,Омская область,0,Малые сельские МО,0,1.0,0.3665,1,Индустриальные и средние города,1.0,False
1642,Крутинский муниципальный район,Омская область,0,Малые сельские МО,0,1.0,0.7171,1,Индустриальные и средние города,1.0,False
1643,Любинский муниципальный район,Омская область,0,Малые сельские МО,0,0.5455,0.1341,1,Индустриальные и средние города,1.0,False
1644,Марьяновский муниципальный район,Омская область,0,Малые сельские МО,0,1.0,0.4387,1,Индустриальные и средние города,1.0,False
1645,Москаленский муниципальный район,Омская область,0,Малые сельские МО,0,1.0,0.4836,1,Индустриальные и средние города,1.0,False
1646,Муромцевский муниципальный район,Омская область,0,Малые сельские МО,0,1.0,0.7203,1,Индустриальные и средние города,1.0,False
1647,Называевский муниципальный район,Омская область,0,Малые сельские МО,0,1.0,0.5955,1,Индустриальные и средние города,1.0,False
1648,Нижнеомский муниципальный район,Омская область,0,Малые сельские МО,0,1.0,0.6332,1,Индустриальные и средние города,1.0,False
1649,Нововаршавский муниципальный район,Омская область,0,Малые сельские МО,0,1.0,0.3549,1,Индустриальные и средние города,1.0,False
1650,Одесский муниципальный район,Омская область,0,Малые сельские МО,0,1.0,0.5466,1,Индустриальные и средние города,1.0,False
1651,Оконешниковский муниципальный район,Омская область,0,Малые сельские МО,0,1.0,0.6076,1,Индустриальные и средние города,1.0,False
1652,Омский муниципальный район,Омская область,1,Индустриальные и средние города,1,1.0,0.67,0,Малые сельские МО,1.0,False
1653,Павлоградский муниципальный район,Омская область,0,Малые сельские МО,0,1.0,0.4122,1,Индустриальные и средние города,1.0,False
1654,Полтавский муниципальный район,Омская область,0,Малые сельские МО,0,1.0,0.5546,1,Индустриальные и средние города,1.0,False
1655,Русско-Полянский муниципальный район,Омская область,0,Малые сельские МО,0,1.0,0.6377,1,Индустриальные и средние города,1.0,False
1656,Саргатский муниципальный район,Омская область,0,Малые сельские МО,0,1.0,0.7147,1,Индустриальные и средние города,1.0,False
1657,Седельниковский муниципальный район,Омская область,0,Малые сельские МО,0,1.0,0.6169,1,Индустриальные и средние города,1.0,False
1658,Таврический муниципальный район,Омская область,0,Малые сельские МО,0,1.0,0.4908,1,Индустриальные и средние города,1.0,False
1659,Тарский муниципальный район,Омская область,0,Малые сельские МО,0,0.5455,0.1002,1,Индустриальные и средние города,1.0,False
1660,Тевризский муниципальный район,Омская область,0,Малые сельские МО,0,1.0,0.7054,1,Индустриальные и средние города,1.0,False
1661,Тюкалинский муниципальный район,Омская область,0,Малые сельские МО,0,1.0,0.6605,1,Индустриальные и средние города,1.0,False
1662,Усть-Ишимский муниципальный район,Омская область,0,Малые сельские МО,0,0.6364,0.2191,3,Ресурсный Север и Дальний Восток,1.0,False
1663,Черлакский муниципальный район,Омская область,0,Малые сельские МО,0,1.0,0.6826,1,Индустриальные и средние города,1.0,False
1664,Шербакульский муниципальный район,Омская область,0,Малые сельские МО,0,1.0,0.6013,1,Индустриальные и средние города,1.0,False
1665,городской округ город Оренбург,Оренбургская область,2,Столичные агломерации,2,1.0,0.1525,1,Индустриальные и средние города,1.0,False
1666,городской округ Абдулинский,Оренбургская область,1,Индустриальные и средние города,1,1.0,0.0339,0,Малые сельские МО,0.875,False
1667,городской округ город Бугуруслан,Оренбургская область,1,Индустриальные и средние города,1,1.0,0.6057,0,Малые сельские МО,1.0,False
1668,городской округ город Бузулук,Оренбургская область,1,Индустриальные и средние города,1,1.0,0.3178,2,Столичные агломерации,1.0,False
1669,городской округ Гайский,Оренбургская область,1,Индустриальные и средние города,1,1.0,0.1394,0,Малые сельские МО,1.0,False
167,городской округ Нальчик,Кабардино-Балкарская Республика,1,Индустриальные и средние города,1,1.0,0.1774,2,Столичные агломерации,0.9333,False
1670,городской округ Кувандыкский,Оренбургская область,1,Индустриальные и средние города,1,1.0,0.1793,0,Малые сельские МО,1.0,False
1671,городской округ город Медногорск,Оренбургская область,1,Индустриальные и средние города,1,1.0,0.3722,0,Малые сельские МО,1.0,False
1672,городской округ город Новотроицк,Оренбургская область,1,Индустриальные и средние города,1,1.0,0.4582,2,Столичные агломерации,1.0,False
1673,городской округ город Орск,Оренбургская область,1,Индустриальные и средние города,1,1.0,0.7168,2,Столичные агломерации,1.0,False
1674,городской округ Соль-Илецкий,Оренбургская область,1,Индустриальные и средние города,1,1.0,0.313,0,Малые сельские МО,1.0,False
1675,городской округ Сорочинский,Оренбургская область,1,Индустриальные и средние города,1,1.0,0.4036,0,Малые сельские МО,1.0,False
1676,городской округ Ясненский,Оренбургская область,1,Индустриальные и средние города,1,1.0,0.0392,0,Малые сельские МО,0.7647,False
1678,Адамовский муниципальный район,Оренбургская область,0,Малые сельские МО,0,1.0,0.6286,1,Индустриальные и средние города,1.0,False
1679,Акбулакский муниципальный район,Оренбургская область,0,Малые сельские МО,0,1.0,0.5329,1,Индустриальные и средние города,1.0,False
168,городской округ Баксан,Кабардино-Балкарская Республика,0,Малые сельские МО,0,1.0,0.1306,1,Индустриальные и средние города,1.0,False
1680,Александровский муниципальный район,Оренбургская область,0,Малые сельские МО,0,1.0,0.6599,1,Индустриальные и средние города,1.0,False
1681,Асекеевский муниципальный район,Оренбургская область,0,Малые сельские МО,0,1.0,0.715,1,Индустриальные и средние города,1.0,False
1682,Беляевский муниципальный район,Оренбургская область,0,Малые сельские МО,0,1.0,0.3726,1,Индустриальные и средние города,1.0,False
1683,Бугурусланский муниципальный район,Оренбургская область,1,Индустриальные и средние города,1,1.0,0.1068,0,Малые сельские МО,1.0,False
1685,Грачёвский муниципальный район,Оренбургская область,0,Малые сельские МО,0,1.0,0.593,1,Индустриальные и средние города,1.0,False
1686,Домбаровский муниципальный район,Оренбургская область,0,Малые сельские МО,0,1.0,0.1733,1,Индустриальные и средние города,1.0,False
1687,Илекский муниципальный район,Оренбургская область,0,Малые сельские МО,0,1.0,0.6209,1,Индустриальные и средние города,1.0,False
1688,Кваркенский муниципальный район,Оренбургская область,0,Малые сельские МО,0,1.0,0.5339,1,Индустриальные и средние города,1.0,False
1689,Красногвардейский муниципальный район,Оренбургская область,0,Малые сельские МО,0,1.0,0.7385,1,Индустриальные и средние города,1.0,False
169,городской округ Прохладный,Кабардино-Балкарская Республика,1,Индустриальные и средние города,1,1.0,0.255,0,Малые сельские МО,1.0,False
1690,Курманаевский муниципальный район,Оренбургская область,0,Малые сельские МО,0,1.0,0.4872,1,Индустриальные и средние города,1.0,False
1691,Матвеевский муниципальный район,Оренбургская область,0,Малые сельские МО,0,1.0,0.7318,1,Индустриальные и средние города,1.0,False
1692,Новоорский муниципальный район,Оренбургская область,0,Малые сельские МО,0,0.6818,0.0304,1,Индустриальные и средние города,0.4444,True
1693,Новосергиевский муниципальный район,Оренбургская область,0,Малые сельские МО,0,1.0,0.217,1,Индустриальные и средние города,1.0,False
1694,Октябрьский муниципальный район,Оренбургская область,0,Малые сельские МО,0,1.0,0.3269,1,Индустриальные и средние города,1.0,False
1696,Первомайский муниципальный район,Оренбургская область,0,Малые сельские МО,0,1.0,0.6403,1,Индустриальные и средние города,1.0,False
1697,Переволоцкий муниципальный район,Оренбургская область,0,Малые сельские МО,0,1.0,0.5663,1,Индустриальные и средние города,1.0,False
1698,Пономарёвский муниципальный район,Оренбургская область,0,Малые сельские МО,0,1.0,0.6271,1,Индустриальные и средние города,1.0,False
1699,Сакмарский муниципальный район,Оренбургская область,0,Малые сельские МО,0,1.0,0.3537,1,Индустриальные и средние города,1.0,False
17,Усть-Коксинский муниципальный район,Республика Алтай,0,Малые сельские МО,0,1.0,0.0754,1,Индустриальные и средние города,0.5556,True
1700,Саракташский муниципальный район,Оренбургская область,0,Малые сельские МО,0,1.0,0.3729,1,Индустриальные и средние города,1.0,False
1701,Светлинский муниципальный район,Оренбургская область,0,Малые сельские МО,0,1.0,0.3325,1,Индустриальные и средние города,1.0,False
1702,Северный муниципальный район,Оренбургская область,0,Малые сельские МО,0,1.0,0.3963,1,Индустриальные и средние города,1.0,False
1703,Ташлинский муниципальный район,Оренбургская область,0,Малые сельские МО,0,1.0,0.2356,1,Индустриальные и средние города,1.0,False
1704,Тоцкий муниципальный район,Оренбургская область,1,Индустриальные и средние города,1,1.0,0.2957,0,Малые сельские МО,1.0,False
1705,Тюльганский муниципальный район,Оренбургская область,0,Малые сельские МО,0,1.0,0.5797,1,Индустриальные и средние города,1.0,False
1706,Шарлыкский муниципальный район,Оренбургская область,0,Малые сельские МО,0,1.0,0.5242,1,Индустриальные и средние города,1.0,False
1707,городской округ город Орёл,Орловская область,2,Столичные агломерации,2,1.0,0.1073,1,Индустриальные и средние города,1.0,False
1708,городской округ город Ливны,Орловская область,1,Индустриальные и средние города,1,1.0,0.4665,0,Малые сельские МО,1.0,False
1709,городской округ город Мценск,Орловская область,1,Индустриальные и средние города,1,1.0,0.5654,0,Малые сельские МО,1.0,False
1710,Болховский муниципальный район,Орловская область,0,Малые сельские МО,0,1.0,0.5536,1,Индустриальные и средние города,1.0,False
1711,Верховский муниципальный район,Орловская область,0,Малые сельские МО,0,1.0,0.3585,1,Индустриальные и средние города,1.0,False
1712,Глазуновский муниципальный район,Орловская область,0,Малые сельские МО,0,1.0,0.4932,1,Индустриальные и средние города,1.0,False
1714,Должанский муниципальный район,Орловская область,0,Малые сельские МО,0,1.0,0.4773,1,Индустриальные и средние города,1.0,False
1715,Залегощенский муниципальный район,Орловская область,0,Малые сельские МО,0,1.0,0.4397,1,Индустриальные и средние города,1.0,False
1717,Колпнянский муниципальный район,Орловская область,0,Малые сельские МО,0,1.0,0.4577,1,Индустриальные и средние города,1.0,False
1718,Краснозоренский муниципальный район,Орловская область,0,Малые сельские МО,0,1.0,0.4851,1,Индустриальные и средние города,1.0,False
1719,Кромской муниципальный район,Орловская область,0,Малые сельские МО,0,1.0,0.1098,1,Индустриальные и средние города,1.0,False
1722,Малоархангельский муниципальный район,Орловская область,0,Малые сельские МО,0,1.0,0.5717,1,Индустриальные и средние города,1.0,False
1724,Новодеревеньковский муниципальный район,Орловская область,0,Малые сельские МО,0,1.0,0.544,1,Индустриальные и средние города,1.0,False
1725,Новосильский муниципальный район,Орловская область,0,Малые сельские МО,0,1.0,0.6992,1,Индустриальные и средние города,1.0,False
1726,муниципальный округ Орловский,Орловская область,1,Индустриальные и средние города,1,1.0,0.2871,2,Столичные агломерации,1.0,False
1727,Покровский муниципальный район,Орловская область,0,Малые сельские МО,0,1.0,0.4445,1,Индустриальные и средние города,1.0,False
1728,Свердловский муниципальный район,Орловская область,0,Малые сельские МО,0,1.0,0.4242,1,Индустриальные и средние города,1.0,False
173,Майский муниципальный район,Кабардино-Балкарская Республика,0,Малые сельские МО,0,1.0,0.3979,1,Индустриальные и средние города,1.0,False
1730,Троснянский муниципальный район,Орловская область,0,Малые сельские МО,0,1.0,0.3885,1,Индустриальные и средние города,1.0,False
1731,Урицкий муниципальный район,Орловская область,0,Малые сельские МО,0,1.0,0.1998,1,Индустриальные и средние города,1.0,False
1732,Хотынецкий муниципальный район,Орловская область,0,Малые сельские МО,0,1.0,0.5524,1,Индустриальные и средние города,1.0,False
1733,Шаблыкинский муниципальный район,Орловская область,0,Малые сельские МО,0,1.0,0.4155,1,Индустриальные и средние города,1.0,False
1737,Башмаковский муниципальный район,Пензенская область,0,Малые сельские МО,0,1.0,0.3323,1,Индустриальные и средние города,1.0,False
1738,Бековский муниципальный район,Пензенская область,0,Малые сельские МО,0,1.0,0.0915,1,Индустриальные и средние города,1.0,False
1739,Белинский муниципальный район,Пензенская область,0,Малые сельские МО,0,1.0,0.4653,1,Индустриальные и средние города,1.0,False
1740,Бессоновский муниципальный район,Пензенская область,1,Индустриальные и средние города,1,1.0,0.3533,0,Малые сельские МО,1.0,False
1741,Вадинский муниципальный район,Пензенская область,0,Малые сельские МО,0,1.0,0.5703,1,Индустриальные и средние города,1.0,False
1742,Городищенский муниципальный район,Пензенская область,0,Малые сельские МО,0,1.0,0.1396,1,Индустриальные и средние города,1.0,False
1743,Земетчинский муниципальный район,Пензенская область,0,Малые сельские МО,0,1.0,0.3923,1,Индустриальные и средние города,1.0,False
1744,Иссинский муниципальный район,Пензенская область,0,Малые сельские МО,0,1.0,0.5455,1,Индустриальные и средние города,1.0,False
1745,Каменский муниципальный район,Пензенская область,0,Малые сельские МО,0,1.0,0.2771,1,Индустриальные и средние города,1.0,False
1746,Камешкирский муниципальный район,Пензенская область,0,Малые сельские МО,0,1.0,0.6367,1,Индустриальные и средние города,1.0,False
1747,Колышлейский муниципальный район,Пензенская область,0,Малые сельские МО,0,1.0,0.4438,1,Индустриальные и средние города,1.0,False
1749,Лопатинский муниципальный район,Пензенская область,0,Малые сельские МО,0,1.0,0.6301,1,Индустриальные и средние города,1.0,False
1750,Лунинский муниципальный район,Пензенская область,0,Малые сельские МО,0,1.0,0.6087,1,Индустриальные и средние города,1.0,False
1751,Малосердобинский муниципальный район,Пензенская область,0,Малые сельские МО,0,1.0,0.6402,1,Индустриальные и средние города,1.0,False
1752,Мокшанский муниципальный район,Пензенская область,0,Малые сельские МО,0,1.0,0.3647,1,Индустриальные и средние города,1.0,False
1753,Наровчатский муниципальный район,Пензенская область,0,Малые сельские МО,0,1.0,0.4537,1,Индустриальные и средние города,1.0,False
1754,Неверкинский муниципальный район,Пензенская область,0,Малые сельские МО,0,1.0,0.6421,1,Индустриальные и средние города,1.0,False
1755,Нижнеломовский муниципальный район,Пензенская область,0,Малые сельские МО,0,1.0,0.0934,1,Индустриальные и средние города,0.625,True
1756,Никольский муниципальный район,Пензенская область,0,Малые сельские МО,0,1.0,0.2725,1,Индустриальные и средние города,1.0,False
1757,Пачелмский муниципальный район,Пензенская область,0,Малые сельские МО,0,1.0,0.6032,1,Индустриальные и средние города,1.0,False
1758,Пензенский муниципальный район,Пензенская область,1,Индустриальные и средние города,1,1.0,0.3211,2,Столичные агломерации,1.0,False
1759,Сердобский муниципальный район,Пензенская область,0,Малые сельские МО,0,1.0,0.2216,1,Индустриальные и средние города,1.0,False
1760,Сосновоборский муниципальный район,Пензенская область,0,Малые сельские МО,0,1.0,0.5498,1,Индустриальные и средние города,1.0,False
1761,Спасский муниципальный район,Пензенская область,0,Малые сельские МО,0,1.0,0.538,1,Индустриальные и средние города,1.0,False
1762,Тамалинский муниципальный район,Пензенская область,0,Малые сельские МО,0,1.0,0.4958,1,Индустриальные и средние города,1.0,False
1764,городской округ город Псков,Псковская область,2,Столичные агломерации,1,0.6364,0.1361,1,Индустриальные и средние города,0.5294,True
1765,городской округ город Великие Луки,Псковская область,1,Индустриальные и средние города,1,1.0,0.4849,2,Столичные агломерации,1.0,False
1766,Бежаницкий муниципальный район,Псковская область,0,Малые сельские МО,0,1.0,0.402,1,Индустриальные и средние города,1.0,False
1768,Гдовский муниципальный район,Псковская область,0,Малые сельские МО,0,1.0,0.3349,1,Индустриальные и средние города,1.0,False
1769,Дедовичский муниципальный район,Псковская область,0,Малые сельские МО,0,1.0,0.3197,1,Индустриальные и средние города,1.0,False
1770,Дновский муниципальный район,Псковская область,1,Индустриальные и средние города,1,1.0,0.2128,0,Малые сельские МО,1.0,False
1771,Красногородский муниципальный район,Псковская область,0,Малые сельские МО,0,1.0,0.4108,1,Индустриальные и средние города,1.0,False
1773,Локнянский муниципальный район,Псковская область,0,Малые сельские МО,0,1.0,0.7039,1,Индустриальные и средние города,1.0,False
1774,Невельский муниципальный район,Псковская область,0,Малые сельские МО,0,1.0,0.5817,1,Индустриальные и средние города,1.0,False
1775,Новоржевский муниципальный район,Псковская область,0,Малые сельские МО,0,1.0,0.3857,1,Индустриальные и средние города,1.0,False
1776,Новосокольнический муниципальный район,Псковская область,0,Малые сельские МО,0,1.0,0.2951,1,Индустриальные и средние города,1.0,False
1777,Опочецкий муниципальный район,Псковская область,0,Малые сельские МО,0,1.0,0.5048,1,Индустриальные и средние города,1.0,False
1778,Островский муниципальный район,Псковская область,1,Индустриальные и средние города,1,1.0,0.1328,0,Малые сельские МО,1.0,False
1780,Печорский муниципальный район,Псковская область,0,Малые сельские МО,0,1.0,0.4795,1,Индустриальные и средние города,1.0,False
1781,Плюсский муниципальный район,Псковская область,0,Малые сельские МО,0,1.0,0.4127,1,Индустриальные и средние города,1.0,False
1782,Порховский муниципальный район,Псковская область,0,Малые сельские МО,0,1.0,0.4314,1,Индустриальные и средние города,1.0,False
1783,Псковский муниципальный район,Псковская область,1,Индустриальные и средние города,1,1.0,0.4157,2,Столичные агломерации,1.0,False
1784,Пустошкинский муниципальный район,Псковская область,0,Малые сельские МО,0,1.0,0.6241,1,Индустриальные и средние города,1.0,False
1785,Пушкиногорский муниципальный район,Псковская область,0,Малые сельские МО,0,1.0,0.5568,1,Индустриальные и средние города,1.0,False
1786,Пыталовский муниципальный район,Псковская область,0,Малые сельские МО,0,1.0,0.249,1,Индустриальные и средние города,1.0,False
1787,Себежский муниципальный район,Псковская область,0,Малые сельские МО,0,1.0,0.3087,1,Индустриальные и средние города,1.0,False
1788,Струго-Красненский муниципальный район,Псковская область,0,Малые сельские МО,0,1.0,0.1768,1,Индустриальные и средние города,1.0,False
18,Чемальский муниципальный район,Республика Алтай,0,Малые сельские МО,0,1.0,0.1898,1,Индустриальные и средние города,0.6875,True
181,Городовиковский муниципальный район,Республика Калмыкия,0,Малые сельские МО,0,1.0,0.6915,1,Индустриальные и средние города,1.0,False
184,Лаганский муниципальный район,Республика Калмыкия,0,Малые сельские МО,0,1.0,0.6487,1,Индустриальные и средние города,1.0,False
1845,городской округ город Рязань,Рязанская область,2,Столичные агломерации,2,1.0,0.0988,1,Индустриальные и средние города,1.0,False
1846,городской округ город Касимов,Рязанская область,1,Индустриальные и средние города,1,1.0,0.3903,0,Малые сельские МО,1.0,False
1848,городской округ город Скопин,Рязанская область,0,Малые сельские МО,0,1.0,0.5306,1,Индустриальные и средние города,1.0,False
1849,Ермишинский муниципальный район,Рязанская область,0,Малые сельские МО,0,1.0,0.4364,1,Индустриальные и средние города,1.0,False
185,Малодербетовский муниципальный район,Республика Калмыкия,0,Малые сельские МО,0,1.0,0.6029,1,Индустриальные и средние города,1.0,False
1850,Захаровский муниципальный район,Рязанская область,0,Малые сельские МО,0,1.0,0.507,1,Индустриальные и средние города,1.0,False
1851,Кадомский муниципальный район,Рязанская область,0,Малые сельские МО,0,1.0,0.4946,1,Индустриальные и средние города,1.0,False
1852,Касимовский муниципальный район,Рязанская область,0,Малые сельские МО,0,1.0,0.1987,1,Индустриальные и средние города,1.0,False
1853,Клепиковский муниципальный район,Рязанская область,0,Малые сельские МО,0,1.0,0.5778,1,Индустриальные и средние города,1.0,False
1854,Кораблинский муниципальный район,Рязанская область,0,Малые сельские МО,0,1.0,0.5356,1,Индустриальные и средние города,1.0,False
1855,Милославский муниципальный район,Рязанская область,0,Малые сельские МО,0,1.0,0.6106,1,Индустриальные и средние города,1.0,False
1856,Михайловский муниципальный район,Рязанская область,0,Малые сельские МО,0,1.0,0.2643,1,Индустриальные и средние города,1.0,False
1857,Александро-Невский муниципальный район,Рязанская область,0,Малые сельские МО,0,1.0,0.3812,1,Индустриальные и средние города,1.0,False
1858,Пителинский муниципальный район,Рязанская область,0,Малые сельские МО,0,1.0,0.3893,1,Индустриальные и средние города,1.0,False
1859,Пронский муниципальный район,Рязанская область,1,Индустриальные и средние города,1,1.0,0.1528,0,Малые сельские МО,1.0,False
1860,Путятинский муниципальный район,Рязанская область,0,Малые сельские МО,0,1.0,0.5182,1,Индустриальные и средние города,1.0,False
1861,Рыбновский муниципальный район,Рязанская область,1,Индустриальные и средние города,1,1.0,0.4075,2,Столичные агломерации,1.0,False
1862,Ряжский муниципальный район,Рязанская область,0,Малые сельские МО,0,1.0,0.2825,1,Индустриальные и средние города,1.0,False
1863,Рязанский муниципальный район,Рязанская область,1,Индустриальные и средние города,1,1.0,0.613,2,Столичные агломерации,1.0,False
1864,Сапожковский муниципальный район,Рязанская область,0,Малые сельские МО,0,1.0,0.5442,1,Индустриальные и средние города,1.0,False
1865,Сараевский муниципальный район,Рязанская область,0,Малые сельские МО,0,1.0,0.499,1,Индустриальные и средние города,1.0,False
1868,Спасский муниципальный район,Рязанская область,0,Малые сельские МО,0,1.0,0.6444,1,Индустриальные и средние города,1.0,False
1869,Старожиловский муниципальный район,Рязанская область,0,Малые сельские МО,0,1.0,0.4608,1,Индустриальные и средние города,1.0,False
1870,Ухоловский муниципальный район,Рязанская область,0,Малые сельские МО,0,1.0,0.4855,1,Индустриальные и средние города,1.0,False
1871,Чучковский муниципальный район,Рязанская область,0,Малые сельские МО,0,1.0,0.4292,1,Индустриальные и средние города,1.0,False
1872,Шацкий муниципальный район,Рязанская область,0,Малые сельские МО,0,1.0,0.5392,1,Индустриальные и средние города,1.0,False
1873,Шиловский муниципальный район,Рязанская область,0,Малые сельские МО,0,1.0,0.4075,1,Индустриальные и средние города,1.0,False
1874,городской округ Самара,Самарская область,2,Столичные агломерации,2,1.0,0.3676,1,Индустриальные и средние города,1.0,False
1875,городской округ Жигулевск,Самарская область,1,Индустриальные и средние города,1,1.0,0.4339,2,Столичные агломерации,1.0,False
1876,городской округ Кинель,Самарская область,1,Индустриальные и средние города,1,1.0,0.299,2,Столичные агломерации,1.0,False
1877,городской округ Новокуйбышевск,Самарская область,1,Индустриальные и средние города,1,1.0,0.3287,2,Столичные агломерации,1.0,False
1878,городской округ Октябрьск,Самарская область,1,Индустриальные и средние города,1,1.0,0.0369,0,Малые сельские МО,0.6111,True
1879,городской округ Отрадный,Самарская область,1,Индустриальные и средние города,1,1.0,0.481,0,Малые сельские МО,1.0,False
188,Сарпинский муниципальный район,Республика Калмыкия,0,Малые сельские МО,0,1.0,0.5893,1,Индустриальные и средние города,1.0,False
1880,городской округ Похвистнево,Самарская область,1,Индустриальные и средние города,1,1.0,0.1077,0,Малые сельские МО,0.9444,False
1881,городской округ Сызрань,Самарская область,1,Индустриальные и средние города,1,1.0,0.3808,2,Столичные агломерации,1.0,False
1883,городской округ Чапаевск,Самарская область,1,Индустриальные и средние города,1,1.0,0.5424,2,Столичные агломерации,1.0,False
1884,Алексеевский муниципальный район,Самарская область,0,Малые сельские МО,0,1.0,0.6238,1,Индустриальные и средние города,1.0,False
1885,Безенчукский муниципальный район,Самарская область,1,Индустриальные и средние города,1,1.0,0.4683,0,Малые сельские МО,1.0,False
1886,Богатовский муниципальный район,Самарская область,0,Малые сельские МО,0,1.0,0.5243,1,Индустриальные и средние города,1.0,False
1887,Большеглушицкий муниципальный район,Самарская область,0,Малые сельские МО,0,1.0,0.7102,1,Индустриальные и средние города,1.0,False
1888,Большечерниговский муниципальный район,Самарская область,0,Малые сельские МО,0,1.0,0.2755,1,Индустриальные и средние города,1.0,False
1889,Борский муниципальный район,Самарская область,0,Малые сельские МО,0,1.0,0.6273,1,Индустриальные и средние города,1.0,False
1890,Волжский муниципальный район,Самарская область,1,Индустриальные и средние города,1,1.0,0.1027,2,Столичные агломерации,0.8667,False
1891,Елховский муниципальный район,Самарская область,0,Малые сельские МО,0,1.0,0.7616,1,Индустриальные и средние города,1.0,False
1892,Исаклинский муниципальный район,Самарская область,0,Малые сельские МО,0,1.0,0.6529,1,Индустриальные и средние города,1.0,False
1893,Камышлинский муниципальный район,Самарская область,0,Малые сельские МО,0,1.0,0.5285,1,Индустриальные и средние города,1.0,False
1894,Кинельский муниципальный район,Самарская область,1,Индустриальные и средние города,1,1.0,0.136,0,Малые сельские МО,0.8667,False
1895,Кинель-Черкасский муниципальный район,Самарская область,0,Малые сельские МО,0,1.0,0.4113,1,Индустриальные и средние города,1.0,False
1896,Клявлинский муниципальный район,Самарская область,0,Малые сельские МО,0,1.0,0.6734,1,Индустриальные и средние города,1.0,False
1897,Кошкинский муниципальный район,Самарская область,0,Малые сельские МО,0,1.0,0.5779,1,Индустриальные и средние города,1.0,False
1898,Красноармейский муниципальный район,Самарская область,0,Малые сельские МО,0,1.0,0.5553,1,Индустриальные и средние города,1.0,False
1899,Красноярский муниципальный район,Самарская область,1,Индустриальные и средние города,1,1.0,0.3778,0,Малые сельские МО,1.0,False
19,Чойский муниципальный район,Республика Алтай,0,Малые сельские МО,0,1.0,0.4129,1,Индустриальные и средние города,1.0,False
1900,Нефтегорский муниципальный район,Самарская область,1,Индустриальные и средние города,1,1.0,0.2516,0,Малые сельские МО,1.0,False
1901,Пестравский муниципальный район,Самарская область,0,Малые сельские МО,0,1.0,0.6125,1,Индустриальные и средние города,1.0,False
1902,Похвистневский муниципальный район,Самарская область,0,Малые сельские МО,0,1.0,0.5687,1,Индустриальные и средние города,1.0,False
1903,Приволжский муниципальный район,Самарская область,0,Малые сельские МО,0,1.0,0.685,1,Индустриальные и средние города,1.0,False
1904,Сергиевский муниципальный район,Самарская область,0,Малые сельские МО,0,1.0,0.2046,1,Индустриальные и средние города,1.0,False
1905,Ставропольский муниципальный район,Самарская область,1,Индустриальные и средние города,1,1.0,0.2076,2,Столичные агломерации,1.0,False
1906,Сызранский муниципальный район,Самарская область,1,Индустриальные и средние города,1,1.0,0.3244,0,Малые сельские МО,1.0,False
1907,Хворостянский муниципальный район,Самарская область,0,Малые сельские МО,0,1.0,0.7183,1,Индустриальные и средние города,1.0,False
1908,Челно-Вершинский муниципальный район,Самарская область,0,Малые сельские МО,0,1.0,0.6382,1,Индустриальные и средние города,1.0,False
1909,Шенталинский муниципальный район,Самарская область,0,Малые сельские МО,0,1.0,0.6628,1,Индустриальные и средние города,1.0,False
191,Юстинский муниципальный район,Республика Калмыкия,0,Малые сельские МО,0,1.0,0.5734,1,Индустриальные и средние города,1.0,False
1910,Шигонский муниципальный район,Самарская область,0,Малые сельские МО,0,1.0,0.3538,1,Индустриальные и средние города,1.0,False
1912,городской округ город Шиханы,Саратовская область,0,Малые сельские МО,0,1.0,0.2325,1,Индустриальные и средние города,1.0,False
1915,Александрово-Гайский муниципальный район,Саратовская область,0,Малые сельские МО,0,1.0,0.653,1,Индустриальные и средние города,1.0,False
1916,Аркадакский муниципальный район,Саратовская область,0,Малые сельские МО,0,1.0,0.4748,1,Индустриальные и средние города,1.0,False
1917,Аткарский муниципальный район,Саратовская область,0,Малые сельские МО,0,1.0,0.4356,1,Индустриальные и средние города,1.0,False
1918,Базарно-Карабулакский муниципальный район,Саратовская область,0,Малые сельские МО,0,1.0,0.6661,1,Индустриальные и средние города,1.0,False
1919,Балаковский муниципальный район,Саратовская область,1,Индустриальные и средние города,1,1.0,0.2886,2,Столичные агломерации,1.0,False
1920,Балашовский муниципальный район,Саратовская область,1,Индустриальные и средние города,1,1.0,0.2987,0,Малые сельские МО,1.0,False
1921,Балтайский муниципальный район,Саратовская область,0,Малые сельские МО,0,1.0,0.6576,1,Индустриальные и средние города,1.0,False
1922,Вольский муниципальный район,Саратовская область,1,Индустриальные и средние города,1,1.0,0.4292,0,Малые сельские МО,1.0,False
1923,Воскресенский муниципальный район,Саратовская область,0,Малые сельские МО,0,1.0,0.5227,1,Индустриальные и средние города,1.0,False
1924,Дергачевский муниципальный район,Саратовская область,0,Малые сельские МО,0,1.0,0.5686,1,Индустриальные и средние города,1.0,False
1925,Духовницкий муниципальный район,Саратовская область,0,Малые сельские МО,0,1.0,0.6281,1,Индустриальные и средние города,1.0,False
1926,Екатериновский муниципальный район,Саратовская область,0,Малые сельские МО,0,1.0,0.5593,1,Индустриальные и средние города,1.0,False
1927,Ершовский муниципальный район,Саратовская область,0,Малые сельские МО,0,1.0,0.1787,1,Индустриальные и средние города,1.0,False
1928,Ивантеевский муниципальный район,Саратовская область,0,Малые сельские МО,0,1.0,0.4702,1,Индустриальные и средние города,1.0,False
1929,Калининский муниципальный район,Саратовская область,0,Малые сельские МО,0,1.0,0.5276,1,Индустриальные и средние города,1.0,False
1930,Красноармейский муниципальный район,Саратовская область,0,Малые сельские МО,0,1.0,0.5939,1,Индустриальные и средние города,1.0,False
1931,Краснокутский муниципальный район,Саратовская область,0,Малые сельские МО,0,1.0,0.5023,1,Индустриальные и средние города,1.0,False
1932,Краснопартизанский муниципальный район,Саратовская область,0,Малые сельские МО,0,1.0,0.562,1,Индустриальные и средние города,1.0,False
1933,Лысогорский муниципальный район,Саратовская область,0,Малые сельские МО,0,1.0,0.6777,1,Индустриальные и средние города,1.0,False
1934,Марксовский муниципальный район,Саратовская область,1,Индустриальные и средние города,1,1.0,0.1445,0,Малые сельские МО,1.0,False
1935,Новобурасский муниципальный район,Саратовская область,0,Малые сельские МО,0,1.0,0.5744,1,Индустриальные и средние города,1.0,False
1936,Новоузенский муниципальный район,Саратовская область,0,Малые сельские МО,0,1.0,0.2262,1,Индустриальные и средние города,1.0,False
1937,Озинский муниципальный район,Саратовская область,0,Малые сельские МО,0,1.0,0.6229,1,Индустриальные и средние города,1.0,False
1938,Перелюбский муниципальный район,Саратовская область,0,Малые сельские МО,0,1.0,0.5517,1,Индустриальные и средние города,1.0,False
1939,Петровский муниципальный район,Саратовская область,0,Малые сельские МО,0,1.0,0.2785,1,Индустриальные и средние города,1.0,False
194,городской округ Черкесский,Карачаево-Черкесская Республика,1,Индустриальные и средние города,1,1.0,0.2606,0,Малые сельские МО,1.0,False
1940,Питерский муниципальный район,Саратовская область,0,Малые сельские МО,0,1.0,0.5591,1,Индустриальные и средние города,1.0,False
1941,Пугачевский муниципальный район,Саратовская область,1,Индустриальные и средние города,1,0.7273,0.0768,0,Малые сельские МО,0.7222,True
1942,Ровенский муниципальный район,Саратовская область,0,Малые сельские МО,0,1.0,0.6321,1,Индустриальные и средние города,1.0,False
1943,Романовский муниципальный район,Саратовская область,0,Малые сельские МО,0,1.0,0.5941,1,Индустриальные и средние города,1.0,False
1944,Ртищевский муниципальный район,Саратовская область,1,Индустриальные и средние города,1,1.0,0.0548,0,Малые сельские МО,0.7857,False
1945,Самойловский муниципальный район,Саратовская область,0,Малые сельские МО,0,1.0,0.5574,1,Индустриальные и средние города,1.0,False
1947,Советский муниципальный район,Саратовская область,0,Малые сельские МО,0,1.0,0.3999,1,Индустриальные и средние города,1.0,False
1948,Татищевский муниципальный район,Саратовская область,0,Малые сельские МО,0,1.0,0.156,1,Индустриальные и средние города,1.0,False
1949,Турковский муниципальный район,Саратовская область,0,Малые сельские МО,0,1.0,0.5318,1,Индустриальные и средние города,1.0,False
195,городской округ Карачаевский,Карачаево-Черкесская Республика,0,Малые сельские МО,0,1.0,0.1924,1,Индустриальные и средние города,1.0,False
1950,Федоровский муниципальный район,Саратовская область,0,Малые сельские МО,0,1.0,0.3714,1,Индустриальные и средние города,1.0,False
1951,Хвалынский муниципальный район,Саратовская область,0,Малые сельские МО,0,1.0,0.5407,1,Индустриальные и средние города,1.0,False
1952,Энгельсский муниципальный район,Саратовская область,1,Индустриальные и средние города,1,1.0,0.4662,2,Столичные агломерации,1.0,False
1954,городской округ Александровск-Сахалинский район,Сахалинская область,3,Ресурсный Север и Дальний Восток,3,1.0,0.099,0,Малые сельские МО,0.7778,False
1955,городской округ Анивский,Сахалинская область,3,Ресурсный Север и Дальний Восток,3,1.0,0.4274,1,Индустриальные и средние города,1.0,False
1956,городской округ Долинский,Сахалинская область,3,Ресурсный Север и Дальний Восток,3,1.0,0.2399,0,Малые сельские МО,1.0,False
1957,городской округ Корсаковский,Сахалинская область,3,Ресурсный Север и Дальний Восток,3,1.0,0.2041,1,Индустриальные и средние города,1.0,False
1958,городской округ Курильский,Сахалинская область,3,Ресурсный Север и Дальний Восток,3,1.0,0.6436,1,Индустриальные и средние города,1.0,False
1959,городской округ Макаровский,Сахалинская область,3,Ресурсный Север и Дальний Восток,3,1.0,0.2528,0,Малые сельские МО,1.0,False
196,Абазинский муниципальный район,Карачаево-Черкесская Республика,1,Индустриальные и средние города,1,1.0,0.0324,0,Малые сельские МО,0.9333,False
1960,городской округ Невельский,Сахалинская область,3,Ресурсный Север и Дальний Восток,3,1.0,0.2315,0,Малые сельские МО,1.0,False
1961,городской округ Ногликский,Сахалинская область,3,Ресурсный Север и Дальний Восток,1,0.7727,0.0682,1,Индустриальные и средние города,0.5,True
1962,городской округ Охинский,Сахалинская область,3,Ресурсный Север и Дальний Восток,3,1.0,0.2872,1,Индустриальные и средние города,0.8,False
1963,городской округ Поронайский,Сахалинская область,3,Ресурсный Север и Дальний Восток,3,1.0,0.4317,0,Малые сельские МО,1.0,False
1965,городской округ Смирныховский,Сахалинская область,3,Ресурсный Север и Дальний Восток,3,1.0,0.2764,0,Малые сельские МО,1.0,False
1966,городской округ Томаринский,Сахалинская область,3,Ресурсный Север и Дальний Восток,3,1.0,0.4016,0,Малые сельские МО,1.0,False
1967,городской округ Тымовский,Сахалинская область,3,Ресурсный Север и Дальний Восток,3,1.0,0.3243,0,Малые сельские МО,1.0,False
1968,городской округ Углегорский,Сахалинская область,3,Ресурсный Север и Дальний Восток,3,1.0,0.2573,1,Индустриальные и средние города,0.7143,True
1969,городской округ Холмский,Сахалинская область,3,Ресурсный Север и Дальний Восток,3,1.0,0.2325,0,Малые сельские МО,1.0,False
1970,городской округ Южно-Курильский,Сахалинская область,3,Ресурсный Север и Дальний Восток,3,1.0,0.5417,1,Индустриальные и средние города,1.0,False
1971,городской округ город Екатеринбург,Свердловская область,2,Столичные агломерации,2,1.0,0.4437,1,Индустриальные и средние города,1.0,False
1972,городской округ город Алапаевск,Свердловская область,1,Индустриальные и средние города,1,1.0,0.3722,0,Малые сельские МО,1.0,False
1973,городской округ Артемовский,Свердловская область,1,Индустриальные и средние города,1,1.0,0.526,0,Малые сельские МО,1.0,False
1974,городской округ Асбестовский,Свердловская область,1,Индустриальные и средние города,1,1.0,0.7935,2,Столичные агломерации,1.0,False
1975,городской округ Малышевский,Свердловская область,0,Малые сельские МО,0,1.0,0.1974,1,Индустриальные и средние города,1.0,False
1976,городской округ Рефтинский,Свердловская область,1,Индустриальные и средние города,1,1.0,0.2093,0,Малые сельские МО,1.0,False
1977,городской округ Березовский,Свердловская область,2,Столичные агломерации,2,1.0,0.1592,1,Индустриальные и средние города,1.0,False
1978,городской округ Богданович,Свердловская область,1,Индустриальные и средние города,1,1.0,0.8238,0,Малые сельские МО,1.0,False
1979,городской округ Верхняя Пышма,Свердловская область,2,Столичные агломерации,2,1.0,0.3212,1,Индустриальные и средние города,1.0,False
198,Зеленчукский муниципальный район,Карачаево-Черкесская Республика,0,Малые сельские МО,0,1.0,0.2812,1,Индустриальные и средние города,1.0,False
1980,городской округ Среднеуральск,Свердловская область,1,Индустриальные и средние города,1,1.0,0.2279,2,Столичные агломерации,1.0,False
1981,городской округ Верхнесалдинский,Свердловская область,1,Индустриальные и средние города,1,1.0,0.3825,2,Столичные агломерации,1.0,False
1982,городской округ Заречный,Свердловская область,1,Индустриальные и средние города,1,1.0,0.4303,0,Малые сельские МО,1.0,False
1983,городской округ Ивдельский,Свердловская область,1,Индустриальные и средние города,1,1.0,0.2777,0,Малые сельские МО,1.0,False
1984,городской округ Пелым,Свердловская область,1,Индустриальные и средние города,1,1.0,0.0913,0,Малые сельские МО,1.0,False
1985,городской округ город Ирбит,Свердловская область,1,Индустриальные и средние города,1,1.0,0.6972,0,Малые сельские МО,1.0,False
1986,городской округ город Каменск-Уральский,Свердловская область,1,Индустриальные и средние города,1,1.0,0.055,2,Столичные агломерации,0.9286,False
1987,городской округ Камышловский,Свердловская область,1,Индустриальные и средние города,1,1.0,0.4126,0,Малые сельские МО,1.0,False
1988,городской округ Карпинск,Свердловская область,0,Малые сельские МО,0,1.0,0.1124,1,Индустриальные и средние города,1.0,False
1989,городской округ Волчанский,Свердловская область,0,Малые сельские МО,0,1.0,0.278,1,Индустриальные и средние города,1.0,False
1990,городской округ Качканарский,Свердловская область,1,Индустриальные и средние города,1,1.0,0.27,3,Ресурсный Север и Дальний Восток,1.0,False
1991,городской округ Кировградский,Свердловская область,1,Индустриальные и средние города,1,1.0,0.3257,0,Малые сельские МО,1.0,False
1992,городской округ Верхний Тагил,Свердловская область,1,Индустриальные и средние города,1,1.0,0.2162,0,Малые сельские МО,1.0,False
1993,городской округ Краснотурьинск,Свердловская область,1,Индустриальные и средние города,1,1.0,0.6329,2,Столичные агломерации,1.0,False
1994,городской округ Красноуральск,Свердловская область,1,Индустриальные и средние города,1,1.0,0.1962,0,Малые сельские МО,1.0,False
1995,городской округ Красноуфимск,Свердловская область,1,Индустриальные и средние города,1,1.0,0.3065,2,Столичные агломерации,1.0,False
1996,городской округ Кушвинский,Свердловская область,1,Индустриальные и средние города,1,1.0,0.2316,0,Малые сельские МО,1.0,False
1997,городской округ Верхняя Тура,Свердловская область,1,Индустриальные и средние города,1,1.0,0.3391,0,Малые сельские МО,1.0,False
1999,городской округ Невьянский,Свердловская область,1,Индустриальные и средние города,1,1.0,0.8375,0,Малые сельские МО,1.0,False
2,городской округ город Адыгейск,Республика Адыгея,0,Малые сельские МО,0,1.0,0.1978,1,Индустриальные и средние города,1.0,False
20,Шебалинский муниципальный район,Республика Алтай,0,Малые сельские МО,0,1.0,0.1028,3,Ресурсный Север и Дальний Восток,0.6154,True
2000,городской округ город Нижний Тагил,Свердловская область,1,Индустриальные и средние города,1,1.0,0.0741,2,Столичные агломерации,0.7647,False
2001,городской округ Нижняя Салда,Свердловская область,1,Индустриальные и средние города,1,1.0,0.1256,0,Малые сельские МО,1.0,False
2002,городской округ Нижнетуринский,Свердловская область,1,Индустриальные и средние города,1,1.0,0.3741,0,Малые сельские МО,1.0,False
2004,городской округ Первоуральск,Свердловская область,1,Индустриальные и средние города,1,1.0,0.1852,2,Столичные агломерации,1.0,False
2005,городской округ Полевской,Свердловская область,1,Индустриальные и средние города,1,1.0,0.4477,2,Столичные агломерации,1.0,False
2006,городской округ Ревда,Свердловская область,1,Индустриальные и средние города,1,1.0,0.3406,2,Столичные агломерации,1.0,False
2007,городской округ Дегтярск,Свердловская область,0,Малые сельские МО,0,1.0,0.3411,1,Индустриальные и средние города,1.0,False
2008,городской округ Режевской,Свердловская область,1,Индустриальные и средние города,1,1.0,0.4983,0,Малые сельские МО,1.0,False
2009,городской округ Североуральский,Свердловская область,1,Индустриальные и средние города,1,1.0,0.0955,0,Малые сельские МО,1.0,False
201,Ногайский муниципальный район,Карачаево-Черкесская Республика,0,Малые сельские МО,0,1.0,0.1948,1,Индустриальные и средние города,1.0,False
2010,городской округ Серовский,Свердловская область,1,Индустриальные и средние города,1,1.0,0.5363,2,Столичные агломерации,1.0,False
2011,городской округ Сухой Лог,Свердловская область,1,Индустриальные и средние города,1,1.0,0.5141,2,Столичные агломерации,1.0,False
2012,городской округ Тавдинский,Свердловская область,0,Малые сельские МО,0,1.0,0.385,1,Индустриальные и средние города,1.0,False
2015,городской округ Алапаевское,Свердловская область,1,Индустриальные и средние города,1,1.0,0.0797,0,Малые сельские МО,0.9333,False
2017,городской округ Артинский,Свердловская область,0,Малые сельские МО,0,1.0,0.6298,1,Индустриальные и средние города,1.0,False
2018,городской округ Ачитский,Свердловская область,0,Малые сельские МО,0,1.0,0.2673,1,Индустриальные и средние города,1.0,False
2019,городской округ Белоярский,Свердловская область,1,Индустриальные и средние города,1,1.0,0.3672,0,Малые сельские МО,1.0,False
2021,городской округ Верхотурский,Свердловская область,0,Малые сельские МО,0,1.0,0.4905,1,Индустриальные и средние города,1.0,False
2022,городской округ Гаринский,Свердловская область,0,Малые сельские МО,0,1.0,0.3057,3,Ресурсный Север и Дальний Восток,1.0,False
2023,городской округ Ирбитское,Свердловская область,0,Малые сельские МО,0,1.0,0.1856,1,Индустриальные и средние города,1.0,False
2024,городской округ Каменский,Свердловская область,1,Индустриальные и средние города,1,1.0,0.3055,0,Малые сельские МО,1.0,False
2025,городской округ Красноуфимский округ,Свердловская область,0,Малые сельские МО,0,1.0,0.1313,1,Индустриальные и средние города,0.7059,True
2027,городской округ Бисертский,Свердловская область,0,Малые сельские МО,0,1.0,0.2071,1,Индустриальные и средние города,1.0,False
2028,городской округ Новолялинский,Свердловская область,0,Малые сельские МО,0,1.0,0.7265,1,Индустриальные и средние города,1.0,False
203,Урупский муниципальный район,Карачаево-Черкесская Республика,0,Малые сельские МО,0,1.0,0.2296,1,Индустриальные и средние города,1.0,False
2030,городской округ Пышминский,Свердловская область,0,Малые сельские МО,0,1.0,0.5289,1,Индустриальные и средние города,1.0,False
2031,городской округ Сосьвинский,Свердловская область,0,Малые сельские МО,0,1.0,0.3932,1,Индустриальные и средние города,1.0,False
2032,городской округ Сысертский,Свердловская область,1,Индустриальные и средние города,1,1.0,0.1024,2,Столичные агломерации,0.8889,False
2033,городской округ Арамильский,Свердловская область,1,Индустриальные и средние города,1,1.0,0.525,2,Столичные агломерации,1.0,False
2034,городской округ Талицкий,Свердловская область,0,Малые сельские МО,0,0.7273,0.1994,1,Индустриальные и средние города,1.0,False
2035,городской округ Тугулымский,Свердловская область,0,Малые сельские МО,0,1.0,0.5516,1,Индустриальные и средние города,1.0,False
2036,городской округ Туринский,Свердловская область,0,Малые сельские МО,0,1.0,0.6451,1,Индустриальные и средние города,1.0,False
2037,городской округ Шалинский,Свердловская область,0,Малые сельские МО,0,1.0,0.6778,1,Индустриальные и средние города,1.0,False
2039,Байкаловский муниципальный район,Свердловская область,0,Малые сельские МО,0,1.0,0.401,1,Индустриальные и средние города,1.0,False
204,Усть-Джегутинский муниципальный район,Карачаево-Черкесская Республика,1,Индустриальные и средние города,1,1.0,0.2468,0,Малые сельские МО,1.0,False
2040,Камышловский муниципальный район,Свердловская область,1,Индустриальные и средние города,1,1.0,0.1004,0,Малые сельские МО,0.6471,True
2041,Слободо-Туринский муниципальный район,Свердловская область,0,Малые сельские МО,0,1.0,0.5776,1,Индустриальные и средние города,1.0,False
2042,Нижнесергинский муниципальный район,Свердловская область,0,Малые сельские МО,0,0.7727,0.0951,1,Индустриальные и средние города,1.0,False
2043,Таборинский муниципальный район,Свердловская область,0,Малые сельские МО,0,1.0,0.4472,1,Индустриальные и средние города,1.0,False
2044,городской округ город Смоленск,Смоленская область,2,Столичные агломерации,2,1.0,0.285,1,Индустриальные и средние города,1.0,False
2045,городской округ город Десногорск,Смоленская область,1,Индустриальные и средние города,1,1.0,0.4766,2,Столичные агломерации,1.0,False
2046,Велижский муниципальный район,Смоленская область,0,Малые сельские МО,0,1.0,0.6608,1,Индустриальные и средние города,1.0,False
2047,Вяземский муниципальный район,Смоленская область,1,Индустриальные и средние города,1,1.0,0.5688,2,Столичные агломерации,1.0,False
2048,Гагаринский муниципальный район,Смоленская область,1,Индустриальные и средние города,1,1.0,0.5511,2,Столичные агломерации,1.0,False
2049,Глинковский муниципальный район,Смоленская область,0,Малые сельские МО,0,1.0,0.6974,1,Индустриальные и средние города,1.0,False
205,Хабезский муниципальный район,Карачаево-Черкесская Республика,0,Малые сельские МО,0,1.0,0.1379,1,Индустриальные и средние города,1.0,False
2050,Демидовский муниципальный район,Смоленская область,0,Малые сельские МО,0,1.0,0.6202,1,Индустриальные и средние города,1.0,False
2051,Дорогобужский муниципальный район,Смоленская область,1,Индустриальные и средние города,1,1.0,0.2678,0,Малые сельские МО,1.0,False
2052,Духовщинский муниципальный район,Смоленская область,0,Малые сельские МО,0,1.0,0.4525,1,Индустриальные и средние города,1.0,False
2053,Ельнинский муниципальный район,Смоленская область,0,Малые сельские МО,0,1.0,0.5186,1,Индустриальные и средние города,1.0,False
2054,Ершичский муниципальный район,Смоленская область,0,Малые сельские МО,0,1.0,0.515,1,Индустриальные и средние города,1.0,False
2055,Кардымовский муниципальный район,Смоленская область,0,Малые сельские МО,0,1.0,0.0811,1,Индустриальные и средние города,1.0,False
2056,Краснинский муниципальный район,Смоленская область,0,Малые сельские МО,0,1.0,0.6904,1,Индустриальные и средние города,1.0,False
2057,Монастырщинский муниципальный район,Смоленская область,0,Малые сельские МО,0,1.0,0.6047,1,Индустриальные и средние города,1.0,False
2058,Новодугинский муниципальный район,Смоленская область,0,Малые сельские МО,0,1.0,0.6541,1,Индустриальные и средние города,1.0,False
2059,Починковский муниципальный район,Смоленская область,0,Малые сельские МО,0,1.0,0.5094,1,Индустриальные и средние города,1.0,False
206,городской округ Петрозаводский,Республика Карелия,2,Столичные агломерации,2,1.0,0.1833,1,Индустриальные и средние города,0.8824,False
2060,Рославльский муниципальный район,Смоленская область,1,Индустриальные и средние города,1,1.0,0.682,0,Малые сельские МО,1.0,False
2061,Руднянский муниципальный район,Смоленская область,0,Малые сельские МО,0,1.0,0.3324,1,Индустриальные и средние города,1.0,False
2062,Сафоновский муниципальный район,Смоленская область,1,Индустриальные и средние города,1,1.0,0.5692,0,Малые сельские МО,1.0,False
2063,Смоленский муниципальный район,Смоленская область,1,Индустриальные и средние города,1,1.0,0.2177,2,Столичные агломерации,1.0,False
2064,Сычевский муниципальный район,Смоленская область,0,Малые сельские МО,0,1.0,0.5892,1,Индустриальные и средние города,1.0,False
2065,Темкинский муниципальный район,Смоленская область,0,Малые сельские МО,0,1.0,0.3959,1,Индустриальные и средние города,1.0,False
2066,Угранский муниципальный район,Смоленская область,0,Малые сельские МО,0,1.0,0.3984,1,Индустриальные и средние города,1.0,False
2067,Хиславичский муниципальный район,Смоленская область,0,Малые сельские МО,0,1.0,0.7599,1,Индустриальные и средние города,1.0,False
2068,Холм-Жирковский муниципальный район,Смоленская область,0,Малые сельские МО,0,1.0,0.0438,1,Индустриальные и средние города,0.9412,False
2069,Шумячский муниципальный район,Смоленская область,0,Малые сельские МО,0,1.0,0.5383,1,Индустриальные и средние города,1.0,False
207,городской округ Костомукшский,Республика Карелия,1,Индустриальные и средние города,1,1.0,0.1947,2,Столичные агломерации,1.0,False
2070,Ярцевский муниципальный район,Смоленская область,1,Индустриальные и средние города,1,1.0,0.537,0,Малые сельские МО,1.0,False
2072,городской округ город Кирсанов,Тамбовская область,0,Малые сельские МО,0,1.0,0.2181,1,Индустриальные и средние города,1.0,False
2073,городской округ город Котовск,Тамбовская область,1,Индустриальные и средние города,1,1.0,0.129,0,Малые сельские МО,1.0,False
2074,городской округ город Мичуринск,Тамбовская область,1,Индустриальные и средние города,1,1.0,0.6115,2,Столичные агломерации,1.0,False
2075,городской округ город Моршанск,Тамбовская область,0,Малые сельские МО,0,1.0,0.1946,1,Индустриальные и средние города,1.0,False
2076,городской округ город Рассказово,Тамбовская область,1,Индустриальные и средние города,1,0.6818,0.0844,0,Малые сельские МО,1.0,False
2077,городской округ город Уварово,Тамбовская область,0,Малые сельские МО,0,1.0,0.4823,1,Индустриальные и средние города,1.0,False
2078,Бондарский муниципальный район,Тамбовская область,0,Малые сельские МО,0,1.0,0.6118,1,Индустриальные и средние города,1.0,False
2079,Гавриловский муниципальный район,Тамбовская область,0,Малые сельские МО,0,1.0,0.4865,1,Индустриальные и средние города,1.0,False
208,Беломорский муниципальный район,Республика Карелия,1,Индустриальные и средние города,1,1.0,0.1156,0,Малые сельские МО,1.0,False
2080,Жердевский муниципальный район,Тамбовская область,0,Малые сельские МО,0,1.0,0.2692,1,Индустриальные и средние города,1.0,False
2081,Знаменский муниципальный район,Тамбовская область,0,Малые сельские МО,0,1.0,0.6526,1,Индустриальные и средние города,1.0,False
2082,Инжавинский муниципальный район,Тамбовская область,0,Малые сельские МО,0,1.0,0.2763,1,Индустриальные и средние города,1.0,False
2085,Мордовский муниципальный район,Тамбовская область,0,Малые сельские МО,0,1.0,0.598,1,Индустриальные и средние города,1.0,False
2087,Мучкапский муниципальный район,Тамбовская область,0,Малые сельские МО,0,1.0,0.5864,1,Индустриальные и средние города,1.0,False
2088,Никифоровский муниципальный район,Тамбовская область,0,Малые сельские МО,0,1.0,0.3938,1,Индустриальные и средние города,1.0,False
2089,Первомайский муниципальный район,Тамбовская область,0,Малые сельские МО,0,1.0,0.432,1,Индустриальные и средние города,1.0,False
209,Калевальский муниципальный район,Республика Карелия,0,Малые сельские МО,0,1.0,0.2614,1,Индустриальные и средние города,1.0,False
2090,Петровский муниципальный район,Тамбовская область,0,Малые сельские МО,0,1.0,0.5771,1,Индустриальные и средние города,1.0,False
2091,Пичаевский муниципальный район,Тамбовская область,0,Малые сельские МО,0,1.0,0.5254,1,Индустриальные и средние города,1.0,False
2093,Ржаксинский муниципальный район,Тамбовская область,0,Малые сельские МО,0,1.0,0.4954,1,Индустриальные и средние города,1.0,False
2094,Сампурский муниципальный район,Тамбовская область,0,Малые сельские МО,0,1.0,0.6127,1,Индустриальные и средние города,1.0,False
2095,Сосновский муниципальный район,Тамбовская область,0,Малые сельские МО,0,1.0,0.497,1,Индустриальные и средние города,1.0,False
2096,Староюрьевский муниципальный район,Тамбовская область,0,Малые сельские МО,0,1.0,0.4832,1,Индустриальные и средние города,1.0,False
2098,Токарёвский муниципальный район,Тамбовская область,0,Малые сельские МО,0,1.0,0.3539,1,Индустриальные и средние города,1.0,False
21,городской округ город Уфа,Республика Башкортостан,2,Столичные агломерации,2,1.0,0.4141,1,Индустриальные и средние города,1.0,False
210,Кемский муниципальный район,Республика Карелия,1,Индустриальные и средние города,1,1.0,0.0986,0,Малые сельские МО,1.0,False
2100,Умётский муниципальный район,Тамбовская область,0,Малые сельские МО,0,1.0,0.3753,1,Индустриальные и средние города,1.0,False
2101,городской округ город Тверь,Тверская область,2,Столичные агломерации,2,1.0,0.268,1,Индустриальные и средние города,1.0,False
2105,городской округ Осташковский,Тверская область,1,Индустриальные и средние города,1,1.0,0.5329,0,Малые сельские МО,1.0,False
2108,городской округ город Торжок,Тверская область,1,Индустриальные и средние города,1,1.0,0.6296,0,Малые сельские МО,1.0,False
2109,городской округ Удомельский,Тверская область,1,Индустриальные и средние города,1,1.0,0.4366,2,Столичные агломерации,1.0,False
211,Кондопожский муниципальный район,Республика Карелия,1,Индустриальные и средние города,1,1.0,0.2669,0,Малые сельские МО,1.0,False
2110,муниципальный округ Андреапольский,Тверская область,0,Малые сельские МО,0,1.0,0.3795,1,Индустриальные и средние города,1.0,False
2111,Бежецкий муниципальный район,Тверская область,1,Индустриальные и средние города,1,1.0,0.2039,0,Малые сельские МО,1.0,False
2112,муниципальный округ Бельский,Тверская область,0,Малые сельские МО,0,1.0,0.41,1,Индустриальные и средние города,1.0,False
2113,Бологовский муниципальный район,Тверская область,1,Индустриальные и средние города,1,1.0,0.1929,0,Малые сельские МО,1.0,False
2114,муниципальный округ Весьегонский,Тверская область,0,Малые сельские МО,0,1.0,0.4349,1,Индустриальные и средние города,1.0,False
2116,муниципальный округ Жарковский,Тверская область,0,Малые сельские МО,0,1.0,0.5245,1,Индустриальные и средние города,1.0,False
2117,муниципальный округ Западнодвинский,Тверская область,0,Малые сельские МО,0,1.0,0.2267,1,Индустриальные и средние города,1.0,False
2118,муниципальный округ Зубцовский,Тверская область,0,Малые сельские МО,0,1.0,0.4092,1,Индустриальные и средние города,1.0,False
2119,Калининский муниципальный район,Тверская область,1,Индустриальные и средние города,1,1.0,0.1205,2,Столичные агломерации,0.8,False
212,Лахденпохский муниципальный район,Республика Карелия,0,Малые сельские МО,0,1.0,0.0957,1,Индустриальные и средние города,0.8333,False
2120,Калязинский муниципальный район,Тверская область,1,Индустриальные и средние города,1,0.7727,0.0705,0,Малые сельские МО,0.5556,True
2121,городской округ Кашинский,Тверская область,0,Малые сельские МО,0,1.0,0.265,1,Индустриальные и средние города,1.0,False
2122,муниципальный округ Кесовогорский,Тверская область,1,Индустриальные и средние города,0,0.7273,0.0723,0,Малые сельские МО,0.9474,False
2124,Конаковский муниципальный район,Тверская область,1,Индустриальные и средние города,1,1.0,0.7563,0,Малые сельские МО,1.0,False
2125,муниципальный округ Краснохолмский,Тверская область,0,Малые сельские МО,0,1.0,0.4538,1,Индустриальные и средние города,1.0,False
2126,Кувшиновский муниципальный район,Тверская область,0,Малые сельские МО,0,1.0,0.2921,1,Индустриальные и средние города,1.0,False
2127,муниципальный округ Лесной,Тверская область,0,Малые сельские МО,0,1.0,0.4118,1,Индустриальные и средние города,1.0,False
2128,муниципальный округ Лихославльский,Тверская область,0,Малые сельские МО,0,1.0,0.092,1,Индустриальные и средние города,1.0,False
2129,муниципальный округ Максатихинский,Тверская область,0,Малые сельские МО,0,1.0,0.5232,1,Индустриальные и средние города,1.0,False
213,Лоухский муниципальный район,Республика Карелия,1,Индустриальные и средние города,1,1.0,0.147,0,Малые сельские МО,1.0,False
2130,муниципальный округ Молоковский,Тверская область,0,Малые сельские МО,0,1.0,0.3592,1,Индустриальные и средние города,0.8824,False
2131,городской округ Нелидовский,Тверская область,1,Индустриальные и средние города,1,1.0,0.2175,0,Малые сельские МО,1.0,False
2132,муниципальный округ Оленинский,Тверская область,0,Малые сельские МО,0,1.0,0.4469,1,Индустриальные и средние города,1.0,False
2133,муниципальный округ Пеновский,Тверская область,0,Малые сельские МО,0,1.0,0.3911,1,Индустриальные и средние города,1.0,False
2134,муниципальный округ Рамешковский,Тверская область,0,Малые сельские МО,0,1.0,0.636,1,Индустриальные и средние города,1.0,False
2136,муниципальный округ Сандовский,Тверская область,0,Малые сельские МО,0,1.0,0.301,1,Индустриальные и средние города,1.0,False
2137,муниципальный округ Селижаровский,Тверская область,0,Малые сельские МО,0,1.0,0.504,1,Индустриальные и средние города,1.0,False
2138,муниципальный округ Сонковский,Тверская область,0,Малые сельские МО,0,1.0,0.6142,1,Индустриальные и средние города,1.0,False
2139,муниципальный округ Спировский,Тверская область,0,Малые сельские МО,0,1.0,0.5895,1,Индустриальные и средние города,1.0,False
214,Медвежьегорский муниципальный район,Республика Карелия,1,Индустриальные и средние города,1,1.0,0.1002,0,Малые сельские МО,1.0,False
2140,муниципальный округ Старицкий,Тверская область,0,Малые сельские МО,0,1.0,0.6107,1,Индустриальные и средние города,1.0,False
2142,Торопецкий муниципальный район,Тверская область,0,Малые сельские МО,0,1.0,0.1508,1,Индустриальные и средние города,1.0,False
2143,Фировский муниципальный район,Тверская область,0,Малые сельские МО,0,1.0,0.4602,1,Индустриальные и средние города,1.0,False
2144,городской округ город Томск,Томская область,2,Столичные агломерации,2,1.0,0.4307,1,Индустриальные и средние города,1.0,False
2145,городской округ город Кедровый,Томская область,0,Малые сельские МО,0,1.0,0.3606,1,Индустриальные и средние города,1.0,False
2146,городской округ город Стрежевой,Томская область,1,Индустриальные и средние города,1,1.0,0.2953,3,Ресурсный Север и Дальний Восток,1.0,False
2148,Александровский муниципальный район,Томская область,3,Ресурсный Север и Дальний Восток,3,1.0,0.3272,1,Индустриальные и средние города,0.8824,False
2149,Асиновский муниципальный район,Томская область,0,Малые сельские МО,0,1.0,0.3147,1,Индустриальные и средние города,1.0,False
215,Муезерский муниципальный район,Республика Карелия,0,Малые сельские МО,0,1.0,0.4334,1,Индустриальные и средние города,1.0,False
2150,Бакчарский муниципальный район,Томская область,0,Малые сельские МО,0,1.0,0.6407,1,Индустриальные и средние города,1.0,False
2151,Верхнекетский муниципальный район,Томская область,0,Малые сельские МО,0,1.0,0.2338,1,Индустриальные и средние города,1.0,False
2152,Зырянский муниципальный район,Томская область,0,Малые сельские МО,0,1.0,0.7265,1,Индустриальные и средние города,1.0,False
2153,Каргасокский муниципальный район,Томская область,0,Малые сельские МО,1,0.6818,0.064,1,Индустриальные и средние города,0.8125,False
2154,Кожевниковский муниципальный район,Томская область,0,Малые сельские МО,0,1.0,0.6035,1,Индустриальные и средние города,1.0,False
2155,Колпашевский муниципальный район,Томская область,0,Малые сельские МО,0,1.0,0.2555,1,Индустриальные и средние города,1.0,False
2156,Кривошеинский муниципальный район,Томская область,0,Малые сельские МО,0,1.0,0.7591,1,Индустриальные и средние города,1.0,False
2157,Молчановский муниципальный район,Томская область,0,Малые сельские МО,0,1.0,0.5282,1,Индустриальные и средние города,1.0,False
2158,Парабельский муниципальный район,Томская область,1,Индустриальные и средние города,1,1.0,0.1251,3,Ресурсный Север и Дальний Восток,1.0,False
2159,Первомайский муниципальный район,Томская область,0,Малые сельские МО,0,1.0,0.5157,1,Индустриальные и средние города,1.0,False
216,Олонецкий муниципальный район,Республика Карелия,0,Малые сельские МО,0,1.0,0.2126,1,Индустриальные и средние города,1.0,False
2160,Тегульдетский муниципальный район,Томская область,0,Малые сельские МО,0,1.0,0.5178,1,Индустриальные и средние города,1.0,False
2161,Томский муниципальный район,Томская область,1,Индустриальные и средние города,1,1.0,0.3666,2,Столичные агломерации,1.0,False
2162,Чаинский муниципальный район,Томская область,0,Малые сельские МО,0,1.0,0.6984,1,Индустриальные и средние города,1.0,False
2163,Шегарский муниципальный район,Томская область,0,Малые сельские МО,0,1.0,0.5884,1,Индустриальные и средние города,1.0,False
2164,городской округ город Тула,Тульская область,2,Столичные агломерации,2,1.0,0.1827,1,Индустриальные и средние города,1.0,False
2165,городской округ город Алексин,Тульская область,1,Индустриальные и средние города,1,1.0,0.5062,2,Столичные агломерации,1.0,False
2167,городской округ город Донской,Тульская область,1,Индустриальные и средние города,1,1.0,0.5595,2,Столичные агломерации,1.0,False
2168,городской округ город Ефремов,Тульская область,1,Индустриальные и средние города,1,1.0,0.5906,2,Столичные агломерации,1.0,False
2169,городской округ город Новомосковск,Тульская область,1,Индустриальные и средние города,1,1.0,0.3997,2,Столичные агломерации,1.0,False
217,Питкярантский муниципальный район,Республика Карелия,1,Индустриальные и средние города,1,1.0,0.1805,0,Малые сельские МО,1.0,False
2171,Арсеньевский муниципальный район,Тульская область,0,Малые сельские МО,0,1.0,0.4962,1,Индустриальные и средние города,1.0,False
2172,Белевский муниципальный район,Тульская область,0,Малые сельские МО,0,1.0,0.3455,1,Индустриальные и средние города,1.0,False
2173,Богородицкий муниципальный район,Тульская область,1,Индустриальные и средние города,1,1.0,0.6635,0,Малые сельские МО,1.0,False
2174,Веневский муниципальный район,Тульская область,0,Малые сельские МО,0,1.0,0.1299,1,Индустриальные и средние города,1.0,False
2175,Воловский муниципальный район,Тульская область,0,Малые сельские МО,0,1.0,0.29,1,Индустриальные и средние города,1.0,False
2176,Дубенский муниципальный район,Тульская область,0,Малые сельские МО,0,1.0,0.44,1,Индустриальные и средние города,1.0,False
2177,Заокский муниципальный район,Тульская область,1,Индустриальные и средние города,1,1.0,0.3156,2,Столичные агломерации,1.0,False
2178,Каменский муниципальный район,Тульская область,0,Малые сельские МО,0,1.0,0.521,1,Индустриальные и средние города,1.0,False
2179,Кимовский муниципальный район,Тульская область,1,Индустриальные и средние города,1,1.0,0.1986,0,Малые сельские МО,1.0,False
218,Прионежский муниципальный район,Республика Карелия,1,Индустриальные и средние города,1,1.0,0.1894,3,Ресурсный Север и Дальний Восток,1.0,False
2180,Киреевский муниципальный район,Тульская область,0,Малые сельские МО,0,1.0,0.0316,1,Индустриальные и средние города,0.5882,True
2181,Куркинский муниципальный район,Тульская область,0,Малые сельские МО,0,1.0,0.5291,1,Индустриальные и средние города,1.0,False
2182,Одоевский муниципальный район,Тульская область,0,Малые сельские МО,0,1.0,0.4477,1,Индустриальные и средние города,1.0,False
2183,Плавский муниципальный район,Тульская область,1,Индустриальные и средние города,1,1.0,0.2256,0,Малые сельские МО,1.0,False
2184,Суворовский муниципальный район,Тульская область,0,Малые сельские МО,0,1.0,0.3044,1,Индустриальные и средние города,1.0,False
2185,Тепло-Огаревский муниципальный район,Тульская область,0,Малые сельские МО,0,1.0,0.6611,1,Индустриальные и средние города,1.0,False
2186,Узловский муниципальный район,Тульская область,1,Индустриальные и средние города,1,1.0,0.5567,2,Столичные агломерации,1.0,False
2187,Чернский муниципальный район,Тульская область,0,Малые сельские МО,0,1.0,0.2401,1,Индустриальные и средние города,1.0,False
2188,Щекинский муниципальный район,Тульская область,1,Индустриальные и средние города,1,1.0,0.5266,2,Столичные агломерации,1.0,False
2189,Ясногорский муниципальный район,Тульская область,1,Индустриальные и средние города,1,1.0,0.5511,0,Малые сельские МО,1.0,False
219,Пряжинский муниципальный район,Республика Карелия,0,Малые сельские МО,0,1.0,0.3935,1,Индустриальные и средние города,1.0,False
2190,городской округ город Тюмень,Тюменская область,2,Столичные агломерации,2,1.0,0.4731,1,Индустриальные и средние города,1.0,False
2191,городской округ Заводоуковский,Тюменская область,1,Индустриальные и средние города,1,1.0,0.4185,0,Малые сельские МО,1.0,False
2192,городской округ город Ишим,Тюменская область,1,Индустриальные и средние города,1,1.0,0.3627,2,Столичные агломерации,1.0,False
2193,городской округ город Тобольск,Тюменская область,1,Индустриальные и средние города,1,1.0,0.277,2,Столичные агломерации,0.6471,True
2194,городской округ город Ялуторовск,Тюменская область,1,Индустриальные и средние города,1,1.0,0.428,0,Малые сельские МО,1.0,False
2195,Абатский муниципальный район,Тюменская область,0,Малые сельские МО,0,1.0,0.6048,1,Индустриальные и средние города,1.0,False
2196,Армизонский муниципальный район,Тюменская область,0,Малые сельские МО,0,1.0,0.6008,1,Индустриальные и средние города,1.0,False
2197,Аромашевский муниципальный район,Тюменская область,0,Малые сельские МО,0,1.0,0.5104,1,Индустриальные и средние города,1.0,False
2198,Бердюжский муниципальный район,Тюменская область,0,Малые сельские МО,0,1.0,0.6833,1,Индустриальные и средние города,1.0,False
2199,Вагайский муниципальный район,Тюменская область,0,Малые сельские МО,0,1.0,0.3402,1,Индустриальные и средние города,1.0,False
22,городской округ город Агидель,Республика Башкортостан,0,Малые сельские МО,0,1.0,0.1407,1,Индустриальные и средние города,1.0,False
220,Пудожский муниципальный район,Республика Карелия,0,Малые сельские МО,0,1.0,0.4924,1,Индустриальные и средние города,1.0,False
2200,Викуловский муниципальный район,Тюменская область,0,Малые сельские МО,0,1.0,0.4174,1,Индустриальные и средние города,1.0,False
2201,городской округ Голышмановский,Тюменская область,0,Малые сельские МО,0,1.0,0.3009,1,Индустриальные и средние города,1.0,False
2202,Исетский муниципальный район,Тюменская область,0,Малые сельские МО,0,1.0,0.361,1,Индустриальные и средние города,1.0,False
2203,Ишимский муниципальный район,Тюменская область,1,Индустриальные и средние города,1,1.0,0.0589,0,Малые сельские МО,1.0,False
2204,Казанский муниципальный район,Тюменская область,0,Малые сельские МО,0,1.0,0.5687,1,Индустриальные и средние города,1.0,False
2205,Нижнетавдинский муниципальный район,Тюменская область,0,Малые сельские МО,0,1.0,0.5715,1,Индустриальные и средние города,1.0,False
2206,Омутинский муниципальный район,Тюменская область,0,Малые сельские МО,0,1.0,0.6391,1,Индустриальные и средние города,1.0,False
2207,Сладковский муниципальный район,Тюменская область,0,Малые сельские МО,0,1.0,0.6052,1,Индустриальные и средние города,1.0,False
2208,Сорокинский муниципальный район,Тюменская область,0,Малые сельские МО,0,1.0,0.5357,1,Индустриальные и средние города,1.0,False
221,Сегежский муниципальный район,Республика Карелия,1,Индустриальные и средние города,1,1.0,0.4116,0,Малые сельские МО,1.0,False
2210,Тюменский муниципальный район,Тюменская область,1,Индустриальные и средние города,1,1.0,0.3462,2,Столичные агломерации,1.0,False
2211,Уватский муниципальный район,Тюменская область,1,Индустриальные и средние города,1,1.0,0.1546,0,Малые сельские МО,1.0,False
2212,Упоровский муниципальный район,Тюменская область,0,Малые сельские МО,0,1.0,0.2983,1,Индустриальные и средние города,1.0,False
2213,Юргинский муниципальный район,Тюменская область,0,Малые сельские МО,0,1.0,0.6839,1,Индустриальные и средние города,1.0,False
2215,Ярковский муниципальный район,Тюменская область,0,Малые сельские МО,0,1.0,0.3758,1,Индустриальные и средние города,1.0,False
2216,городской округ город Ханты-Мансийск,Ханты-Мансийский автономный округ — Югра,2,Столичные агломерации,2,1.0,0.1161,1,Индустриальные и средние города,0.9444,False
2217,городской округ город Когалым,Ханты-Мансийский автономный округ — Югра,1,Индустриальные и средние города,1,1.0,0.114,2,Столичные агломерации,1.0,False
2218,городской округ город Лангепас,Ханты-Мансийский автономный округ — Югра,1,Индустриальные и средние города,1,1.0,0.2203,3,Ресурсный Север и Дальний Восток,1.0,False
2219,городской округ город Мегион,Ханты-Мансийский автономный округ — Югра,1,Индустриальные и средние города,1,1.0,0.1452,2,Столичные агломерации,1.0,False
222,Сортавальский муниципальный район,Республика Карелия,1,Индустриальные и средние города,1,1.0,0.6491,0,Малые сельские МО,1.0,False
2220,городской округ город Нефтеюганск,Ханты-Мансийский автономный округ — Югра,1,Индустриальные и средние города,1,1.0,0.0905,2,Столичные агломерации,1.0,False
2221,городской округ город Нижневартовск,Ханты-Мансийский автономный округ — Югра,2,Столичные агломерации,2,1.0,0.2525,1,Индустриальные и средние города,0.9375,False
2222,городской округ город Нягань,Ханты-Мансийский автономный округ — Югра,1,Индустриальные и средние города,1,1.0,0.112,2,Столичные агломерации,1.0,False
2223,городской округ город Покачи,Ханты-Мансийский автономный округ — Югра,1,Индустриальные и средние города,1,1.0,0.178,3,Ресурсный Север и Дальний Восток,1.0,False
2224,городской округ город Пыть-Ях,Ханты-Мансийский автономный округ — Югра,1,Индустриальные и средние города,1,1.0,0.3511,2,Столичные агломерации,1.0,False
2225,городской округ город Радужный,Ханты-Мансийский автономный округ — Югра,1,Индустриальные и средние города,1,1.0,0.1489,3,Ресурсный Север и Дальний Восток,1.0,False
2226,городской округ город Сургут,Ханты-Мансийский автономный округ — Югра,2,Столичные агломерации,2,1.0,0.2639,1,Индустриальные и средние города,1.0,False
2227,городской округ город Урай,Ханты-Мансийский автономный округ — Югра,1,Индустриальные и средние города,1,1.0,0.3034,2,Столичные агломерации,1.0,False
2228,городской округ город Югорск,Ханты-Мансийский автономный округ — Югра,1,Индустриальные и средние города,1,1.0,0.0682,2,Столичные агломерации,1.0,False
2229,Белоярский муниципальный район,Ханты-Мансийский автономный округ — Югра,1,Индустриальные и средние города,1,1.0,0.2878,2,Столичные агломерации,1.0,False
223,Суоярвский муниципальный округ,Республика Карелия,0,Малые сельские МО,0,1.0,0.0928,1,Индустриальные и средние города,1.0,False
2230,Березовский муниципальный район,Ханты-Мансийский автономный округ — Югра,1,Индустриальные и средние города,1,0.8182,0.1423,3,Ресурсный Север и Дальний Восток,1.0,False
2231,Кондинский муниципальный район,Ханты-Мансийский автономный округ — Югра,1,Индустриальные и средние города,1,1.0,0.3037,0,Малые сельские МО,1.0,False
2232,Нефтеюганский муниципальный район,Ханты-Мансийский автономный округ — Югра,1,Индустриальные и средние города,1,1.0,0.1217,3,Ресурсный Север и Дальний Восток,1.0,False
2233,Нижневартовский муниципальный район,Ханты-Мансийский автономный округ — Югра,1,Индустриальные и средние города,1,1.0,0.1062,3,Ресурсный Север и Дальний Восток,1.0,False
2234,Октябрьский муниципальный район,Ханты-Мансийский автономный округ — Югра,1,Индустриальные и средние города,1,1.0,0.1725,3,Ресурсный Север и Дальний Восток,1.0,False
2235,Советский муниципальный район,Ханты-Мансийский автономный округ — Югра,1,Индустриальные и средние города,1,1.0,0.4608,0,Малые сельские МО,1.0,False
2236,Сургутский муниципальный район,Ханты-Мансийский автономный округ — Югра,1,Индустриальные и средние города,1,1.0,0.2473,3,Ресурсный Север и Дальний Восток,1.0,False
2237,Ханты-Мансийский муниципальный район,Ханты-Мансийский автономный округ — Югра,1,Индустриальные и средние города,1,1.0,0.2205,3,Ресурсный Север и Дальний Восток,1.0,False
2238,городской округ город Салехард,Ямало-Ненецкий автономный округ,2,Столичные агломерации,2,1.0,0.0264,3,Ресурсный Север и Дальний Восток,0.7857,False
224,городской округ Сыктывкар,Республика Коми,1,Индустриальные и средние города,1,1.0,0.0845,2,Столичные агломерации,0.5294,True
2241,городской округ город Муравленко,Ямало-Ненецкий автономный округ,1,Индустриальные и средние города,1,1.0,0.2623,2,Столичные агломерации,1.0,False
2242,городской округ город Новый Уренгой,Ямало-Ненецкий автономный округ,1,Индустриальные и средние города,1,1.0,0.0584,2,Столичные агломерации,1.0,False
2243,городской округ город Ноябрьск,Ямало-Ненецкий автономный округ,1,Индустриальные и средние города,1,1.0,0.0465,2,Столичные агломерации,0.8462,False
2244,муниципальный округ Красноселькупский район,Ямало-Ненецкий автономный округ,3,Ресурсный Север и Дальний Восток,3,1.0,0.4615,1,Индустриальные и средние города,1.0,False
2245,муниципальный округ Надымский район,Ямало-Ненецкий автономный округ,1,Индустриальные и средние города,1,1.0,0.1502,3,Ресурсный Север и Дальний Восток,1.0,False
2248,муниципальный округ Тазовский район,Ямало-Ненецкий автономный округ,3,Ресурсный Север и Дальний Восток,3,1.0,0.3564,1,Индустриальные и средние города,1.0,False
2249,муниципальный округ Шурышкарский район,Ямало-Ненецкий автономный округ,3,Ресурсный Север и Дальний Восток,3,1.0,0.7205,1,Индустриальные и средние города,1.0,False
225,городской округ Воркута,Республика Коми,1,Индустриальные и средние города,1,1.0,0.0893,3,Ресурсный Север и Дальний Восток,1.0,False
2250,муниципальный округ Ямальский район,Ямало-Ненецкий автономный округ,3,Ресурсный Север и Дальний Восток,3,1.0,0.4589,1,Индустриальные и средние города,1.0,False
2251,городской округ город Ульяновск,Ульяновская область,2,Столичные агломерации,2,1.0,0.2328,1,Индустриальные и средние города,1.0,False
2252,городской округ город Димитровград,Ульяновская область,1,Индустриальные и средние города,1,1.0,0.2904,2,Столичные агломерации,1.0,False
2253,городской округ город Новоульяновск,Ульяновская область,0,Малые сельские МО,0,0.8182,0.0353,1,Индустриальные и средние города,0.9375,False
2254,Базарносызганский муниципальный район,Ульяновская область,0,Малые сельские МО,0,1.0,0.5216,1,Индустриальные и средние города,1.0,False
2255,Барышский муниципальный район,Ульяновская область,0,Малые сельские МО,0,1.0,0.7025,1,Индустриальные и средние города,1.0,False
2256,Вешкаймский муниципальный район,Ульяновская область,0,Малые сельские МО,0,1.0,0.5976,1,Индустриальные и средние города,1.0,False
2257,Инзенский муниципальный район,Ульяновская область,0,Малые сельские МО,0,1.0,0.4416,1,Индустриальные и средние города,1.0,False
2258,Карсунский муниципальный район,Ульяновская область,0,Малые сельские МО,0,1.0,0.5917,1,Индустриальные и средние города,1.0,False
2259,Кузоватовский муниципальный район,Ульяновская область,0,Малые сельские МО,0,1.0,0.613,1,Индустриальные и средние города,1.0,False
226,городской округ Вуктыл,Республика Коми,1,Индустриальные и средние города,1,1.0,0.1207,3,Ресурсный Север и Дальний Восток,1.0,False
2260,Майнский муниципальный район,Ульяновская область,0,Малые сельские МО,0,1.0,0.6654,1,Индустриальные и средние города,1.0,False
2262,Николаевский муниципальный район,Ульяновская область,0,Малые сельские МО,0,1.0,0.5205,1,Индустриальные и средние города,1.0,False
2264,Новоспасский муниципальный район,Ульяновская область,0,Малые сельские МО,0,0.7273,0.2052,1,Индустриальные и средние города,1.0,False
2265,Павловский муниципальный район,Ульяновская область,0,Малые сельские МО,0,1.0,0.4732,1,Индустриальные и средние города,1.0,False
2266,Радищевский муниципальный район,Ульяновская область,0,Малые сельские МО,0,1.0,0.5695,1,Индустриальные и средние города,1.0,False
2267,Сенгилеевский муниципальный район,Ульяновская область,0,Малые сельские МО,0,1.0,0.5387,1,Индустриальные и средние города,1.0,False
2268,Старокулаткинский муниципальный район,Ульяновская область,0,Малые сельские МО,0,1.0,0.6632,1,Индустриальные и средние города,1.0,False
2269,Старомайнский муниципальный район,Ульяновская область,0,Малые сельские МО,0,1.0,0.6842,1,Индустриальные и средние города,1.0,False
227,городской округ Инта,Республика Коми,1,Индустриальные и средние города,1,1.0,0.1785,3,Ресурсный Север и Дальний Восток,1.0,False
2270,Сурский муниципальный район,Ульяновская область,0,Малые сельские МО,0,1.0,0.589,1,Индустриальные и средние города,1.0,False
2271,Тереньгульский муниципальный район,Ульяновская область,0,Малые сельские МО,0,1.0,0.6487,1,Индустриальные и средние города,1.0,False
2272,Ульяновский муниципальный район,Ульяновская область,0,Малые сельские МО,0,1.0,0.4803,1,Индустриальные и средние города,1.0,False
2274,Чердаклинский муниципальный район,Ульяновская область,1,Индустриальные и средние города,1,1.0,0.2156,0,Малые сельские МО,1.0,False
2275,городской округ Челябинский,Челябинская область,2,Столичные агломерации,2,1.0,0.2582,1,Индустриальные и средние города,1.0,False
2276,городской округ Верхнеуфалейский,Челябинская область,1,Индустриальные и средние города,1,1.0,0.3577,0,Малые сельские МО,1.0,False
2278,городской округ Карабашский,Челябинская область,1,Индустриальные и средние города,0,0.8182,0.1281,0,Малые сельские МО,1.0,False
2279,городской округ Копейский,Челябинская область,1,Индустриальные и средние города,1,1.0,0.4245,2,Столичные агломерации,1.0,False
228,городской округ Усинск,Республика Коми,1,Индустриальные и средние города,1,1.0,0.0785,3,Ресурсный Север и Дальний Восток,0.8824,False
2280,городской округ Кыштымский,Челябинская область,1,Индустриальные и средние города,1,1.0,0.4361,2,Столичные агломерации,1.0,False
2281,городской округ Магнитогорский,Челябинская область,1,Индустриальные и средние города,1,1.0,0.0641,2,Столичные агломерации,0.6667,True
2282,городской округ Миасский,Челябинская область,1,Индустриальные и средние города,1,1.0,0.1559,2,Столичные агломерации,1.0,False
2286,городской округ Троицкий,Челябинская область,1,Индустриальные и средние города,1,1.0,0.5095,0,Малые сельские МО,1.0,False
2287,городской округ Усть-Катавский,Челябинская область,1,Индустриальные и средние города,1,1.0,0.6232,0,Малые сельские МО,1.0,False
2288,городской округ Чебаркульский,Челябинская область,1,Индустриальные и средние города,1,1.0,0.4896,2,Столичные агломерации,1.0,False
2289,городской округ Южноуральский,Челябинская область,1,Индустриальные и средние города,1,1.0,0.4545,2,Столичные агломерации,1.0,False
229,городской округ Ухта,Республика Коми,1,Индустриальные и средние города,1,1.0,0.1978,2,Столичные агломерации,1.0,False
2292,Аргаяшский муниципальный район,Челябинская область,0,Малые сельские МО,0,1.0,0.4537,1,Индустриальные и средние города,1.0,False
2293,Ашинский муниципальный район,Челябинская область,1,Индустриальные и средние города,1,1.0,0.4061,0,Малые сельские МО,1.0,False
2294,Брединский муниципальный район,Челябинская область,0,Малые сельские МО,0,1.0,0.5579,1,Индустриальные и средние города,1.0,False
2295,Варненский муниципальный район,Челябинская область,0,Малые сельские МО,0,1.0,0.0851,1,Индустриальные и средние города,1.0,False
2296,Верхнеуральский муниципальный район,Челябинская область,0,Малые сельские МО,0,1.0,0.3061,1,Индустриальные и средние города,1.0,False
2297,Еманжелинский муниципальный район,Челябинская область,1,Индустриальные и средние города,1,1.0,0.0516,0,Малые сельские МО,1.0,False
2298,Еткульский муниципальный район,Челябинская область,0,Малые сельские МО,0,1.0,0.222,1,Индустриальные и средние города,1.0,False
2299,Карталинский муниципальный район,Челябинская область,1,Индустриальные и средние города,1,1.0,0.1406,0,Малые сельские МО,1.0,False
23,городской округ город Кумертау,Республика Башкортостан,1,Индустриальные и средние города,1,1.0,0.5972,2,Столичные агломерации,1.0,False
230,Ижемский муниципальный район,Республика Коми,0,Малые сельские МО,0,1.0,0.2599,3,Ресурсный Север и Дальний Восток,1.0,False
2300,Каслинский муниципальный район,Челябинская область,0,Малые сельские МО,0,1.0,0.4779,1,Индустриальные и средние города,1.0,False
2301,Катав-Ивановский муниципальный район,Челябинская область,1,Индустриальные и средние города,1,1.0,0.1341,0,Малые сельские МО,1.0,False
2302,Кизильский муниципальный район,Челябинская область,0,Малые сельские МО,0,1.0,0.5618,1,Индустриальные и средние города,1.0,False
2303,Коркинский муниципальный округ,Челябинская область,1,Индустриальные и средние города,1,1.0,0.4849,0,Малые сельские МО,1.0,False
2304,Красноармейский муниципальный район,Челябинская область,0,Малые сельские МО,0,1.0,0.3252,1,Индустриальные и средние города,1.0,False
2305,Кунашакский муниципальный район,Челябинская область,0,Малые сельские МО,0,1.0,0.6458,1,Индустриальные и средние города,1.0,False
2307,Нагайбакский муниципальный район,Челябинская область,0,Малые сельские МО,0,1.0,0.4629,1,Индустриальные и средние города,1.0,False
2308,Нязепетровский муниципальный район,Челябинская область,0,Малые сельские МО,0,1.0,0.6363,1,Индустриальные и средние города,1.0,False
2309,Октябрьский муниципальный район,Челябинская область,0,Малые сельские МО,0,1.0,0.6672,1,Индустриальные и средние города,1.0,False
231,Княжпогостский муниципальный район,Республика Коми,1,Индустриальные и средние города,1,1.0,0.1141,0,Малые сельские МО,1.0,False
2310,Пластовский муниципальный район,Челябинская область,0,Малые сельские МО,0,0.7727,0.0819,1,Индустриальные и средние города,0.9333,False
2311,Саткинский муниципальный район,Челябинская область,1,Индустриальные и средние города,1,1.0,0.7491,0,Малые сельские МО,1.0,False
2312,Сосновский муниципальный район,Челябинская область,1,Индустриальные и средние города,1,1.0,0.106,2,Столичные агломерации,0.6923,True
2314,Увельский муниципальный район,Челябинская область,0,Малые сельские МО,0,1.0,0.2449,1,Индустриальные и средние города,1.0,False
2315,Уйский муниципальный район,Челябинская область,0,Малые сельские МО,0,1.0,0.6475,1,Индустриальные и средние города,1.0,False
2316,Чебаркульский муниципальный район,Челябинская область,1,Индустриальные и средние города,0,0.5,0.0491,0,Малые сельские МО,0.7647,False
2317,Чесменский муниципальный район,Челябинская область,0,Малые сельские МО,0,1.0,0.6297,1,Индустриальные и средние города,1.0,False
2318,городской округ город Ярославль,Ярославская область,2,Столичные агломерации,2,1.0,0.2387,1,Индустриальные и средние города,1.0,False
232,Койгородский муниципальный район,Республика Коми,0,Малые сельские МО,0,1.0,0.5447,1,Индустриальные и средние города,1.0,False
2320,городской округ город Рыбинск,Ярославская область,1,Индустриальные и средние города,1,1.0,0.3778,2,Столичные агломерации,1.0,False
2321,Большесельский муниципальный район,Ярославская область,0,Малые сельские МО,0,1.0,0.5174,1,Индустриальные и средние города,1.0,False
2322,Борисоглебский муниципальный район,Ярославская область,0,Малые сельские МО,0,1.0,0.6477,1,Индустриальные и средние города,1.0,False
2323,Брейтовский муниципальный район,Ярославская область,0,Малые сельские МО,0,1.0,0.4863,1,Индустриальные и средние города,1.0,False
2324,Гаврилов-Ямский муниципальный район,Ярославская область,0,Малые сельские МО,0,1.0,0.1717,1,Индустриальные и средние города,1.0,False
2325,Даниловский муниципальный район,Ярославская область,0,Малые сельские МО,0,1.0,0.0432,1,Индустриальные и средние города,0.625,True
2326,Любимский муниципальный район,Ярославская область,0,Малые сельские МО,0,1.0,0.4907,1,Индустриальные и средние города,1.0,False
2327,Мышкинский муниципальный район,Ярославская область,0,Малые сельские МО,0,0.6818,0.0209,1,Индустриальные и средние города,0.3077,True
2328,Некоузский муниципальный район,Ярославская область,0,Малые сельские МО,0,1.0,0.0838,1,Индустриальные и средние города,0.8333,False
2329,Некрасовский муниципальный район,Ярославская область,0,Малые сельские МО,0,1.0,0.4188,1,Индустриальные и средние города,1.0,False
233,Корткеросский муниципальный район,Республика Коми,0,Малые сельские МО,0,1.0,0.4265,1,Индустриальные и средние города,1.0,False
2330,Первомайский муниципальный район,Ярославская область,0,Малые сельские МО,0,1.0,0.5305,1,Индустриальные и средние города,1.0,False
2332,Пошехонский муниципальный район,Ярославская область,0,Малые сельские МО,0,1.0,0.5991,1,Индустриальные и средние города,1.0,False
2333,Ростовский муниципальный район,Ярославская область,1,Индустриальные и средние города,1,1.0,0.7279,0,Малые сельские МО,1.0,False
2334,Рыбинский муниципальный район,Ярославская область,1,Индустриальные и средние города,1,1.0,0.1894,0,Малые сельские МО,1.0,False
2335,Тутаевский муниципальный район,Ярославская область,1,Индустриальные и средние города,1,1.0,0.5558,0,Малые сельские МО,1.0,False
2336,Угличский муниципальный район,Ярославская область,1,Индустриальные и средние города,1,1.0,0.6143,2,Столичные агломерации,1.0,False
2337,Ярославский муниципальный район,Ярославская область,1,Индустриальные и средние города,1,1.0,0.0967,2,Столичные агломерации,0.6471,True
2338,городской округ город Биробиджан,Еврейская автономная область,2,Столичные агломерации,2,0.6364,0.0523,1,Индустриальные и средние города,0.6111,True
2339,Биробиджанский муниципальный район,Еврейская автономная область,3,Ресурсный Север и Дальний Восток,3,1.0,0.4364,1,Индустриальные и средние города,1.0,False
234,муниципальный район Печора,Республика Коми,1,Индустриальные и средние города,1,1.0,0.2069,3,Ресурсный Север и Дальний Восток,1.0,False
2340,Ленинский муниципальный район,Еврейская автономная область,1,Индустриальные и средние города,1,1.0,0.0807,0,Малые сельские МО,0.625,True
2341,Облученский муниципальный район,Еврейская автономная область,3,Ресурсный Север и Дальний Восток,3,1.0,0.0714,1,Индустриальные и средние города,0.3571,True
2342,Октябрьский муниципальный район,Еврейская автономная область,0,Малые сельские МО,3,0.6364,0.1209,3,Ресурсный Север и Дальний Восток,0.8824,False
2343,Смидовичский муниципальный район,Еврейская автономная область,1,Индустриальные и средние города,1,0.6364,0.0706,3,Ресурсный Север и Дальний Восток,1.0,False
2344,городской округ Анадырь,Чукотский автономный округ,3,Ресурсный Север и Дальний Восток,3,1.0,0.4481,1,Индустриальные и средние города,1.0,False
2345,городской округ Эгвекинот,Чукотский автономный округ,3,Ресурсный Север и Дальний Восток,3,1.0,0.4544,1,Индустриальные и средние города,1.0,False
2348,Анадырский муниципальный район,Чукотский автономный округ,3,Ресурсный Север и Дальний Восток,3,1.0,0.5274,1,Индустриальные и средние города,1.0,False
2349,Билибинский муниципальный район,Чукотский автономный округ,3,Ресурсный Север и Дальний Восток,3,1.0,0.4889,1,Индустриальные и средние города,1.0,False
235,Прилузский муниципальный район,Республика Коми,0,Малые сельские МО,0,1.0,0.4778,1,Индустриальные и средние города,1.0,False
2351,внутригородская территория города федерального значения муниципальный округ Коломна,Санкт-Петербург,1,Индустриальные и средние города,1,1.0,0.0781,2,Столичные агломерации,0.5294,True
2352,внутригородская территория города федерального значения муниципальный округ Сенной округ,Санкт-Петербург,2,Столичные агломерации,2,1.0,0.6237,1,Индустриальные и средние города,1.0,False
2353,внутригородская территория города федерального значения муниципальный округ Адмиралтейский округ,Санкт-Петербург,2,Столичные агломерации,2,1.0,0.4537,1,Индустриальные и средние города,1.0,False
2354,внутригородская территория города федерального значения муниципальный округ Семеновский,Санкт-Петербург,2,Столичные агломерации,2,1.0,0.201,1,Индустриальные и средние города,1.0,False
2355,внутригородская территория города федерального значения муниципальный округ Измайловское,Санкт-Петербург,2,Столичные агломерации,2,1.0,0.6005,1,Индустриальные и средние города,1.0,False
2356,внутригородская территория города федерального значения муниципальный округ Екатерингофский,Санкт-Петербург,2,Столичные агломерации,2,1.0,0.5952,1,Индустриальные и средние города,1.0,False
2357,внутригородская территория города федерального значения муниципальный округ № 7,Санкт-Петербург,2,Столичные агломерации,2,1.0,0.5818,1,Индустриальные и средние города,1.0,False
2358,внутригородская территория города федерального значения муниципальный округ Васильевский,Санкт-Петербург,2,Столичные агломерации,2,1.0,0.5695,1,Индустриальные и средние города,1.0,False
2359,внутригородская территория города федерального значения муниципальный округ Гавань,Санкт-Петербург,2,Столичные агломерации,2,1.0,0.5564,1,Индустриальные и средние города,1.0,False
236,муниципальный район Сосногорск,Республика Коми,1,Индустриальные и средние города,1,1.0,0.2978,0,Малые сельские МО,1.0,False
2360,внутригородская территория города федерального значения муниципальный округ Морской,Санкт-Петербург,2,Столичные агломерации,2,1.0,0.5811,1,Индустриальные и средние города,1.0,False
2361,внутригородская территория города федерального значения муниципальный округ Остров Декабристов,Санкт-Петербург,2,Столичные агломерации,2,1.0,0.5628,1,Индустриальные и средние города,1.0,False
2362,внутригородская территория города федерального значения поселок Левашово,Санкт-Петербург,1,Индустриальные и средние города,1,1.0,0.2735,2,Столичные агломерации,1.0,False
2363,внутригородская территория города федерального значения поселок Парголово,Санкт-Петербург,2,Столичные агломерации,2,1.0,0.4474,1,Индустриальные и средние города,1.0,False
2364,внутригородская территория города федерального значения муниципальный округ Сампсониевское,Санкт-Петербург,2,Столичные агломерации,2,1.0,0.7517,1,Индустриальные и средние города,1.0,False
2365,внутригородская территория города федерального значения муниципальный округ Светлановское,Санкт-Петербург,2,Столичные агломерации,2,1.0,0.6729,1,Индустриальные и средние города,1.0,False
2366,внутригородская территория города федерального значения муниципальный округ Сосновское,Санкт-Петербург,2,Столичные агломерации,2,1.0,0.0736,1,Индустриальные и средние города,1.0,False
2367,внутригородская территория города федерального значения муниципальный округ № 15,Санкт-Петербург,2,Столичные агломерации,2,1.0,0.4316,1,Индустриальные и средние города,1.0,False
2368,внутригородская территория города федерального значения муниципальный округ Сергиевское,Санкт-Петербург,2,Столичные агломерации,2,1.0,0.1597,1,Индустриальные и средние города,0.8947,False
2369,внутригородская территория города федерального значения муниципальный округ Шувалово-Озерки,Санкт-Петербург,2,Столичные агломерации,2,1.0,0.3679,1,Индустриальные и средние города,1.0,False
237,Сыктывдинский муниципальный район,Республика Коми,1,Индустриальные и средние города,1,0.8636,0.1285,0,Малые сельские МО,1.0,False
2370,внутригородская территория города федерального значения поселок Лисий Нос,Санкт-Петербург,2,Столичные агломерации,1,0.6364,0.037,1,Индустриальные и средние города,0.5882,True
2371,внутригородская территория города федерального значения муниципальный округ Лахта-Ольгино,Санкт-Петербург,2,Столичные агломерации,2,1.0,0.4095,1,Индустриальные и средние города,1.0,False
2372,внутригородская территория города федерального значения муниципальный округ № 65,Санкт-Петербург,2,Столичные агломерации,2,1.0,0.648,1,Индустриальные и средние города,1.0,False
2373,внутригородская территория города федерального значения муниципальный округ Ланское,Санкт-Петербург,2,Столичные агломерации,2,1.0,0.5153,1,Индустриальные и средние города,1.0,False
2374,внутригородская территория города федерального значения муниципальный округ Комендантский аэродром,Санкт-Петербург,2,Столичные агломерации,2,1.0,0.627,1,Индустриальные и средние города,1.0,False
2375,внутригородская территория города федерального значения муниципальный округ Озеро Долгое,Санкт-Петербург,2,Столичные агломерации,2,1.0,0.5492,1,Индустриальные и средние города,1.0,False
2376,внутригородская территория города федерального значения муниципальный округ Юнтолово,Санкт-Петербург,2,Столичные агломерации,2,1.0,0.6659,1,Индустриальные и средние города,1.0,False
2377,внутригородская территория города федерального значения муниципальный округ Коломяги,Санкт-Петербург,2,Столичные агломерации,2,1.0,0.3971,1,Индустриальные и средние города,1.0,False
2378,внутригородская территория города федерального значения муниципальный округ Гражданка,Санкт-Петербург,2,Столичные агломерации,2,1.0,0.3248,1,Индустриальные и средние города,1.0,False
2379,внутригородская территория города федерального значения муниципальный округ Академическое,Санкт-Петербург,2,Столичные агломерации,2,1.0,0.0498,1,Индустриальные и средние города,0.9333,False
238,Сысольский муниципальный район,Республика Коми,0,Малые сельские МО,0,1.0,0.5554,1,Индустриальные и средние города,1.0,False
2380,внутригородская территория города федерального значения муниципальный округ Финляндский округ,Санкт-Петербург,2,Столичные агломерации,2,1.0,0.5843,1,Индустриальные и средние города,1.0,False
2381,внутригородская территория города федерального значения муниципальный округ № 21,Санкт-Петербург,2,Столичные агломерации,2,1.0,0.6294,1,Индустриальные и средние города,1.0,False
2382,внутригородская территория города федерального значения муниципальный округ Пискаревка,Санкт-Петербург,2,Столичные агломерации,2,1.0,0.5583,1,Индустриальные и средние города,1.0,False
2383,внутригородская территория города федерального значения муниципальный округ Северный,Санкт-Петербург,2,Столичные агломерации,2,1.0,0.2056,1,Индустриальные и средние города,1.0,False
2384,внутригородская территория города федерального значения муниципальный округ Прометей,Санкт-Петербург,2,Столичные агломерации,2,1.0,0.0529,1,Индустриальные и средние города,0.7895,False
2385,внутригородская территория города федерального значения муниципальный округ Княжево,Санкт-Петербург,2,Столичные агломерации,2,1.0,0.5335,1,Индустриальные и средние города,1.0,False
2386,внутригородская территория города федерального значения муниципальный округ Ульянка,Санкт-Петербург,2,Столичные агломерации,2,1.0,0.0858,1,Индустриальные и средние города,1.0,False
2387,внутригородская территория города федерального значения муниципальный округ Дачное,Санкт-Петербург,2,Столичные агломерации,2,1.0,0.0828,1,Индустриальные и средние города,1.0,False
2388,внутригородская территория города федерального значения муниципальный округ Автово,Санкт-Петербург,2,Столичные агломерации,2,1.0,0.3674,1,Индустриальные и средние города,1.0,False
2389,внутригородская территория города федерального значения муниципальный округ Нарвский округ,Санкт-Петербург,2,Столичные агломерации,2,1.0,0.4523,1,Индустриальные и средние города,1.0,False
239,Троицко-Печорский муниципальный район,Республика Коми,0,Малые сельские МО,0,1.0,0.5233,1,Индустриальные и средние города,1.0,False
2390,внутригородская территория города федерального значения муниципальный округ Красненькая речка,Санкт-Петербург,2,Столичные агломерации,2,1.0,0.0723,1,Индустриальные и средние города,0.8667,False
2391,внутригородская территория города федерального значения муниципальный округ Морские ворота,Санкт-Петербург,2,Столичные агломерации,2,0.5909,0.0336,1,Индустриальные и средние города,0.6154,True
2392,внутригородская территория города федерального значения город Колпино,Санкт-Петербург,2,Столичные агломерации,2,1.0,0.0874,1,Индустриальные и средние города,0.9375,False
2393,внутригородская территория города федерального значения поселок Металлострой,Санкт-Петербург,1,Индустриальные и средние города,1,1.0,0.1002,2,Столичные агломерации,0.9375,False
2395,внутригородская территория города федерального значения поселок Понтонный,Санкт-Петербург,1,Индустриальные и средние города,1,1.0,0.137,2,Столичные агломерации,1.0,False
2398,внутригородская территория города федерального значения муниципальный округ Полюстрово,Санкт-Петербург,2,Столичные агломерации,2,1.0,0.4357,1,Индустриальные и средние города,1.0,False
2399,внутригородская территория города федерального значения муниципальный округ Большая Охта,Санкт-Петербург,2,Столичные агломерации,2,1.0,0.7224,1,Индустриальные и средние города,1.0,False
240,Удорский муниципальный район,Республика Коми,0,Малые сельские МО,0,1.0,0.4806,1,Индустриальные и средние города,1.0,False
2400,внутригородская территория города федерального значения муниципальный округ Малая Охта,Санкт-Петербург,2,Столичные агломерации,2,1.0,0.5891,1,Индустриальные и средние города,1.0,False
2401,внутригородская территория города федерального значения муниципальный округ Пороховые,Санкт-Петербург,2,Столичные агломерации,2,1.0,0.1891,1,Индустриальные и средние города,1.0,False
2402,внутригородская территория города федерального значения муниципальный округ Ржевка,Санкт-Петербург,2,Столичные агломерации,2,1.0,0.3921,1,Индустриальные и средние города,1.0,False
2403,внутригородская территория города федерального значения город Красное Село,Санкт-Петербург,2,Столичные агломерации,1,0.6364,0.0391,1,Индустриальные и средние города,0.5,True
2404,внутригородская территория города федерального значения муниципальный округ Юго-Запад,Санкт-Петербург,2,Столичные агломерации,2,1.0,0.3465,1,Индустриальные и средние города,1.0,False
2405,внутригородская территория города федерального значения муниципальный округ Южно-Приморский,Санкт-Петербург,2,Столичные агломерации,2,1.0,0.3864,1,Индустриальные и средние города,1.0,False
2406,внутригородская территория города федерального значения муниципальный округ Сосновая поляна,Санкт-Петербург,2,Столичные агломерации,2,1.0,0.3402,1,Индустриальные и средние города,1.0,False
2407,внутригородская территория города федерального значения муниципальный округ Урицк,Санкт-Петербург,2,Столичные агломерации,2,1.0,0.0882,1,Индустриальные и средние города,1.0,False
2408,внутригородская территория города федерального значения муниципальный округ Константиновское,Санкт-Петербург,1,Индустриальные и средние города,1,1.0,0.0685,2,Столичные агломерации,0.7368,True
2409,внутригородская территория города федерального значения муниципальный округ Горелово,Санкт-Петербург,2,Столичные агломерации,2,1.0,0.3452,1,Индустриальные и средние города,1.0,False
241,Усть-Вымский муниципальный район,Республика Коми,1,Индустриальные и средние города,1,1.0,0.2063,0,Малые сельские МО,1.0,False
2410,внутригородская территория города федерального значения город Кронштадт,Санкт-Петербург,1,Индустриальные и средние города,1,1.0,0.0945,2,Столичные агломерации,0.9375,False
2411,внутригородская территория города федерального значения город Зеленогорск,Санкт-Петербург,1,Индустриальные и средние города,1,1.0,0.2141,2,Столичные агломерации,1.0,False
2412,внутригородская территория города федерального значения город Сестрорецк,Санкт-Петербург,2,Столичные агломерации,2,1.0,0.3211,1,Индустриальные и средние города,1.0,False
2416,внутригородская территория города федерального значения поселок Песочный,Санкт-Петербург,1,Индустриальные и средние города,1,1.0,0.1832,2,Столичные агломерации,1.0,False
242,Усть-Куломский муниципальный район,Республика Коми,0,Малые сельские МО,0,1.0,0.5013,1,Индустриальные и средние города,1.0,False
2422,внутригородская территория города федерального значения город Ломоносов,Санкт-Петербург,1,Индустриальные и средние города,1,1.0,0.1097,2,Столичные агломерации,0.8824,False
2423,внутригородская территория города федерального значения муниципальный округ Московская застава,Санкт-Петербург,2,Столичные агломерации,2,1.0,0.6099,1,Индустриальные и средние города,1.0,False
2424,внутригородская территория города федерального значения муниципальный округ Гагаринское,Санкт-Петербург,2,Столичные агломерации,2,1.0,0.622,1,Индустриальные и средние города,1.0,False
2425,внутригородская территория города федерального значения муниципальный округ Новоизмайловское,Санкт-Петербург,2,Столичные агломерации,2,1.0,0.5631,1,Индустриальные и средние города,1.0,False
2426,внутригородская территория города федерального значения муниципальный округ Пулковский меридиан,Санкт-Петербург,2,Столичные агломерации,2,1.0,0.2666,1,Индустриальные и средние города,1.0,False
2427,внутригородская территория города федерального значения муниципальный округ Звездное,Санкт-Петербург,2,Столичные агломерации,2,1.0,0.7569,1,Индустриальные и средние города,1.0,False
2428,внутригородская территория города федерального значения муниципальный округ Невская застава,Санкт-Петербург,2,Столичные агломерации,2,1.0,0.5973,1,Индустриальные и средние города,1.0,False
2429,внутригородская территория города федерального значения муниципальный округ Ивановский,Санкт-Петербург,1,Индустриальные и средние города,1,1.0,0.0676,2,Столичные агломерации,0.6,True
243,Усть-Цилемский муниципальный район,Республика Коми,0,Малые сельские МО,0,1.0,0.3264,3,Ресурсный Север и Дальний Восток,1.0,False
2430,внутригородская территория города федерального значения муниципальный округ Обуховский,Санкт-Петербург,2,Столичные агломерации,2,1.0,0.1531,1,Индустриальные и средние города,0.7778,False
2431,внутригородская территория города федерального значения муниципальный округ Рыбацкое,Санкт-Петербург,2,Столичные агломерации,2,1.0,0.3638,1,Индустриальные и средние города,1.0,False
2432,внутригородская территория города федерального значения муниципальный округ Народный,Санкт-Петербург,2,Столичные агломерации,2,1.0,0.2879,1,Индустриальные и средние города,1.0,False
2433,внутригородская территория города федерального значения муниципальный округ № 54,Санкт-Петербург,2,Столичные агломерации,2,1.0,0.3729,1,Индустриальные и средние города,1.0,False
2434,внутригородская территория города федерального значения муниципальный округ Невский округ,Санкт-Петербург,2,Столичные агломерации,2,1.0,0.363,1,Индустриальные и средние города,1.0,False
2435,внутригородская территория города федерального значения муниципальный округ Оккервиль,Санкт-Петербург,2,Столичные агломерации,2,1.0,0.0848,1,Индустриальные и средние города,1.0,False
2436,внутригородская территория города федерального значения муниципальный округ Правобережный,Санкт-Петербург,2,Столичные агломерации,2,1.0,0.1342,1,Индустриальные и средние города,1.0,False
2437,внутригородская территория города федерального значения город Павловск,Санкт-Петербург,1,Индустриальные и средние города,1,1.0,0.1001,2,Столичные агломерации,1.0,False
2439,внутригородская территория города федерального значения муниципальный округ Введенский,Санкт-Петербург,2,Столичные агломерации,2,1.0,0.362,1,Индустриальные и средние города,1.0,False
2440,внутригородская территория города федерального значения муниципальный округ Кронверкское,Санкт-Петербург,2,Столичные агломерации,2,1.0,0.5305,1,Индустриальные и средние города,1.0,False
2441,внутригородская территория города федерального значения муниципальный округ Посадский,Санкт-Петербург,2,Столичные агломерации,2,1.0,0.6263,1,Индустриальные и средние города,1.0,False
2442,внутригородская территория города федерального значения муниципальный округ Аптекарский остров,Санкт-Петербург,2,Столичные агломерации,2,1.0,0.4826,1,Индустриальные и средние города,1.0,False
2443,внутригородская территория города федерального значения муниципальный округ округ Петровский,Санкт-Петербург,2,Столичные агломерации,2,1.0,0.5061,1,Индустриальные и средние города,1.0,False
2444,внутригородская территория города федерального значения муниципальный округ Чкаловское,Санкт-Петербург,2,Столичные агломерации,2,1.0,0.6161,1,Индустриальные и средние города,1.0,False
2445,внутригородская территория города федерального значения город Петергоф,Санкт-Петербург,1,Индустриальные и средние города,1,1.0,0.0887,2,Столичные агломерации,0.8421,False
2446,внутригородская территория города федерального значения поселок Стрельна,Санкт-Петербург,1,Индустриальные и средние города,1,1.0,0.0831,2,Столичные агломерации,0.9412,False
2447,внутригородская территория города федерального значения город Пушкин,Санкт-Петербург,2,Столичные агломерации,2,1.0,0.2915,1,Индустриальные и средние города,1.0,False
2449,внутригородская территория города федерального значения поселок Шушары,Санкт-Петербург,2,Столичные агломерации,2,1.0,0.3758,1,Индустриальные и средние города,1.0,False
2450,внутригородская территория города федерального значения муниципальный округ Волковское,Санкт-Петербург,2,Столичные агломерации,2,1.0,0.6023,1,Индустриальные и средние города,1.0,False
2451,внутригородская территория города федерального значения муниципальный округ № 72,Санкт-Петербург,2,Столичные агломерации,1,0.5455,0.0636,1,Индустриальные и средние города,0.8235,False
2452,внутригородская территория города федерального значения муниципальный округ Купчино,Санкт-Петербург,2,Столичные агломерации,2,1.0,0.1665,1,Индустриальные и средние города,1.0,False
2453,внутригородская территория города федерального значения муниципальный округ Георгиевский,Санкт-Петербург,2,Столичные агломерации,2,1.0,0.0641,1,Индустриальные и средние города,0.8947,False
2454,внутригородская территория города федерального значения муниципальный округ № 75,Санкт-Петербург,2,Столичные агломерации,2,1.0,0.4402,1,Индустриальные и средние города,1.0,False
2455,внутригородская территория города федерального значения муниципальный округ Балканский,Санкт-Петербург,2,Столичные агломерации,2,1.0,0.3078,1,Индустриальные и средние города,1.0,False
2456,внутригородская территория города федерального значения муниципальный округ Дворцовый округ,Санкт-Петербург,2,Столичные агломерации,2,1.0,0.404,1,Индустриальные и средние города,1.0,False
2457,внутригородская территория города федерального значения муниципальный округ № 78,Санкт-Петербург,2,Столичные агломерации,2,1.0,0.4477,1,Индустриальные и средние города,1.0,False
2458,внутригородская территория города федерального значения муниципальный округ Литейный округ,Санкт-Петербург,2,Столичные агломерации,2,1.0,0.643,1,Индустриальные и средние города,1.0,False
2459,внутригородская территория города федерального значения муниципальный округ Смольнинское,Санкт-Петербург,2,Столичные агломерации,2,1.0,0.5908,1,Индустриальные и средние города,1.0,False
2460,внутригородская территория города федерального значения муниципальный округ Лиговка-Ямская,Санкт-Петербург,2,Столичные агломерации,2,1.0,0.4501,1,Индустриальные и средние города,1.0,False
2461,внутригородская территория города федерального значения муниципальный округ Владимирский округ,Санкт-Петербург,2,Столичные агломерации,2,1.0,0.6733,1,Индустриальные и средние города,1.0,False
2462,внутригородская территория города федерального значения муниципальный округ Богородское,Москва,2,Столичные агломерации,2,1.0,0.6826,1,Индустриальные и средние города,1.0,False
2463,внутригородская территория города федерального значения муниципальный округ Вешняки,Москва,2,Столичные агломерации,2,1.0,0.5569,1,Индустриальные и средние города,1.0,False
2464,внутригородская территория города федерального значения муниципальный округ Восточное Измайлово,Москва,2,Столичные агломерации,2,1.0,0.4439,1,Индустриальные и средние города,1.0,False
2465,внутригородская территория города федерального значения муниципальный округ Восточный,Москва,1,Индустриальные и средние города,1,1.0,0.1258,2,Столичные агломерации,1.0,False
2466,внутригородская территория города федерального значения муниципальный округ Гольяново,Москва,2,Столичные агломерации,2,1.0,0.6502,1,Индустриальные и средние города,1.0,False
2467,внутригородская территория города федерального значения муниципальный округ Ивановское,Москва,2,Столичные агломерации,2,1.0,0.2204,1,Индустриальные и средние города,1.0,False
2468,внутригородская территория города федерального значения муниципальный округ Измайлово,Москва,2,Столичные агломерации,2,1.0,0.6577,1,Индустриальные и средние города,1.0,False
2469,внутригородская территория города федерального значения муниципальный округ Косино-Ухтомский,Москва,2,Столичные агломерации,2,1.0,0.6805,1,Индустриальные и средние города,1.0,False
2470,внутригородская территория города федерального значения муниципальный округ Новогиреево,Москва,2,Столичные агломерации,2,1.0,0.6112,1,Индустриальные и средние города,1.0,False
2471,внутригородская территория города федерального значения муниципальный округ Новокосино,Москва,2,Столичные агломерации,2,1.0,0.5732,1,Индустриальные и средние города,1.0,False
2472,внутригородская территория города федерального значения муниципальный округ Метрогородок,Москва,2,Столичные агломерации,2,1.0,0.557,1,Индустриальные и средние города,1.0,False
2473,внутригородская территория города федерального значения муниципальный округ Перово,Москва,2,Столичные агломерации,2,1.0,0.8605,1,Индустриальные и средние города,1.0,False
2474,внутригородская территория города федерального значения муниципальный округ Северное Измайлово,Москва,2,Столичные агломерации,2,1.0,0.6807,1,Индустриальные и средние города,1.0,False
2475,внутригородская территория города федерального значения муниципальный округ Соколиная гора,Москва,2,Столичные агломерации,2,1.0,0.5965,1,Индустриальные и средние города,1.0,False
2476,внутригородская территория города федерального значения муниципальный округ Сокольники,Москва,2,Столичные агломерации,2,1.0,0.7309,1,Индустриальные и средние города,1.0,False
2477,внутригородская территория города федерального значения муниципальный округ Преображенское,Москва,2,Столичные агломерации,2,1.0,0.5202,1,Индустриальные и средние города,1.0,False
2478,внутригородская территория города федерального значения муниципальный округ Внуково,Москва,2,Столичные агломерации,2,1.0,0.0487,1,Индустриальные и средние города,0.625,True
2479,внутригородская территория города федерального значения муниципальный округ Дорогомилово,Москва,2,Столичные агломерации,2,1.0,0.548,1,Индустриальные и средние города,1.0,False
2480,внутригородская территория города федерального значения муниципальный округ Крылатское,Москва,2,Столичные агломерации,2,1.0,0.6837,1,Индустриальные и средние города,1.0,False
2481,внутригородская территория города федерального значения муниципальный округ Кунцево,Москва,2,Столичные агломерации,2,1.0,0.7793,1,Индустриальные и средние города,1.0,False
2482,внутригородская территория города федерального значения муниципальный округ Можайский,Москва,2,Столичные агломерации,2,1.0,0.7364,1,Индустриальные и средние города,1.0,False
2483,внутригородская территория города федерального значения муниципальный округ Ново-Переделкино,Москва,2,Столичные агломерации,2,1.0,0.8789,1,Индустриальные и средние города,1.0,False
2484,внутригородская территория города федерального значения муниципальный округ Очаково-Матвеевское,Москва,2,Столичные агломерации,2,1.0,0.5623,1,Индустриальные и средние города,1.0,False
2485,внутригородская территория города федерального значения муниципальный округ Проспект Вернадского,Москва,2,Столичные агломерации,2,1.0,0.7699,1,Индустриальные и средние города,1.0,False
2486,внутригородская территория города федерального значения муниципальный округ Раменки,Москва,2,Столичные агломерации,2,1.0,0.7066,1,Индустриальные и средние города,1.0,False
2487,внутригородская территория города федерального значения муниципальный округ Солнцево,Москва,2,Столичные агломерации,2,1.0,0.4927,1,Индустриальные и средние города,1.0,False
2488,внутригородская территория города федерального значения муниципальный округ Тропарево-Никулино,Москва,2,Столичные агломерации,2,1.0,0.6291,1,Индустриальные и средние города,1.0,False
2489,внутригородская территория города федерального значения муниципальный округ Филевский парк,Москва,2,Столичные агломерации,2,1.0,0.5615,1,Индустриальные и средние города,1.0,False
2490,внутригородская территория города федерального значения муниципальный округ Фили-Давыдково,Москва,2,Столичные агломерации,2,1.0,0.7699,1,Индустриальные и средние города,1.0,False
2491,внутригородская территория города федерального значения муниципальный округ Крюково,Москва,2,Столичные агломерации,2,1.0,0.5445,1,Индустриальные и средние города,1.0,False
2492,внутригородская территория города федерального значения муниципальный округ Матушкино,Москва,2,Столичные агломерации,2,1.0,0.1096,1,Индустриальные и средние города,1.0,False
2493,внутригородская территория города федерального значения муниципальный округ Силино,Москва,2,Столичные агломерации,2,1.0,0.5574,1,Индустриальные и средние города,1.0,False
2494,внутригородская территория города федерального значения муниципальный округ Аэропорт,Москва,2,Столичные агломерации,2,1.0,0.6869,1,Индустриальные и средние города,1.0,False
2495,внутригородская территория города федерального значения муниципальный округ Беговой,Москва,2,Столичные агломерации,2,1.0,0.5799,1,Индустриальные и средние города,1.0,False
2496,внутригородская территория города федерального значения муниципальный округ Бескудниковский,Москва,2,Столичные агломерации,2,1.0,0.5551,1,Индустриальные и средние города,1.0,False
2497,внутригородская территория города федерального значения муниципальный округ Войковский,Москва,2,Столичные агломерации,2,1.0,0.7568,1,Индустриальные и средние города,1.0,False
2498,внутригородская территория города федерального значения муниципальный округ Восточное Дегунино,Москва,2,Столичные агломерации,2,1.0,0.5918,1,Индустриальные и средние города,1.0,False
2499,внутригородская территория города федерального значения муниципальный округ Головинский,Москва,2,Столичные агломерации,2,1.0,0.5132,1,Индустриальные и средние города,1.0,False
25,городской округ город Нефтекамск,Республика Башкортостан,1,Индустриальные и средние города,1,1.0,0.1796,2,Столичные агломерации,1.0,False
2500,внутригородская территория города федерального значения муниципальный округ Дмитровский,Москва,2,Столичные агломерации,2,1.0,0.516,1,Индустриальные и средние города,1.0,False
2501,внутригородская территория города федерального значения муниципальный округ Западное Дегунино,Москва,2,Столичные агломерации,2,1.0,0.5358,1,Индустриальные и средние города,1.0,False
2502,внутригородская территория города федерального значения муниципальный округ Коптево,Москва,2,Столичные агломерации,2,1.0,0.5422,1,Индустриальные и средние города,1.0,False
2503,внутригородская территория города федерального значения муниципальный округ Левобережный,Москва,2,Столичные агломерации,2,1.0,0.2691,1,Индустриальные и средние города,1.0,False
2504,внутригородская территория города федерального значения муниципальный округ Молжаниновский,Москва,2,Столичные агломерации,2,1.0,0.068,1,Индустриальные и средние города,1.0,False
2505,внутригородская территория города федерального значения муниципальный округ Савеловский,Москва,2,Столичные агломерации,2,1.0,0.6241,1,Индустриальные и средние города,1.0,False
2506,внутригородская территория города федерального значения муниципальный округ Сокол,Москва,2,Столичные агломерации,2,1.0,0.5496,1,Индустриальные и средние города,1.0,False
2507,внутригородская территория города федерального значения муниципальный округ Тимирязевский,Москва,2,Столичные агломерации,2,1.0,0.6157,1,Индустриальные и средние города,1.0,False
2508,внутригородская территория города федерального значения муниципальный округ Ховрино,Москва,2,Столичные агломерации,2,1.0,0.4999,1,Индустриальные и средние города,1.0,False
2509,внутригородская территория города федерального значения муниципальный округ Хорошевский,Москва,2,Столичные агломерации,2,1.0,0.5659,1,Индустриальные и средние города,1.0,False
2510,внутригородская территория города федерального значения муниципальный округ Алексеевский,Москва,2,Столичные агломерации,2,1.0,0.6082,1,Индустриальные и средние города,1.0,False
2511,внутригородская территория города федерального значения муниципальный округ Алтуфьевский,Москва,2,Столичные агломерации,2,1.0,0.2122,1,Индустриальные и средние города,1.0,False
2512,внутригородская территория города федерального значения муниципальный округ Бабушкинский,Москва,2,Столичные агломерации,2,1.0,0.7682,1,Индустриальные и средние города,1.0,False
2513,внутригородская территория города федерального значения муниципальный округ Бибирево,Москва,2,Столичные агломерации,2,1.0,0.5589,1,Индустриальные и средние города,1.0,False
2514,внутригородская территория города федерального значения муниципальный округ Бутырский,Москва,2,Столичные агломерации,2,1.0,0.5853,1,Индустриальные и средние города,1.0,False
2515,внутригородская территория города федерального значения муниципальный округ Лианозово,Москва,2,Столичные агломерации,2,1.0,0.2876,1,Индустриальные и средние города,1.0,False
2516,внутригородская территория города федерального значения муниципальный округ Лосиноостровский,Москва,2,Столичные агломерации,2,1.0,0.4277,1,Индустриальные и средние города,1.0,False
2517,внутригородская территория города федерального значения муниципальный округ Марфино,Москва,2,Столичные агломерации,2,1.0,0.5589,1,Индустриальные и средние города,1.0,False
2518,внутригородская территория города федерального значения муниципальный округ Марьина роща,Москва,2,Столичные агломерации,2,1.0,0.5125,1,Индустриальные и средние города,1.0,False
2519,внутригородская территория города федерального значения муниципальный округ Останкинский,Москва,2,Столичные агломерации,2,1.0,0.5518,1,Индустриальные и средние города,1.0,False
2520,внутригородская территория города федерального значения муниципальный округ Отрадное,Москва,2,Столичные агломерации,2,1.0,0.5855,1,Индустриальные и средние города,1.0,False
2521,внутригородская территория города федерального значения муниципальный округ Ростокино,Москва,2,Столичные агломерации,2,1.0,0.6917,1,Индустриальные и средние города,1.0,False
2522,внутригородская территория города федерального значения муниципальный округ Свиблово,Москва,2,Столичные агломерации,2,1.0,0.3967,1,Индустриальные и средние города,1.0,False
2523,внутригородская территория города федерального значения муниципальный округ Северное Медведково,Москва,2,Столичные агломерации,2,1.0,0.6074,1,Индустриальные и средние города,1.0,False
2524,внутригородская территория города федерального значения муниципальный округ Северный,Москва,2,Столичные агломерации,2,1.0,0.5082,1,Индустриальные и средние города,1.0,False
2525,внутригородская территория города федерального значения муниципальный округ Южное Медведково,Москва,2,Столичные агломерации,2,1.0,0.659,1,Индустриальные и средние города,1.0,False
2526,внутригородская территория города федерального значения муниципальный округ Ярославский,Москва,2,Столичные агломерации,2,1.0,0.5171,1,Индустриальные и средние города,1.0,False
2527,внутригородская территория города федерального значения муниципальный округ Куркино,Москва,2,Столичные агломерации,2,1.0,0.5017,1,Индустриальные и средние города,1.0,False
2528,внутригородская территория города федерального значения муниципальный округ Митино,Москва,2,Столичные агломерации,2,1.0,0.6551,1,Индустриальные и средние города,1.0,False
2529,внутригородская территория города федерального значения муниципальный округ Покровское-Стрешнево,Москва,2,Столичные агломерации,2,1.0,0.5789,1,Индустриальные и средние города,1.0,False
2530,внутригородская территория города федерального значения муниципальный округ Северное Тушино,Москва,2,Столичные агломерации,2,1.0,0.5954,1,Индустриальные и средние города,1.0,False
2531,внутригородская территория города федерального значения муниципальный округ Строгино,Москва,2,Столичные агломерации,2,1.0,0.6436,1,Индустриальные и средние города,1.0,False
2532,внутригородская территория города федерального значения муниципальный округ Хорошево-Мневники,Москва,2,Столичные агломерации,2,1.0,0.6598,1,Индустриальные и средние города,1.0,False
2533,внутригородская территория города федерального значения муниципальный округ Щукино,Москва,2,Столичные агломерации,2,1.0,0.5348,1,Индустриальные и средние города,1.0,False
2534,внутригородская территория города федерального значения муниципальный округ Южное Тушино,Москва,2,Столичные агломерации,2,1.0,0.7299,1,Индустриальные и средние города,1.0,False
2535,внутригородская территория города федерального значения муниципальный округ Арбат,Москва,2,Столичные агломерации,2,1.0,0.6468,1,Индустриальные и средние города,1.0,False
2536,внутригородская территория города федерального значения муниципальный округ Басманный,Москва,2,Столичные агломерации,2,1.0,0.6528,1,Индустриальные и средние города,1.0,False
2537,внутригородская территория города федерального значения муниципальный округ Замоскворечье,Москва,2,Столичные агломерации,2,1.0,0.6892,1,Индустриальные и средние города,1.0,False
2538,внутригородская территория города федерального значения муниципальное образование Савелки,Москва,2,Столичные агломерации,2,1.0,0.154,1,Индустриальные и средние города,1.0,False
2539,внутригородская территория города федерального значения муниципальный округ Красносельский,Москва,2,Столичные агломерации,2,1.0,0.6173,1,Индустриальные и средние города,1.0,False
2540,внутригородская территория города федерального значения муниципальный округ Мещанский,Москва,2,Столичные агломерации,2,1.0,0.43,1,Индустриальные и средние города,1.0,False
2541,внутригородская территория города федерального значения муниципальный округ Пресненский,Москва,2,Столичные агломерации,2,1.0,0.5349,1,Индустриальные и средние города,1.0,False
2542,внутригородская территория города федерального значения муниципальный округ Таганский,Москва,2,Столичные агломерации,2,1.0,0.5125,1,Индустриальные и средние города,1.0,False
2543,внутригородская территория города федерального значения муниципальный округ Тверской,Москва,2,Столичные агломерации,2,1.0,0.4827,1,Индустриальные и средние города,1.0,False
2544,внутригородская территория города федерального значения муниципальный округ Хамовники,Москва,2,Столичные агломерации,2,1.0,0.5144,1,Индустриальные и средние города,1.0,False
2545,внутригородская территория города федерального значения муниципальный округ Якиманка,Москва,2,Столичные агломерации,2,1.0,0.5927,1,Индустриальные и средние города,1.0,False
2546,внутригородская территория города федерального значения муниципальный округ Выхино-Жулебино,Москва,2,Столичные агломерации,2,1.0,0.7672,1,Индустриальные и средние города,1.0,False
2547,внутригородская территория города федерального значения муниципальный округ Капотня,Москва,1,Индустриальные и средние города,1,1.0,0.1119,2,Столичные агломерации,0.9231,False
2548,внутригородская территория города федерального значения муниципальный округ Кузьминки,Москва,2,Столичные агломерации,2,1.0,0.5125,1,Индустриальные и средние города,1.0,False
2549,внутригородская территория города федерального значения муниципальный округ Лефортово,Москва,2,Столичные агломерации,2,1.0,0.5497,1,Индустриальные и средние города,1.0,False
2550,внутригородская территория города федерального значения муниципальный округ Люблино,Москва,2,Столичные агломерации,2,1.0,0.583,1,Индустриальные и средние города,1.0,False
2551,внутригородская территория города федерального значения муниципальный округ Марьино,Москва,2,Столичные агломерации,2,1.0,0.491,1,Индустриальные и средние города,1.0,False
2552,внутригородская территория города федерального значения муниципальный округ Некрасовка,Москва,2,Столичные агломерации,2,1.0,0.5995,1,Индустриальные и средние города,1.0,False
2553,внутригородская территория города федерального значения муниципальный округ Нижегородский,Москва,2,Столичные агломерации,2,1.0,0.5982,1,Индустриальные и средние города,1.0,False
2554,внутригородская территория города федерального значения муниципальный округ Печатники,Москва,2,Столичные агломерации,2,1.0,0.6951,1,Индустриальные и средние города,1.0,False
2555,внутригородская территория города федерального значения муниципальный округ Рязанский,Москва,2,Столичные агломерации,2,1.0,0.608,1,Индустриальные и средние города,1.0,False
2556,внутригородская территория города федерального значения муниципальный округ Текстильщики,Москва,2,Столичные агломерации,2,1.0,0.6976,1,Индустриальные и средние города,1.0,False
2557,внутригородская территория города федерального значения муниципальный округ Южнопортовый,Москва,2,Столичные агломерации,2,1.0,0.5675,1,Индустриальные и средние города,1.0,False
2558,внутригородская территория города федерального значения муниципальный округ Академический,Москва,2,Столичные агломерации,2,1.0,0.6425,1,Индустриальные и средние города,1.0,False
2559,внутригородская территория города федерального значения муниципальный округ Гагаринский,Москва,2,Столичные агломерации,2,1.0,0.5265,1,Индустриальные и средние города,1.0,False
2560,внутригородская территория города федерального значения муниципальный округ Зюзино,Москва,2,Столичные агломерации,2,1.0,0.5603,1,Индустриальные и средние города,1.0,False
2561,внутригородская территория города федерального значения муниципальный округ Коньково,Москва,2,Столичные агломерации,2,1.0,0.6189,1,Индустриальные и средние города,1.0,False
2562,внутригородская территория города федерального значения муниципальный округ Котловка,Москва,2,Столичные агломерации,2,1.0,0.5029,1,Индустриальные и средние города,1.0,False
2563,внутригородская территория города федерального значения муниципальный округ Ломоносовский,Москва,2,Столичные агломерации,2,1.0,0.6977,1,Индустриальные и средние города,1.0,False
2564,внутригородская территория города федерального значения муниципальный округ Обручевский,Москва,2,Столичные агломерации,2,1.0,0.636,1,Индустриальные и средние города,1.0,False
2565,внутригородская территория города федерального значения муниципальный округ Северное Бутово,Москва,2,Столичные агломерации,2,1.0,0.7292,1,Индустриальные и средние города,1.0,False
2566,внутригородская территория города федерального значения муниципальный округ Теплый Стан,Москва,2,Столичные агломерации,2,1.0,0.4371,1,Индустриальные и средние города,1.0,False
2567,внутригородская территория города федерального значения муниципальный округ Черемушки,Москва,2,Столичные агломерации,2,1.0,0.4956,1,Индустриальные и средние города,1.0,False
2568,внутригородская территория города федерального значения муниципальный округ Южное Бутово,Москва,2,Столичные агломерации,2,1.0,0.7839,1,Индустриальные и средние города,1.0,False
2569,внутригородская территория города федерального значения муниципальный округ Ясенево,Москва,2,Столичные агломерации,2,1.0,0.5817,1,Индустриальные и средние города,1.0,False
2570,внутригородская территория города федерального значения муниципальный округ Бирюлево Восточное,Москва,2,Столичные агломерации,2,1.0,0.69,1,Индустриальные и средние города,1.0,False
2571,внутригородская территория города федерального значения муниципальный округ Бирюлево Западное,Москва,2,Столичные агломерации,2,1.0,0.1307,1,Индустриальные и средние города,0.7333,True
2572,внутригородская территория города федерального значения муниципальный округ Братеево,Москва,2,Столичные агломерации,2,1.0,0.7583,1,Индустриальные и средние города,1.0,False
2573,внутригородская территория города федерального значения муниципальный округ Даниловский,Москва,2,Столичные агломерации,2,1.0,0.546,1,Индустриальные и средние города,1.0,False
2574,внутригородская территория города федерального значения муниципальный округ Донской,Москва,2,Столичные агломерации,2,1.0,0.5397,1,Индустриальные и средние города,1.0,False
2575,внутригородская территория города федерального значения муниципальный округ Зябликово,Москва,2,Столичные агломерации,2,1.0,0.0497,1,Индустриальные и средние города,1.0,False
2576,внутригородская территория города федерального значения муниципальный округ Москворечье-Сабурово,Москва,2,Столичные агломерации,2,1.0,0.7196,1,Индустриальные и средние города,1.0,False
2577,внутригородская территория города федерального значения муниципальный округ Нагатино-Садовники,Москва,2,Столичные агломерации,2,1.0,0.606,1,Индустриальные и средние города,1.0,False
2578,внутригородская территория города федерального значения муниципальный округ Нагатинский затон,Москва,2,Столичные агломерации,2,1.0,0.306,1,Индустриальные и средние города,1.0,False
2579,внутригородская территория города федерального значения муниципальный округ Нагорный,Москва,2,Столичные агломерации,2,1.0,0.5026,1,Индустриальные и средние города,1.0,False
2580,внутригородская территория города федерального значения муниципальный округ Орехово-Борисово Северное,Москва,2,Столичные агломерации,2,1.0,0.53,1,Индустриальные и средние города,1.0,False
2581,внутригородская территория города федерального значения муниципальный округ Орехово-Борисово Южное,Москва,2,Столичные агломерации,2,1.0,0.1558,1,Индустриальные и средние города,1.0,False
2582,внутригородская территория города федерального значения муниципальный округ Царицыно,Москва,2,Столичные агломерации,2,1.0,0.7971,1,Индустриальные и средние города,1.0,False
2583,внутригородская территория города федерального значения муниципальный округ Чертаново Северное,Москва,2,Столичные агломерации,2,1.0,0.5283,1,Индустриальные и средние города,1.0,False
2584,внутригородская территория города федерального значения муниципальный округ Чертаново Центральное,Москва,2,Столичные агломерации,2,1.0,0.5906,1,Индустриальные и средние города,1.0,False
2585,внутригородская территория города федерального значения муниципальный округ Чертаново Южное,Москва,2,Столичные агломерации,2,1.0,0.6146,1,Индустриальные и средние города,1.0,False
2586,внутригородская территория города федерального значения муниципальный округ Старое Крюково,Москва,2,Столичные агломерации,2,1.0,0.3935,1,Индустриальные и средние города,1.0,False
2587,внутригородская территория города федерального значения городской округ Троицк,Москва,2,Столичные агломерации,2,1.0,0.3333,1,Индустриальные и средние города,1.0,False
2588,внутригородская территория города федерального значения городской округ Щербинка,Москва,2,Столичные агломерации,2,1.0,0.377,1,Индустриальные и средние города,1.0,False
2589,внутригородская территория города федерального значения поселение Внуковское,Москва,2,Столичные агломерации,2,1.0,0.33,1,Индустриальные и средние города,1.0,False
2590,внутригородская территория города федерального значения поселение Воскресенское,Москва,2,Столичные агломерации,2,1.0,0.3592,1,Индустриальные и средние города,1.0,False
2591,внутригородская территория города федерального значения поселение Вороновское,Москва,1,Индустриальные и средние города,1,1.0,0.2496,2,Столичные агломерации,1.0,False
2592,внутригородская территория города федерального значения поселение Десеновское,Москва,2,Столичные агломерации,2,1.0,0.0631,1,Индустриальные и средние города,0.8333,False
2593,внутригородская территория города федерального значения поселение Киевский,Москва,1,Индустриальные и средние города,1,1.0,0.1197,0,Малые сельские МО,1.0,False
2595,внутригородская территория города федерального значения поселение Кокошкино,Москва,1,Индустриальные и средние города,1,1.0,0.2653,2,Столичные агломерации,1.0,False
2596,внутригородская территория города федерального значения поселение Краснопахорское,Москва,1,Индустриальные и средние города,1,1.0,0.187,2,Столичные агломерации,1.0,False
2597,внутригородская территория города федерального значения поселение Марушкинское,Москва,2,Столичные агломерации,2,1.0,0.169,1,Индустриальные и средние города,1.0,False
2598,внутригородская территория города федерального значения поселение Михайлово-Ярцевское,Москва,1,Индустриальные и средние города,1,1.0,0.3511,2,Столичные агломерации,1.0,False
2599,внутригородская территория города федерального значения поселение Московский,Москва,2,Столичные агломерации,2,1.0,0.6945,1,Индустриальные и средние города,1.0,False
26,городской округ город Октябрьский,Республика Башкортостан,1,Индустриальные и средние города,1,1.0,0.4315,2,Столичные агломерации,1.0,False
2600,"внутригородская территория города федерального значения поселение Мосрентген""""",Москва,2,Столичные агломерации,2,1.0,0.3565,1,Индустриальные и средние города,1.0,False
2601,внутригородская территория города федерального значения поселение Новофедоровское,Москва,1,Индустриальные и средние города,1,1.0,0.279,2,Столичные агломерации,1.0,False
2602,внутригородская территория города федерального значения поселение Первомайское,Москва,2,Столичные агломерации,2,1.0,0.0326,1,Индустриальные и средние города,0.625,True
2604,внутригородская территория города федерального значения поселение Рязановское,Москва,2,Столичные агломерации,2,1.0,0.4335,1,Индустриальные и средние города,1.0,False
2605,внутригородская территория города федерального значения поселение Сосенское,Москва,2,Столичные агломерации,2,1.0,0.8313,1,Индустриальные и средние города,1.0,False
2606,внутригородская территория города федерального значения поселение Филимонковское,Москва,1,Индустриальные и средние города,1,1.0,0.1143,2,Столичные агломерации,1.0,False
2607,внутригородская территория города федерального значения поселение Щаповское,Москва,1,Индустриальные и средние города,1,1.0,0.3255,2,Столичные агломерации,1.0,False
2618,городской округ город Мантурово,Костромская область,0,Малые сельские МО,0,1.0,0.2771,1,Индустриальные и средние города,1.0,False
2619,городской округ город Переславль-Залесский,Ярославская область,1,Индустриальные и средние города,1,1.0,0.3845,2,Столичные агломерации,1.0,False
2620,городской округ Соликамский,Пермский край,1,Индустриальные и средние города,1,1.0,0.4613,2,Столичные агломерации,1.0,False
2621,городской округ город Березники,Пермский край,1,Индустриальные и средние города,1,1.0,0.3508,2,Столичные агломерации,1.0,False
2644,городской округ Серпухов,Московская область,2,Столичные агломерации,2,1.0,0.2154,1,Индустриальные и средние города,1.0,False
2646,городской округ город Обнинск,Калужская область,2,Столичные агломерации,2,1.0,0.5913,1,Индустриальные и средние города,1.0,False
2647,Боровский муниципальный район,Калужская область,1,Индустриальные и средние города,1,1.0,0.3791,2,Столичные агломерации,1.0,False
2648,городской округ Лосино-Петровский,Московская область,1,Индустриальные и средние города,1,1.0,0.282,2,Столичные агломерации,1.0,False
2649,городской округ Щёлково,Московская область,2,Столичные агломерации,2,1.0,0.3078,1,Индустриальные и средние города,1.0,False
2651,городской округ Одинцовский,Московская область,2,Столичные агломерации,2,1.0,0.5608,1,Индустриальные и средние города,1.0,False
2652,городской округ Орехово-Зуевский,Московская область,2,Столичные агломерации,2,1.0,0.0406,1,Индустриальные и средние города,0.7857,False
269,городской округ город Йошкар-Ола,Республика Марий Эл,2,Столичные агломерации,1,0.6818,0.0339,1,Индустриальные и средние города,0.5556,True
27,городской округ город Салават,Республика Башкортостан,1,Индустриальные и средние города,1,1.0,0.2649,2,Столичные агломерации,1.0,False
270,городской округ город Волжск,Республика Марий Эл,1,Индустриальные и средние города,1,1.0,0.3736,0,Малые сельские МО,1.0,False
271,городской округ город Козьмодемьянск,Республика Марий Эл,1,Индустриальные и средние города,1,1.0,0.2381,0,Малые сельские МО,1.0,False
2710,городской округ Вышневолоцкий,Тверская область,1,Индустриальные и средние города,1,1.0,0.5481,0,Малые сельские МО,1.0,False
272,Волжский муниципальный район,Республика Марий Эл,0,Малые сельские МО,0,1.0,0.0751,1,Индустриальные и средние города,0.7647,False
273,Горномарийский муниципальный район,Республика Марий Эл,0,Малые сельские МО,0,1.0,0.4556,1,Индустриальные и средние города,1.0,False
274,Звениговский муниципальный район,Республика Марий Эл,1,Индустриальные и средние города,1,1.0,0.3104,0,Малые сельские МО,1.0,False
275,Килемарский муниципальный район,Республика Марий Эл,0,Малые сельские МО,0,1.0,0.6003,1,Индустриальные и средние города,1.0,False
276,Куженерский муниципальный район,Республика Марий Эл,0,Малые сельские МО,0,1.0,0.3016,1,Индустриальные и средние города,1.0,False
277,Мари-Турекский муниципальный район,Республика Марий Эл,0,Малые сельские МО,0,1.0,0.6296,1,Индустриальные и средние города,1.0,False
278,Медведевский муниципальный район,Республика Марий Эл,1,Индустриальные и средние города,1,1.0,0.408,2,Столичные агломерации,1.0,False
279,Моркинский муниципальный район,Республика Марий Эл,0,Малые сельские МО,0,1.0,0.3947,1,Индустриальные и средние города,1.0,False
28,городской округ город Сибай,Республика Башкортостан,1,Индустриальные и средние города,1,1.0,0.5239,2,Столичные агломерации,1.0,False
280,Новоторъяльский муниципальный район,Республика Марий Эл,0,Малые сельские МО,0,1.0,0.5651,1,Индустриальные и средние города,1.0,False
2808,городской округ Коломна,Московская область,2,Столичные агломерации,2,1.0,0.2248,1,Индустриальные и средние города,1.0,False
2809,муниципальный округ Кунгурский,Пермский край,1,Индустриальные и средние города,1,1.0,0.6587,2,Столичные агломерации,1.0,False
281,Оршанский муниципальный район,Республика Марий Эл,0,Малые сельские МО,0,1.0,0.4538,1,Индустриальные и средние города,1.0,False
2813,городской округ Шатура,Московская область,1,Индустриальные и средние города,1,1.0,0.3987,2,Столичные агломерации,1.0,False
2814,городской округ Пушкинский,Московская область,2,Столичные агломерации,2,1.0,0.4365,1,Индустриальные и средние города,1.0,False
282,Параньгинский муниципальный район,Республика Марий Эл,0,Малые сельские МО,0,1.0,0.5927,1,Индустриальные и средние города,1.0,False
283,Сернурский муниципальный район,Республика Марий Эл,0,Малые сельские МО,0,1.0,0.0441,1,Индустриальные и средние города,0.4,True
284,Советский муниципальный район,Республика Марий Эл,0,Малые сельские МО,0,1.0,0.1145,1,Индустриальные и средние города,1.0,False
285,Юринский муниципальный район,Республика Марий Эл,0,Малые сельские МО,0,1.0,0.5981,1,Индустриальные и средние города,1.0,False
287,Ардатовский муниципальный район,Республика Мордовия,0,Малые сельские МО,0,1.0,0.6925,1,Индустриальные и средние города,1.0,False
2872,муниципальный округ Приуральский район,Ямало-Ненецкий автономный округ,3,Ресурсный Север и Дальний Восток,3,1.0,0.4612,1,Индустриальные и средние города,1.0,False
2876,городской округ город-курорт Кисловодск,Ставропольский край,1,Индустриальные и средние города,1,1.0,0.0597,2,Столичные агломерации,0.7778,False
2879,городской округ город Губкинский,Ямало-Ненецкий автономный округ,1,Индустриальные и средние города,1,1.0,0.0509,3,Ресурсный Север и Дальний Восток,0.8824,False
288,Атюрьевский муниципальный район,Республика Мордовия,0,Малые сельские МО,0,1.0,0.5287,1,Индустриальные и средние города,1.0,False
2880,городской округ город Лабытнанги,Ямало-Ненецкий автономный округ,3,Ресурсный Север и Дальний Восток,3,1.0,0.0945,1,Индустриальные и средние города,0.125,True
2881,Предгорный муниципальный округ,Ставропольский край,1,Индустриальные и средние города,1,1.0,0.4197,2,Столичные агломерации,1.0,False
2882,муниципальный округ Пуровский район,Ямало-Ненецкий автономный округ,1,Индустриальные и средние города,1,1.0,0.0612,3,Ресурсный Север и Дальний Восток,0.8571,False
2883,муниципальный округ Кимрский,Тверская область,1,Индустриальные и средние города,1,1.0,0.5932,2,Столичные агломерации,1.0,False
2884,муниципальный округ Ржевский,Тверская область,1,Индустриальные и средние города,1,1.0,0.4609,2,Столичные агломерации,1.0,False
2885,муниципальный округ Кудымкарский,Пермский край,1,Индустриальные и средние города,1,1.0,0.097,0,Малые сельские МО,0.6111,True
2886,муниципальный округ Губахинский,Пермский край,1,Индустриальные и средние города,1,1.0,0.425,0,Малые сельские МО,1.0,False
2887,городской округ город Саратов,Саратовская область,2,Столичные агломерации,2,1.0,0.3013,1,Индустриальные и средние города,1.0,False
289,Атяшевский муниципальный район,Республика Мордовия,0,Малые сельские МО,0,1.0,0.4243,1,Индустриальные и средние города,1.0,False
29,городской округ город Стерлитамак,Республика Башкортостан,1,Индустриальные и средние города,1,1.0,0.074,2,Столичные агломерации,0.625,True
290,Большеберезниковский муниципальный район,Республика Мордовия,0,Малые сельские МО,0,1.0,0.592,1,Индустриальные и средние города,1.0,False
292,Дубенский муниципальный район,Республика Мордовия,0,Малые сельские МО,0,1.0,0.6204,1,Индустриальные и средние города,1.0,False
293,Ельниковский муниципальный район,Республика Мордовия,0,Малые сельские МО,0,1.0,0.6375,1,Индустриальные и средние города,1.0,False
294,Зубово-Полянский муниципальный район,Республика Мордовия,0,Малые сельские МО,0,1.0,0.0667,1,Индустриальные и средние города,1.0,False
295,Инсарский муниципальный район,Республика Мордовия,0,Малые сельские МО,0,1.0,0.3091,1,Индустриальные и средние города,1.0,False
296,Ичалковский муниципальный район,Республика Мордовия,0,Малые сельские МО,0,1.0,0.5555,1,Индустриальные и средние города,1.0,False
297,Кадошкинский муниципальный район,Республика Мордовия,0,Малые сельские МО,0,1.0,0.4653,1,Индустриальные и средние города,1.0,False
298,Ковылкинский муниципальный район,Республика Мордовия,1,Индустриальные и средние города,1,1.0,0.0675,0,Малые сельские МО,1.0,False
3,Гиагинский муниципальный район,Республика Адыгея,1,Индустриальные и средние города,1,1.0,0.218,0,Малые сельские МО,1.0,False
30,Абзелиловский муниципальный район,Республика Башкортостан,0,Малые сельские МО,0,1.0,0.1276,1,Индустриальные и средние города,1.0,False
300,Краснослободский муниципальный район,Республика Мордовия,0,Малые сельские МО,0,1.0,0.4322,1,Индустриальные и средние города,1.0,False
3005,городской округ город Арзамас,Нижегородская область,1,Индустриальные и средние города,1,1.0,0.4888,2,Столичные агломерации,1.0,False
3007,Прокопьевский муниципальный округ,Кемеровская область,1,Индустриальные и средние города,1,1.0,0.2474,0,Малые сельские МО,1.0,False
3009,городской округ город Тамбов,Тамбовская область,1,Индустриальные и средние города,1,1.0,0.2174,2,Столичные агломерации,0.9412,False
301,Лямбирский муниципальный район,Республика Мордовия,1,Индустриальные и средние города,1,1.0,0.1668,0,Малые сельские МО,1.0,False
3011,городской округ Златоустовский,Челябинская область,1,Индустриальные и средние города,1,1.0,0.3947,2,Столичные агломерации,1.0,False
3012,Кусинский муниципальный район,Челябинская область,0,Малые сельские МО,0,1.0,0.5996,1,Индустриальные и средние города,1.0,False
3013,городской округ Солнечногорск,Московская область,2,Столичные агломерации,2,1.0,0.4293,1,Индустриальные и средние города,1.0,False
302,Ромодановский муниципальный район,Республика Мордовия,0,Малые сельские МО,0,1.0,0.4679,1,Индустриальные и средние города,1.0,False
303,Рузаевский муниципальный район,Республика Мордовия,1,Индустриальные и средние города,1,1.0,0.6532,0,Малые сельские МО,1.0,False
304,Старошайговский муниципальный район,Республика Мордовия,0,Малые сельские МО,0,1.0,0.6249,1,Индустриальные и средние города,1.0,False
305,Темниковский муниципальный район,Республика Мордовия,0,Малые сельские МО,0,1.0,0.5253,1,Индустриальные и средние города,1.0,False
306,Теньгушевский муниципальный район,Республика Мордовия,0,Малые сельские МО,0,1.0,0.6654,1,Индустриальные и средние города,1.0,False
307,Торбеевский муниципальный район,Республика Мордовия,0,Малые сельские МО,0,1.0,0.4386,1,Индустриальные и средние города,1.0,False
308,Чамзинский муниципальный район,Республика Мордовия,1,Индустриальные и средние города,1,1.0,0.1639,0,Малые сельские МО,1.0,False
309,городской округ город Якутск,Республика Саха (Якутия),2,Столичные агломерации,2,1.0,0.0636,3,Ресурсный Север и Дальний Восток,0.6111,True
31,Альшеевский муниципальный район,Республика Башкортостан,0,Малые сельские МО,0,1.0,0.1806,1,Индустриальные и средние города,1.0,False
312,Алданский муниципальный район,Республика Саха (Якутия),3,Ресурсный Север и Дальний Восток,3,1.0,0.2973,1,Индустриальные и средние города,1.0,False
314,Амгинский муниципальный район,Республика Саха (Якутия),3,Ресурсный Север и Дальний Восток,3,1.0,0.4281,0,Малые сельские МО,1.0,False
316,Булунский муниципальный район,Республика Саха (Якутия),3,Ресурсный Север и Дальний Восток,3,1.0,0.4233,1,Индустриальные и средние города,1.0,False
317,Верхневилюйский муниципальный район,Республика Саха (Якутия),3,Ресурсный Север и Дальний Восток,3,1.0,0.4666,0,Малые сельские МО,1.0,False
318,Верхнеколымский муниципальный район,Республика Саха (Якутия),3,Ресурсный Север и Дальний Восток,3,1.0,0.6046,1,Индустриальные и средние города,1.0,False
319,Верхоянский муниципальный район,Республика Саха (Якутия),3,Ресурсный Север и Дальний Восток,3,1.0,0.6425,1,Индустриальные и средние города,1.0,False
32,Архангельский муниципальный район,Республика Башкортостан,0,Малые сельские МО,0,1.0,0.567,1,Индустриальные и средние города,1.0,False
320,Вилюйский муниципальный район,Республика Саха (Якутия),3,Ресурсный Север и Дальний Восток,3,1.0,0.5188,0,Малые сельские МО,1.0,False
321,Горный муниципальный район,Республика Саха (Якутия),3,Ресурсный Север и Дальний Восток,3,1.0,0.2842,0,Малые сельские МО,1.0,False
323,Кобяйский муниципальный район,Республика Саха (Якутия),3,Ресурсный Север и Дальний Восток,3,1.0,0.6999,1,Индустриальные и средние города,1.0,False
324,Нюрбинский муниципальный район,Республика Саха (Якутия),3,Ресурсный Север и Дальний Восток,3,1.0,0.5883,0,Малые сельские МО,1.0,False
325,Ленский муниципальный район,Республика Саха (Якутия),3,Ресурсный Север и Дальний Восток,3,1.0,0.2554,1,Индустриальные и средние города,0.9412,False
326,Мегино-Кангаласский муниципальный район,Республика Саха (Якутия),3,Ресурсный Север и Дальний Восток,3,1.0,0.4924,1,Индустриальные и средние города,1.0,False
327,Мирнинский муниципальный район,Республика Саха (Якутия),1,Индустриальные и средние города,1,1.0,0.1136,2,Столичные агломерации,1.0,False
329,Намский муниципальный район,Республика Саха (Якутия),3,Ресурсный Север и Дальний Восток,3,1.0,0.5216,1,Индустриальные и средние города,1.0,False
33,Аскинский муниципальный район,Республика Башкортостан,0,Малые сельские МО,0,1.0,0.4695,1,Индустриальные и средние города,1.0,False
330,Нерюнгринский муниципальный район,Республика Саха (Якутия),1,Индустриальные и средние города,1,1.0,0.0599,3,Ресурсный Север и Дальний Восток,0.9375,False
331,Нижнеколымский муниципальный район,Республика Саха (Якутия),3,Ресурсный Север и Дальний Восток,3,1.0,0.4849,1,Индустриальные и средние города,1.0,False
332,Оймяконский муниципальный район,Республика Саха (Якутия),3,Ресурсный Север и Дальний Восток,3,1.0,0.4955,1,Индустриальные и средние города,1.0,False
333,Олекминский муниципальный район,Республика Саха (Якутия),3,Ресурсный Север и Дальний Восток,3,1.0,0.3552,1,Индустриальные и средние города,1.0,False
334,Оленекский эвенкийский национальный муниципальный район,Республика Саха (Якутия),3,Ресурсный Север и Дальний Восток,3,1.0,0.6258,1,Индустриальные и средние города,1.0,False
335,Среднеколымский муниципальный район,Республика Саха (Якутия),3,Ресурсный Север и Дальний Восток,3,1.0,0.5389,1,Индустриальные и средние города,1.0,False
336,Сунтарский муниципальный район,Республика Саха (Якутия),3,Ресурсный Север и Дальний Восток,3,1.0,0.5326,0,Малые сельские МО,1.0,False
337,Таттинский муниципальный район,Республика Саха (Якутия),3,Ресурсный Север и Дальний Восток,3,1.0,0.4586,0,Малые сельские МО,1.0,False
338,Томпонский муниципальный район,Республика Саха (Якутия),3,Ресурсный Север и Дальний Восток,3,1.0,0.683,1,Индустриальные и средние города,1.0,False
339,Усть-Алданский муниципальный район,Республика Саха (Якутия),3,Ресурсный Север и Дальний Восток,3,1.0,0.4689,0,Малые сельские МО,1.0,False
34,Аургазинский муниципальный район,Республика Башкортостан,0,Малые сельские МО,0,1.0,0.3086,1,Индустриальные и средние города,1.0,False
340,Усть-Майский муниципальный район,Республика Саха (Якутия),3,Ресурсный Север и Дальний Восток,3,1.0,0.7267,1,Индустриальные и средние города,1.0,False
341,Усть-Янский муниципальный район,Республика Саха (Якутия),3,Ресурсный Север и Дальний Восток,3,1.0,0.4259,1,Индустриальные и средние города,1.0,False
342,Хангаласский муниципальный район,Республика Саха (Якутия),3,Ресурсный Север и Дальний Восток,3,1.0,0.4421,1,Индустриальные и средние города,1.0,False
343,Чурапчинский муниципальный район,Республика Саха (Якутия),3,Ресурсный Север и Дальний Восток,3,1.0,0.4223,0,Малые сельские МО,1.0,False
345,городской округ город Владикавказ,Республика Северная Осетия — Алания,1,Индустриальные и средние города,1,1.0,0.0706,2,Столичные агломерации,0.75,False
346,Алагирский муниципальный район,Республика Северная Осетия — Алания,0,Малые сельские МО,0,1.0,0.1089,1,Индустриальные и средние города,1.0,False
347,Ардонский муниципальный район,Республика Северная Осетия — Алания,0,Малые сельские МО,0,1.0,0.1515,1,Индустриальные и средние города,1.0,False
348,Дигорский муниципальный район,Республика Северная Осетия — Алания,0,Малые сельские МО,0,1.0,0.1682,1,Индустриальные и средние города,1.0,False
349,Ирафский муниципальный район,Республика Северная Осетия — Алания,0,Малые сельские МО,0,1.0,0.2797,1,Индустриальные и средние города,1.0,False
35,Баймакский муниципальный район,Республика Башкортостан,0,Малые сельские МО,1,0.5455,0.077,1,Индустриальные и средние города,1.0,False
351,Моздокский муниципальный район,Республика Северная Осетия — Алания,1,Индустриальные и средние города,1,1.0,0.0941,0,Малые сельские МО,1.0,False
352,Правобережный муниципальный район,Республика Северная Осетия — Алания,0,Малые сельские МО,0,1.0,0.0381,1,Индустриальные и средние города,0.8824,False
354,городской округ город Казань,Республика Татарстан,2,Столичные агломерации,2,1.0,0.4068,1,Индустриальные и средние города,1.0,False
355,городской округ город Набережные Челны,Республика Татарстан,2,Столичные агломерации,2,1.0,0.1043,1,Индустриальные и средние города,0.9231,False
356,Агрызский муниципальный район,Республика Татарстан,1,Индустриальные и средние города,1,1.0,0.1481,0,Малые сельские МО,1.0,False
357,Азнакаевский муниципальный район,Республика Татарстан,1,Индустриальные и средние города,1,1.0,0.0431,0,Малые сельские МО,0.7368,True
358,Аксубаевский муниципальный район,Республика Татарстан,0,Малые сельские МО,0,1.0,0.4659,1,Индустриальные и средние города,1.0,False
359,Актанышский муниципальный район,Республика Татарстан,0,Малые сельские МО,0,1.0,0.1682,1,Индустриальные и средние города,1.0,False
36,Бакалинский муниципальный район,Республика Башкортостан,0,Малые сельские МО,0,1.0,0.4913,1,Индустриальные и средние города,1.0,False
360,Алексеевский муниципальный район,Республика Татарстан,0,Малые сельские МО,1,0.8636,0.1351,1,Индустриальные и средние города,0.6667,True
361,Алькеевский муниципальный район,Республика Татарстан,0,Малые сельские МО,0,1.0,0.3117,1,Индустриальные и средние города,1.0,False
362,Альметьевский муниципальный район,Республика Татарстан,1,Индустриальные и средние города,1,1.0,0.3863,2,Столичные агломерации,1.0,False
363,Апастовский муниципальный район,Республика Татарстан,0,Малые сельские МО,0,1.0,0.3611,1,Индустриальные и средние города,1.0,False
364,Арский муниципальный район,Республика Татарстан,0,Малые сельские МО,0,1.0,0.3718,1,Индустриальные и средние города,1.0,False
365,Атнинский муниципальный район,Республика Татарстан,0,Малые сельские МО,0,1.0,0.3283,1,Индустриальные и средние города,1.0,False
366,Бавлинский муниципальный район,Республика Татарстан,0,Малые сельские МО,0,1.0,0.1532,1,Индустриальные и средние города,1.0,False
367,Балтасинский муниципальный район,Республика Татарстан,0,Малые сельские МО,0,1.0,0.3104,1,Индустриальные и средние города,1.0,False
368,Бугульминский муниципальный район,Республика Татарстан,1,Индустриальные и средние города,1,1.0,0.486,2,Столичные агломерации,1.0,False
369,Буинский муниципальный район,Республика Татарстан,0,Малые сельские МО,0,1.0,0.1158,1,Индустриальные и средние города,1.0,False
37,Балтачевский муниципальный район,Республика Башкортостан,0,Малые сельские МО,0,1.0,0.4649,1,Индустриальные и средние города,1.0,False
370,Верхнеуслонский муниципальный район,Республика Татарстан,1,Индустриальные и средние города,1,1.0,0.0899,0,Малые сельские МО,1.0,False
371,Высокогорский муниципальный район,Республика Татарстан,1,Индустриальные и средние города,1,1.0,0.3295,2,Столичные агломерации,1.0,False
372,Дрожжановский муниципальный район,Республика Татарстан,0,Малые сельские МО,0,1.0,0.4685,1,Индустриальные и средние города,1.0,False
373,Елабужский муниципальный район,Республика Татарстан,1,Индустриальные и средние города,1,1.0,0.4395,2,Столичные агломерации,1.0,False
374,Заинский муниципальный район,Республика Татарстан,1,Индустриальные и средние города,1,1.0,0.584,0,Малые сельские МО,1.0,False
375,Зеленодольский муниципальный район,Республика Татарстан,1,Индустриальные и средние города,1,1.0,0.2301,2,Столичные агломерации,1.0,False
376,Кайбицкий муниципальный район,Республика Татарстан,0,Малые сельские МО,0,1.0,0.2609,1,Индустриальные и средние города,1.0,False
377,Камско-Устьинский муниципальный район,Республика Татарстан,0,Малые сельские МО,0,1.0,0.645,1,Индустриальные и средние города,1.0,False
378,Кукморский муниципальный район,Республика Татарстан,0,Малые сельские МО,0,1.0,0.1766,1,Индустриальные и средние города,1.0,False
379,Лаишевский муниципальный район,Республика Татарстан,1,Индустриальные и средние города,1,1.0,0.0896,2,Столичные агломерации,0.875,False
38,Белебеевский муниципальный район,Республика Башкортостан,1,Индустриальные и средние города,1,1.0,0.6077,2,Столичные агломерации,1.0,False
380,Лениногорский муниципальный район,Республика Татарстан,1,Индустриальные и средние города,1,1.0,0.3708,2,Столичные агломерации,1.0,False
381,Мамадышский муниципальный район,Республика Татарстан,0,Малые сельские МО,0,1.0,0.1526,1,Индустриальные и средние города,1.0,False
382,Менделеевский муниципальный район,Республика Татарстан,0,Малые сельские МО,1,0.5455,0.0332,1,Индустриальные и средние города,0.6111,True
383,Мензелинский муниципальный район,Республика Татарстан,0,Малые сельские МО,0,1.0,0.2619,1,Индустриальные и средние города,1.0,False
384,Муслюмовский муниципальный район,Республика Татарстан,0,Малые сельские МО,0,1.0,0.3331,1,Индустриальные и средние города,1.0,False
385,Нижнекамский муниципальный район,Республика Татарстан,1,Индустриальные и средние города,1,1.0,0.3056,2,Столичные агломерации,1.0,False
386,Новошешминский муниципальный район,Республика Татарстан,0,Малые сельские МО,0,1.0,0.23,1,Индустриальные и средние города,1.0,False
387,Нурлатский муниципальный район,Республика Татарстан,1,Индустриальные и средние города,1,1.0,0.2731,0,Малые сельские МО,1.0,False
388,Пестречинский муниципальный район,Республика Татарстан,1,Индустриальные и средние города,1,1.0,0.2406,2,Столичные агломерации,1.0,False
39,Белокатайский муниципальный район,Республика Башкортостан,0,Малые сельские МО,0,1.0,0.4335,1,Индустриальные и средние города,1.0,False
390,Сабинский муниципальный район,Республика Татарстан,0,Малые сельские МО,0,1.0,0.1844,1,Индустриальные и средние города,1.0,False
391,Сармановский муниципальный район,Республика Татарстан,0,Малые сельские МО,0,1.0,0.258,1,Индустриальные и средние города,1.0,False
392,Спасский муниципальный район,Республика Татарстан,0,Малые сельские МО,0,1.0,0.5111,1,Индустриальные и средние города,1.0,False
393,Тетюшский муниципальный район,Республика Татарстан,0,Малые сельские МО,0,1.0,0.6722,1,Индустриальные и средние города,1.0,False
395,Тюлячинский муниципальный район,Республика Татарстан,0,Малые сельские МО,0,1.0,0.48,1,Индустриальные и средние города,1.0,False
396,Черемшанский муниципальный район,Республика Татарстан,0,Малые сельские МО,0,1.0,0.2254,1,Индустриальные и средние города,1.0,False
397,Чистопольский муниципальный район,Республика Татарстан,1,Индустриальные и средние города,1,1.0,0.6242,2,Столичные агломерации,1.0,False
398,Ютазинский муниципальный район,Республика Татарстан,0,Малые сельские МО,0,1.0,0.159,1,Индустриальные и средние города,1.0,False
4,Кошехабльский муниципальный район,Республика Адыгея,0,Малые сельские МО,0,1.0,0.0937,1,Индустриальные и средние города,1.0,False
40,Белорецкий муниципальный район,Республика Башкортостан,1,Индустриальные и средние города,1,1.0,0.6197,2,Столичные агломерации,1.0,False
401,Бай-Тайгинский муниципальный район,Республика Тыва,0,Малые сельские МО,0,1.0,0.0472,1,Индустриальные и средние города,0.5882,True
402,Барун-Хемчикский муниципальный район,Республика Тыва,0,Малые сельские МО,0,1.0,0.0575,1,Индустриальные и средние города,0.5294,True
403,Дзун-Хемчикский муниципальный район,Республика Тыва,0,Малые сельские МО,0,1.0,0.0673,1,Индустриальные и средние города,0.5882,True
404,Каа-Хемский муниципальный район,Республика Тыва,0,Малые сельские МО,0,1.0,0.0134,1,Индустриальные и средние города,0.5294,True
405,Кызылский муниципальный район,Республика Тыва,1,Индустриальные и средние города,1,1.0,0.0409,0,Малые сельские МО,0.6111,True
408,Пий-Хемский муниципальный район,Республика Тыва,0,Малые сельские МО,0,1.0,0.1195,1,Индустриальные и средние города,0.5,True
41,Бижбулякский муниципальный район,Республика Башкортостан,0,Малые сельские МО,0,1.0,0.4031,1,Индустриальные и средние города,1.0,False
410,Тандинский муниципальный район,Республика Тыва,1,Индустриальные и средние города,0,0.5909,0.0154,0,Малые сельские МО,0.75,False
413,Тоджинский муниципальный район,Республика Тыва,1,Индустриальные и средние города,1,1.0,0.032,0,Малые сельские МО,0.5,True
414,Улуг-Хемский муниципальный район,Республика Тыва,0,Малые сельские МО,0,1.0,0.0257,1,Индустриальные и средние города,0.4667,True
416,Чеди-Хольский муниципальный район,Республика Тыва,0,Малые сельские МО,0,1.0,0.0192,1,Индустриальные и средние города,0.4615,True
418,городской округ город Ижевск,Удмуртская Республика,2,Столичные агломерации,2,1.0,0.23,1,Индустриальные и средние города,1.0,False
419,городской округ город Воткинск,Удмуртская Республика,1,Индустриальные и средние города,1,1.0,0.2639,2,Столичные агломерации,1.0,False
42,Бирский муниципальный район,Республика Башкортостан,1,Индустриальные и средние города,1,1.0,0.3826,2,Столичные агломерации,1.0,False
420,городской округ город Глазов,Удмуртская Республика,1,Индустриальные и средние города,1,1.0,0.5956,2,Столичные агломерации,1.0,False
421,городской округ город Можга,Удмуртская Республика,1,Индустриальные и средние города,1,1.0,0.6307,2,Столичные агломерации,1.0,False
422,городской округ город Сарапул,Удмуртская Республика,1,Индустриальные и средние города,1,1.0,0.2432,2,Столичные агломерации,1.0,False
423,муниципальный округ Алнашский район,Удмуртская Республика,0,Малые сельские МО,0,1.0,0.5117,1,Индустриальные и средние города,1.0,False
424,муниципальный округ Балезинский район,Удмуртская Республика,0,Малые сельские МО,0,1.0,0.3138,1,Индустриальные и средние города,1.0,False
425,муниципальный округ Вавожский район,Удмуртская Республика,0,Малые сельские МО,0,1.0,0.3095,1,Индустриальные и средние города,1.0,False
428,муниципальный округ Граховский район,Удмуртская Республика,0,Малые сельские МО,0,1.0,0.6747,1,Индустриальные и средние города,1.0,False
429,муниципальный округ Дебёсский район,Удмуртская Республика,0,Малые сельские МО,0,1.0,0.5881,1,Индустриальные и средние города,1.0,False
43,Благоварский муниципальный район,Республика Башкортостан,0,Малые сельские МО,0,1.0,0.3513,1,Индустриальные и средние города,1.0,False
430,муниципальный округ Завьяловский район,Удмуртская Республика,1,Индустриальные и средние города,1,1.0,0.3652,2,Столичные агломерации,1.0,False
431,муниципальный округ Игринский район,Удмуртская Республика,0,Малые сельские МО,0,1.0,0.1752,1,Индустриальные и средние города,1.0,False
432,муниципальный округ Камбарский район,Удмуртская Республика,1,Индустриальные и средние города,1,1.0,0.0509,0,Малые сельские МО,0.5,True
433,муниципальный округ Каракулинский район,Удмуртская Республика,0,Малые сельские МО,0,1.0,0.3381,1,Индустриальные и средние города,1.0,False
434,муниципальный округ Кезский район,Удмуртская Республика,0,Малые сельские МО,0,1.0,0.3975,1,Индустриальные и средние города,1.0,False
435,муниципальный округ Кизнерский район,Удмуртская Республика,0,Малые сельские МО,0,1.0,0.6931,1,Индустриальные и средние города,1.0,False
436,муниципальный округ Киясовский район,Удмуртская Республика,0,Малые сельские МО,0,1.0,0.5833,1,Индустриальные и средние города,1.0,False
437,муниципальный округ Красногорский район,Удмуртская Республика,0,Малые сельские МО,0,1.0,0.6287,1,Индустриальные и средние города,1.0,False
438,муниципальный округ Малопургинский район,Удмуртская Республика,0,Малые сельские МО,0,1.0,0.4654,1,Индустриальные и средние города,1.0,False
44,Благовещенский муниципальный район,Республика Башкортостан,1,Индустриальные и средние города,1,1.0,0.5755,2,Столичные агломерации,1.0,False
440,муниципальный округ Сарапульский район,Удмуртская Республика,1,Индустриальные и средние города,1,1.0,0.2286,0,Малые сельские МО,1.0,False
441,муниципальный округ Селтинский район,Удмуртская Республика,0,Малые сельские МО,0,1.0,0.7751,1,Индустриальные и средние города,1.0,False
442,муниципальный округ Сюмсинский район,Удмуртская Республика,0,Малые сельские МО,0,1.0,0.5679,1,Индустриальные и средние города,1.0,False
443,муниципальный округ Увинский район,Удмуртская Республика,1,Индустриальные и средние города,1,1.0,0.4374,0,Малые сельские МО,1.0,False
444,муниципальный округ Шарканский район,Удмуртская Республика,0,Малые сельские МО,0,1.0,0.3934,1,Индустриальные и средние города,1.0,False
445,муниципальный округ Юкаменский район,Удмуртская Республика,0,Малые сельские МО,0,1.0,0.6318,1,Индустриальные и средние города,1.0,False
446,муниципальный округ Якшур-Бодьинский район,Удмуртская Республика,0,Малые сельские МО,0,1.0,0.4395,1,Индустриальные и средние города,1.0,False
447,муниципальный округ Ярский район,Удмуртская Республика,0,Малые сельские МО,0,1.0,0.5533,1,Индустриальные и средние города,1.0,False
448,городской округ город Абакан,Республика Хакасия,1,Индустриальные и средние города,1,1.0,0.3109,2,Столичные агломерации,1.0,False
449,городской округ город Абаза,Республика Хакасия,0,Малые сельские МО,0,1.0,0.394,1,Индустриальные и средние города,1.0,False
45,Буздякский муниципальный район,Республика Башкортостан,0,Малые сельские МО,0,1.0,0.3151,1,Индустриальные и средние города,1.0,False
450,городской округ город Саяногорск,Республика Хакасия,1,Индустриальные и средние города,1,1.0,0.4238,2,Столичные агломерации,1.0,False
451,городской округ город Сорск,Республика Хакасия,0,Малые сельские МО,0,1.0,0.0692,1,Индустриальные и средние города,1.0,False
452,городской округ город Черногорск,Республика Хакасия,1,Индустриальные и средние города,1,1.0,0.4958,0,Малые сельские МО,1.0,False
453,Алтайский муниципальный район,Республика Хакасия,1,Индустриальные и средние города,1,0.8636,0.0648,0,Малые сельские МО,0.9444,False
455,Бейский муниципальный район,Республика Хакасия,0,Малые сельские МО,0,1.0,0.1908,1,Индустриальные и средние города,0.9412,False
456,Боградский муниципальный район,Республика Хакасия,0,Малые сельские МО,0,1.0,0.5496,1,Индустриальные и средние города,1.0,False
457,Орджоникидзевский муниципальный район,Республика Хакасия,0,Малые сельские МО,0,1.0,0.5615,1,Индустриальные и средние города,1.0,False
458,Таштыпский муниципальный район,Республика Хакасия,0,Малые сельские МО,0,1.0,0.0366,1,Индустриальные и средние города,0.6429,True
459,Усть-Абаканский муниципальный район,Республика Хакасия,1,Индустриальные и средние города,1,1.0,0.1413,0,Малые сельские МО,1.0,False
46,Бураевский муниципальный район,Республика Башкортостан,0,Малые сельские МО,0,1.0,0.3979,1,Индустриальные и средние города,1.0,False
460,Ширинский муниципальный район,Республика Хакасия,0,Малые сельские МО,0,1.0,0.2712,1,Индустриальные и средние города,1.0,False
47,Бурзянский муниципальный район,Республика Башкортостан,0,Малые сельские МО,0,1.0,0.4072,1,Индустриальные и средние города,1.0,False
478,городской округ город Чебоксары,Чувашская Республика,2,Столичные агломерации,2,1.0,0.178,1,Индустриальные и средние города,1.0,False
479,городской округ город Алатырь,Чувашская Республика,0,Малые сельские МО,1,0.6818,0.055,1,Индустриальные и средние города,0.8824,False
48,Гафурийский муниципальный район,Республика Башкортостан,0,Малые сельские МО,0,1.0,0.4521,1,Индустриальные и средние города,1.0,False
480,городской округ город Канаш,Чувашская Республика,1,Индустриальные и средние города,1,1.0,0.6791,0,Малые сельские МО,1.0,False
481,городской округ город Новочебоксарск,Чувашская Республика,1,Индустриальные и средние города,1,1.0,0.2256,2,Столичные агломерации,1.0,False
482,городской округ город Шумерля,Чувашская Республика,1,Индустриальные и средние города,1,1.0,0.195,0,Малые сельские МО,1.0,False
484,Аликовский муниципальный округ,Чувашская Республика,0,Малые сельские МО,0,1.0,0.5123,1,Индустриальные и средние города,1.0,False
485,Батыревский муниципальный округ,Чувашская Республика,0,Малые сельские МО,0,1.0,0.4473,1,Индустриальные и средние города,1.0,False
486,Вурнарский муниципальный округ,Чувашская Республика,0,Малые сельские МО,0,1.0,0.1506,1,Индустриальные и средние города,1.0,False
487,Ибресинский муниципальный округ,Чувашская Республика,0,Малые сельские МО,0,1.0,0.2456,1,Индустриальные и средние города,1.0,False
489,Козловский муниципальный округ,Чувашская Республика,0,Малые сельские МО,0,1.0,0.2311,1,Индустриальные и средние города,1.0,False
49,Давлекановский муниципальный район,Республика Башкортостан,1,Индустриальные и средние города,1,1.0,0.1609,0,Малые сельские МО,0.9375,False
490,Комсомольский муниципальный округ,Чувашская Республика,0,Малые сельские МО,0,1.0,0.4802,1,Индустриальные и средние города,1.0,False
491,Красноармейский муниципальный округ,Чувашская Республика,0,Малые сельские МО,0,1.0,0.3495,1,Индустриальные и средние города,1.0,False
492,Красночетайский муниципальный округ,Чувашская Республика,0,Малые сельские МО,0,1.0,0.4174,1,Индустриальные и средние города,1.0,False
493,Мариинско-Посадский муниципальный округ,Чувашская Республика,0,Малые сельские МО,0,1.0,0.4553,1,Индустриальные и средние города,1.0,False
494,Моргаушский муниципальный округ,Чувашская Республика,0,Малые сельские МО,0,1.0,0.1919,1,Индустриальные и средние города,1.0,False
495,Порецкий муниципальный округ,Чувашская Республика,0,Малые сельские МО,0,1.0,0.6502,1,Индустриальные и средние города,1.0,False
496,Урмарский муниципальный округ,Чувашская Республика,0,Малые сельские МО,0,1.0,0.5494,1,Индустриальные и средние города,1.0,False
497,Цивильский муниципальный округ,Чувашская Республика,1,Индустриальные и средние города,1,1.0,0.3243,0,Малые сельские МО,1.0,False
498,Чебоксарский муниципальный округ,Чувашская Республика,1,Индустриальные и средние города,1,1.0,0.4328,0,Малые сельские МО,1.0,False
499,Шемуршинский муниципальный округ,Чувашская Республика,0,Малые сельские МО,0,1.0,0.4809,1,Индустриальные и средние города,1.0,False
5,Красногвардейский муниципальный район,Республика Адыгея,0,Малые сельские МО,0,1.0,0.3827,1,Индустриальные и средние города,1.0,False
50,Дуванский муниципальный район,Республика Башкортостан,0,Малые сельские МО,0,1.0,0.1667,1,Индустриальные и средние города,1.0,False
501,Ядринский муниципальный округ,Чувашская Республика,0,Малые сельские МО,0,1.0,0.172,1,Индустриальные и средние города,1.0,False
502,Яльчикский муниципальный округ,Чувашская Республика,0,Малые сельские МО,0,1.0,0.5163,1,Индустриальные и средние города,1.0,False
503,Янтиковский муниципальный округ,Чувашская Республика,0,Малые сельские МО,0,1.0,0.4399,1,Индустриальные и средние города,1.0,False
504,городской округ город Барнаул,Алтайский край,2,Столичные агломерации,2,1.0,0.2421,1,Индустриальные и средние города,1.0,False
505,городской округ город Алейск,Алтайский край,1,Индустриальные и средние города,1,1.0,0.3781,0,Малые сельские МО,1.0,False
506,городской округ город Белокуриха,Алтайский край,1,Индустриальные и средние города,1,1.0,0.098,0,Малые сельские МО,1.0,False
507,городской округ город Бийск,Алтайский край,1,Индустриальные и средние города,1,1.0,0.4543,2,Столичные агломерации,1.0,False
508,городской округ город Заринск,Алтайский край,1,Индустриальные и средние города,1,1.0,0.5912,2,Столичные агломерации,1.0,False
509,городской округ город Новоалтайск,Алтайский край,1,Индустриальные и средние города,1,1.0,0.5334,2,Столичные агломерации,1.0,False
51,Дюртюлинский муниципальный район,Республика Башкортостан,1,Индустриальные и средние города,1,1.0,0.4234,0,Малые сельские МО,1.0,False
510,городской округ город Рубцовск,Алтайский край,1,Индустриальные и средние города,1,1.0,0.5127,2,Столичные агломерации,1.0,False
511,муниципальный округ город Славгород,Алтайский край,1,Индустриальные и средние города,1,1.0,0.312,0,Малые сельские МО,1.0,False
512,городской округ город Яровое,Алтайский край,0,Малые сельские МО,0,1.0,0.392,1,Индустриальные и средние города,1.0,False
515,Алтайский муниципальный район,Алтайский край,0,Малые сельские МО,0,1.0,0.0709,1,Индустриальные и средние города,0.9375,False
516,Баевский муниципальный район,Алтайский край,0,Малые сельские МО,0,1.0,0.5456,1,Индустриальные и средние города,1.0,False
517,Бийский муниципальный район,Алтайский край,1,Индустриальные и средние города,1,0.8182,0.0421,0,Малые сельские МО,0.8125,False
518,Благовещенский муниципальный район,Алтайский край,1,Индустриальные и средние города,1,1.0,0.1561,0,Малые сельские МО,1.0,False
519,Бурлинский муниципальный район,Алтайский край,0,Малые сельские МО,0,1.0,0.5326,1,Индустриальные и средние города,1.0,False
52,Ермекеевский муниципальный район,Республика Башкортостан,0,Малые сельские МО,0,1.0,0.3629,1,Индустриальные и средние города,1.0,False
520,Быстроистокский муниципальный район,Алтайский край,0,Малые сельские МО,0,1.0,0.686,1,Индустриальные и средние города,1.0,False
521,Волчихинский муниципальный район,Алтайский край,0,Малые сельские МО,0,1.0,0.6369,1,Индустриальные и средние города,1.0,False
522,Егорьевский муниципальный район,Алтайский край,0,Малые сельские МО,0,1.0,0.4793,1,Индустриальные и средние города,1.0,False
523,Ельцовский муниципальный район,Алтайский край,0,Малые сельские МО,0,1.0,0.3539,1,Индустриальные и средние города,1.0,False
524,Завьяловский муниципальный район,Алтайский край,0,Малые сельские МО,0,1.0,0.5582,1,Индустриальные и средние города,1.0,False
525,Залесовский муниципальный округ,Алтайский край,0,Малые сельские МО,0,1.0,0.7061,1,Индустриальные и средние города,1.0,False
527,Змеиногорский муниципальный район,Алтайский край,0,Малые сельские МО,0,0.6818,0.1406,1,Индустриальные и средние города,1.0,False
528,Калманский муниципальный район,Алтайский край,0,Малые сельские МО,0,1.0,0.4556,1,Индустриальные и средние города,1.0,False
529,Каменский муниципальный район,Алтайский край,1,Индустриальные и средние города,1,1.0,0.0685,0,Малые сельские МО,0.7692,False
53,Зианчуринский муниципальный район,Республика Башкортостан,0,Малые сельские МО,0,1.0,0.364,1,Индустриальные и средние города,1.0,False
530,Ключевский муниципальный район,Алтайский край,0,Малые сельские МО,0,1.0,0.5445,1,Индустриальные и средние города,1.0,False
531,Косихинский муниципальный район,Алтайский край,0,Малые сельские МО,0,1.0,0.5082,1,Индустриальные и средние города,1.0,False
532,Красногорский муниципальный район,Алтайский край,0,Малые сельские МО,0,1.0,0.5162,1,Индустриальные и средние города,1.0,False
533,Краснощёковский муниципальный район,Алтайский край,0,Малые сельские МО,0,1.0,0.4615,1,Индустриальные и средние города,1.0,False
534,Крутихинский муниципальный район,Алтайский край,0,Малые сельские МО,0,1.0,0.6105,1,Индустриальные и средние города,1.0,False
535,Кулундинский муниципальный район,Алтайский край,1,Индустриальные и средние города,1,1.0,0.1687,0,Малые сельские МО,1.0,False
536,Курьинский муниципальный район,Алтайский край,0,Малые сельские МО,0,1.0,0.5828,1,Индустриальные и средние города,1.0,False
537,Кытмановский муниципальный район,Алтайский край,0,Малые сельские МО,0,1.0,0.5788,1,Индустриальные и средние города,1.0,False
538,Локтевский муниципальный район,Алтайский край,0,Малые сельские МО,0,1.0,0.596,1,Индустриальные и средние города,1.0,False
539,Мамонтовский муниципальный район,Алтайский край,0,Малые сельские МО,0,1.0,0.6832,1,Индустриальные и средние города,1.0,False
54,Зилаирский муниципальный район,Республика Башкортостан,0,Малые сельские МО,0,1.0,0.3245,1,Индустриальные и средние города,1.0,False
540,Михайловский муниципальный район,Алтайский край,0,Малые сельские МО,0,1.0,0.4841,1,Индустриальные и средние города,1.0,False
541,Новичихинский муниципальный район,Алтайский край,0,Малые сельские МО,0,1.0,0.4628,1,Индустриальные и средние города,1.0,False
542,Зональный муниципальный район,Алтайский край,0,Малые сельские МО,0,1.0,0.1232,1,Индустриальные и средние города,1.0,False
543,Павловский муниципальный район,Алтайский край,0,Малые сельские МО,0,1.0,0.0501,1,Индустриальные и средние города,1.0,False
544,Панкрушихинский муниципальный район,Алтайский край,0,Малые сельские МО,0,1.0,0.5437,1,Индустриальные и средние города,1.0,False
545,Первомайский муниципальный район,Алтайский край,0,Малые сельские МО,0,1.0,0.2127,1,Индустриальные и средние города,1.0,False
546,Петропавловский муниципальный район,Алтайский край,0,Малые сельские МО,0,1.0,0.4592,1,Индустриальные и средние города,1.0,False
547,Поспелихинский муниципальный район,Алтайский край,0,Малые сельские МО,0,1.0,0.4186,1,Индустриальные и средние города,1.0,False
548,Ребрихинский муниципальный район,Алтайский край,0,Малые сельские МО,0,1.0,0.6674,1,Индустриальные и средние города,1.0,False
549,Родинский муниципальный район,Алтайский край,0,Малые сельские МО,0,1.0,0.6329,1,Индустриальные и средние города,1.0,False
55,Иглинский муниципальный район,Республика Башкортостан,1,Индустриальные и средние города,1,1.0,0.4131,2,Столичные агломерации,1.0,False
550,Романовский муниципальный район,Алтайский край,0,Малые сельские МО,0,1.0,0.4931,1,Индустриальные и средние города,1.0,False
552,Смоленский муниципальный район,Алтайский край,0,Малые сельские МО,0,1.0,0.6051,1,Индустриальные и средние города,1.0,False
553,муниципальный округ Суетский район,Алтайский край,0,Малые сельские МО,0,1.0,0.4913,1,Индустриальные и средние города,1.0,False
554,Советский муниципальный район,Алтайский край,1,Индустриальные и средние города,1,0.8636,0.0929,0,Малые сельские МО,1.0,False
555,Солонешенский муниципальный район,Алтайский край,0,Малые сельские МО,0,1.0,0.5935,1,Индустриальные и средние города,1.0,False
556,Солтонский муниципальный район,Алтайский край,0,Малые сельские МО,0,1.0,0.3517,3,Ресурсный Север и Дальний Восток,1.0,False
557,Шелаболихинский муниципальный район,Алтайский край,0,Малые сельские МО,0,1.0,0.5074,1,Индустриальные и средние города,1.0,False
558,Табунский муниципальный район,Алтайский край,0,Малые сельские МО,0,1.0,0.4898,1,Индустриальные и средние города,1.0,False
559,Тальменский муниципальный район,Алтайский край,0,Малые сельские МО,0,1.0,0.2772,1,Индустриальные и средние города,1.0,False
56,Илишевский муниципальный район,Республика Башкортостан,0,Малые сельские МО,0,1.0,0.2757,1,Индустриальные и средние города,1.0,False
560,Тогульский муниципальный район,Алтайский край,0,Малые сельские МО,0,1.0,0.4372,1,Индустриальные и средние города,1.0,False
561,Топчихинский муниципальный район,Алтайский край,0,Малые сельские МО,0,1.0,0.396,1,Индустриальные и средние города,1.0,False
562,Третьяковский муниципальный район,Алтайский край,0,Малые сельские МО,0,1.0,0.4049,1,Индустриальные и средние города,1.0,False
563,Троицкий муниципальный район,Алтайский край,0,Малые сельские МО,0,1.0,0.6895,1,Индустриальные и средние города,1.0,False
564,Тюменцевский муниципальный район,Алтайский край,0,Малые сельские МО,0,1.0,0.5002,1,Индустриальные и средние города,1.0,False
565,Угловский муниципальный район,Алтайский край,0,Малые сельские МО,0,1.0,0.742,1,Индустриальные и средние города,1.0,False
566,Усть-Калманский муниципальный район,Алтайский край,0,Малые сельские МО,0,1.0,0.6594,1,Индустриальные и средние города,1.0,False
567,Усть-Пристанский муниципальный район,Алтайский край,0,Малые сельские МО,0,1.0,0.5367,1,Индустриальные и средние города,1.0,False
568,Хабарский муниципальный район,Алтайский край,0,Малые сельские МО,0,1.0,0.2236,1,Индустриальные и средние города,1.0,False
569,Целинный муниципальный район,Алтайский край,0,Малые сельские МО,0,1.0,0.4628,1,Индустриальные и средние города,1.0,False
57,Ишимбайский муниципальный район,Республика Башкортостан,1,Индустриальные и средние города,1,1.0,0.4401,2,Столичные агломерации,1.0,False
570,муниципальный округ Чарышский район,Алтайский край,0,Малые сельские МО,0,1.0,0.5765,1,Индустриальные и средние города,1.0,False
571,Шипуновский муниципальный район,Алтайский край,0,Малые сельские МО,0,1.0,0.4899,1,Индустриальные и средние города,1.0,False
572,Немецкий национальный муниципальный район,Алтайский край,0,Малые сельские МО,0,1.0,0.4725,1,Индустриальные и средние города,1.0,False
574,городской округ город Петровск-Забайкальский,Забайкальский край,1,Индустриальные и средние города,0,0.7273,0.0845,0,Малые сельские МО,0.4375,True
578,Балейский муниципальный район,Забайкальский край,0,Малые сельские МО,1,0.5909,0.1214,1,Индустриальные и средние города,1.0,False
579,Борзинский муниципальный район,Забайкальский край,1,Индустриальные и средние города,1,1.0,0.4813,0,Малые сельские МО,1.0,False
58,Калтасинский муниципальный район,Республика Башкортостан,0,Малые сельские МО,0,1.0,0.2406,1,Индустриальные и средние города,1.0,False
580,Газимуро-Заводский муниципальный район,Забайкальский край,3,Ресурсный Север и Дальний Восток,3,1.0,0.3014,1,Индустриальные и средние города,1.0,False
581,Забайкальский муниципальный район,Забайкальский край,1,Индустриальные и средние города,1,1.0,0.2462,0,Малые сельские МО,1.0,False
582,Каларский муниципальный округ,Забайкальский край,1,Индустриальные и средние города,1,1.0,0.1078,3,Ресурсный Север и Дальний Восток,1.0,False
583,Калганский муниципальный район,Забайкальский край,0,Малые сельские МО,3,0.6364,0.1478,3,Ресурсный Север и Дальний Восток,0.4706,True
584,Карымский муниципальный район,Забайкальский край,1,Индустриальные и средние города,1,1.0,0.2386,0,Малые сельские МО,1.0,False
585,муниципальный район Город Краснокаменск и Краснокаменский район,Забайкальский край,1,Индустриальные и средние города,1,1.0,0.5986,2,Столичные агломерации,1.0,False
586,Красночикойский муниципальный район,Забайкальский край,0,Малые сельские МО,0,1.0,0.2484,1,Индустриальные и средние города,0.5625,True
587,Кыринский муниципальный район,Забайкальский край,0,Малые сельские МО,0,0.5455,0.0935,3,Ресурсный Север и Дальний Восток,0.3529,True
588,Могочинский муниципальный район,Забайкальский край,3,Ресурсный Север и Дальний Восток,3,1.0,0.1095,1,Индустриальные и средние города,0.4706,True
589,Нерчинский муниципальный район,Забайкальский край,0,Малые сельские МО,0,1.0,0.0889,1,Индустриальные и средние города,0.5625,True
59,Караидельский муниципальный район,Республика Башкортостан,0,Малые сельские МО,0,1.0,0.469,1,Индустриальные и средние города,1.0,False
591,Оловяннинский муниципальный район,Забайкальский край,0,Малые сельские МО,0,1.0,0.0761,1,Индустриальные и средние города,0.5625,True
592,Ононский муниципальный район,Забайкальский край,0,Малые сельские МО,0,1.0,0.187,3,Ресурсный Север и Дальний Восток,0.6471,True
593,Петровск-Забайкальский муниципальный район,Забайкальский край,0,Малые сельские МО,0,1.0,0.1195,1,Индустриальные и средние города,0.7647,False
594,Приаргунский муниципальный округ,Забайкальский край,0,Малые сельские МО,0,1.0,0.2699,1,Индустриальные и средние города,0.7143,True
595,Сретенский муниципальный район,Забайкальский край,0,Малые сельские МО,0,1.0,0.2997,1,Индустриальные и средние города,0.8889,False
598,Улётовский муниципальный район,Забайкальский край,0,Малые сельские МО,0,1.0,0.3801,1,Индустриальные и средние города,1.0,False
599,Хилокский муниципальный район,Забайкальский край,1,Индустриальные и средние города,1,1.0,0.2048,0,Малые сельские МО,1.0,False
6,Майкопский муниципальный район,Республика Адыгея,1,Индустриальные и средние города,1,1.0,0.2526,0,Малые сельские МО,1.0,False
60,Кармаскалинский муниципальный район,Республика Башкортостан,0,Малые сельские МО,0,1.0,0.1709,1,Индустриальные и средние города,1.0,False
600,Чернышевский муниципальный район,Забайкальский край,1,Индустриальные и средние города,1,1.0,0.1693,3,Ресурсный Север и Дальний Восток,1.0,False
601,Читинский муниципальный район,Забайкальский край,1,Индустриальные и средние города,1,1.0,0.1521,0,Малые сельские МО,0.875,False
602,Шелопугинский муниципальный район,Забайкальский край,0,Малые сельские МО,0,0.6364,0.1307,3,Ресурсный Север и Дальний Восток,1.0,False
603,Шилкинский муниципальный район,Забайкальский край,1,Индустриальные и средние города,1,1.0,0.1405,0,Малые сельские МО,1.0,False
604,городской округ поселок Агинское,Забайкальский край,3,Ресурсный Север и Дальний Восток,0,0.7727,0.0949,0,Малые сельские МО,1.0,False
605,Агинский муниципальный район,Забайкальский край,3,Ресурсный Север и Дальний Восток,3,1.0,0.1286,0,Малые сельские МО,1.0,False
606,Дульдургинский муниципальный район,Забайкальский край,0,Малые сельские МО,0,1.0,0.2711,1,Индустриальные и средние города,0.8667,False
607,Могойтуйский муниципальный район,Забайкальский край,0,Малые сельские МО,0,1.0,0.1141,3,Ресурсный Север и Дальний Восток,0.6471,True
608,городской округ Петропавловск-Камчатский,Камчатский край,2,Столичные агломерации,2,1.0,0.2268,1,Индустриальные и средние города,1.0,False
61,Кигинский муниципальный район,Республика Башкортостан,0,Малые сельские МО,0,1.0,0.4561,1,Индустриальные и средние города,1.0,False
612,Елизовский муниципальный район,Камчатский край,2,Столичные агломерации,2,1.0,0.1406,3,Ресурсный Север и Дальний Восток,1.0,False
613,Мильковский муниципальный район,Камчатский край,3,Ресурсный Север и Дальний Восток,3,1.0,0.1005,1,Индустриальные и средние города,0.8889,False
614,Соболевский муниципальный район,Камчатский край,3,Ресурсный Север и Дальний Восток,3,1.0,0.4813,1,Индустриальные и средние города,1.0,False
615,Усть-Большерецкий муниципальный район,Камчатский край,3,Ресурсный Север и Дальний Восток,3,1.0,0.5869,1,Индустриальные и средние города,1.0,False
616,Усть-Камчатский муниципальный район,Камчатский край,3,Ресурсный Север и Дальний Восток,3,1.0,0.7386,1,Индустриальные и средние города,1.0,False
618,Карагинский муниципальный район,Камчатский край,3,Ресурсный Север и Дальний Восток,3,1.0,0.474,1,Индустриальные и средние города,1.0,False
619,Олюторский муниципальный район,Камчатский край,3,Ресурсный Север и Дальний Восток,3,1.0,0.4304,1,Индустриальные и средние города,1.0,False
62,Краснокамский муниципальный район,Республика Башкортостан,0,Малые сельские МО,0,1.0,0.1028,1,Индустриальные и средние города,1.0,False
621,Тигильский муниципальный район,Камчатский край,3,Ресурсный Север и Дальний Восток,3,1.0,0.5049,1,Индустриальные и средние города,1.0,False
63,Кугарчинский муниципальный район,Республика Башкортостан,0,Малые сельские МО,0,1.0,0.4435,1,Индустриальные и средние города,1.0,False
65,Кушнаренковский муниципальный район,Республика Башкортостан,0,Малые сельские МО,0,1.0,0.401,1,Индустриальные и средние города,1.0,False
66,Мелеузовский муниципальный район,Республика Башкортостан,1,Индустриальные и средние города,1,1.0,0.4373,2,Столичные агломерации,1.0,False
666,городской округ город Красноярск,Красноярский край,2,Столичные агломерации,2,1.0,0.452,1,Индустриальные и средние города,1.0,False
667,городской округ город Ачинск,Красноярский край,1,Индустриальные и средние города,1,1.0,0.5352,2,Столичные агломерации,1.0,False
668,городской округ город Боготол,Красноярский край,1,Индустриальные и средние города,1,1.0,0.0723,0,Малые сельские МО,1.0,False
669,городской округ город Бородино,Красноярский край,1,Индустриальные и средние города,1,1.0,0.0653,0,Малые сельские МО,1.0,False
67,Мечетлинский муниципальный район,Республика Башкортостан,0,Малые сельские МО,0,1.0,0.413,1,Индустриальные и средние города,1.0,False
670,городской округ город Дивногорск,Красноярский край,1,Индустриальные и средние города,1,1.0,0.7681,2,Столичные агломерации,1.0,False
671,городской округ город Енисейск,Красноярский край,0,Малые сельские МО,0,1.0,0.0377,1,Индустриальные и средние города,0.4545,True
674,городской округ город Канск,Красноярский край,1,Индустриальные и средние города,1,1.0,0.4032,0,Малые сельские МО,1.0,False
675,городской округ город Лесосибирск,Красноярский край,1,Индустриальные и средние города,1,1.0,0.7778,2,Столичные агломерации,1.0,False
676,городской округ город Минусинск,Красноярский край,1,Индустриальные и средние города,1,1.0,0.1511,2,Столичные агломерации,0.9444,False
677,городской округ город Назарово,Красноярский край,1,Индустриальные и средние города,1,1.0,0.5688,0,Малые сельские МО,1.0,False
678,городской округ город Норильск,Красноярский край,1,Индустриальные и средние города,1,1.0,0.2182,2,Столичные агломерации,1.0,False
679,городской округ город Сосновоборск,Красноярский край,1,Индустриальные и средние города,1,1.0,0.4044,2,Столичные агломерации,1.0,False
68,Мишкинский муниципальный район,Республика Башкортостан,0,Малые сельские МО,0,1.0,0.5227,1,Индустриальные и средние города,1.0,False
680,городской округ город Шарыпово,Красноярский край,1,Индустриальные и средние города,1,1.0,0.4046,0,Малые сельские МО,1.0,False
683,Абанский муниципальный район,Красноярский край,0,Малые сельские МО,0,1.0,0.7179,1,Индустриальные и средние города,1.0,False
685,Балахтинский муниципальный район,Красноярский край,1,Индустриальные и средние города,1,0.7273,0.2601,0,Малые сельские МО,1.0,False
686,Березовский муниципальный район,Красноярский край,1,Индустриальные и средние города,1,1.0,0.3978,2,Столичные агломерации,1.0,False
687,Бирилюсский муниципальный район,Красноярский край,0,Малые сельские МО,0,1.0,0.633,1,Индустриальные и средние города,1.0,False
689,Богучанский муниципальный район,Красноярский край,1,Индустриальные и средние города,1,1.0,0.4828,0,Малые сельские МО,1.0,False
69,Миякинский муниципальный район,Республика Башкортостан,0,Малые сельские МО,0,1.0,0.4037,1,Индустриальные и средние города,1.0,False
690,Большемуртинский муниципальный район,Красноярский край,0,Малые сельские МО,0,1.0,0.4792,1,Индустриальные и средние города,1.0,False
691,Большеулуйский муниципальный район,Красноярский край,0,Малые сельские МО,0,1.0,0.2368,1,Индустриальные и средние города,1.0,False
692,Дзержинский муниципальный район,Красноярский край,0,Малые сельские МО,0,1.0,0.6384,1,Индустриальные и средние города,1.0,False
693,Емельяновский муниципальный район,Красноярский край,1,Индустриальные и средние города,1,1.0,0.1074,2,Столичные агломерации,1.0,False
694,Енисейский муниципальный район,Красноярский край,0,Малые сельские МО,1,0.8182,0.023,1,Индустриальные и средние города,0.4375,True
695,Ермаковский муниципальный район,Красноярский край,0,Малые сельские МО,0,1.0,0.4634,1,Индустриальные и средние города,1.0,False
696,Идринский муниципальный район,Красноярский край,0,Малые сельские МО,0,1.0,0.5539,1,Индустриальные и средние города,1.0,False
697,Иланский муниципальный район,Красноярский край,1,Индустриальные и средние города,1,1.0,0.0949,0,Малые сельские МО,1.0,False
698,Ирбейский муниципальный район,Красноярский край,0,Малые сельские МО,0,1.0,0.5519,1,Индустриальные и средние города,1.0,False
699,Казачинский муниципальный район,Красноярский край,0,Малые сельские МО,0,1.0,0.6594,1,Индустриальные и средние города,1.0,False
7,Тахтамукайский муниципальный район,Республика Адыгея,2,Столичные агломерации,2,1.0,0.1784,1,Индустриальные и средние города,1.0,False
70,Нуримановский муниципальный район,Республика Башкортостан,0,Малые сельские МО,0,1.0,0.5646,1,Индустриальные и средние города,1.0,False
701,Каратузский муниципальный район,Красноярский край,0,Малые сельские МО,0,1.0,0.5513,1,Индустриальные и средние города,1.0,False
702,Кежемский муниципальный район,Красноярский край,3,Ресурсный Север и Дальний Восток,3,0.7273,0.0868,1,Индустриальные и средние города,0.6,True
703,Козульский муниципальный район,Красноярский край,0,Малые сельские МО,0,1.0,0.464,1,Индустриальные и средние города,1.0,False
704,Краснотуранский муниципальный район,Красноярский край,0,Малые сельские МО,0,1.0,0.4071,1,Индустриальные и средние города,1.0,False
705,Курагинский муниципальный район,Красноярский край,0,Малые сельские МО,0,1.0,0.0473,1,Индустриальные и средние города,0.8235,False
706,Манский муниципальный район,Красноярский край,0,Малые сельские МО,0,1.0,0.7457,1,Индустриальные и средние города,1.0,False
708,Мотыгинский муниципальный район,Красноярский край,3,Ресурсный Север и Дальний Восток,3,1.0,0.2556,0,Малые сельские МО,0.9333,False
71,Салаватский муниципальный район,Республика Башкортостан,0,Малые сельские МО,0,1.0,0.2951,1,Индустриальные и средние города,1.0,False
710,Нижнеингашский муниципальный район,Красноярский край,0,Малые сельские МО,0,1.0,0.5396,1,Индустриальные и средние города,1.0,False
711,Новоселовский муниципальный район,Красноярский край,0,Малые сельские МО,0,1.0,0.3503,3,Ресурсный Север и Дальний Восток,1.0,False
712,Партизанский муниципальный район,Красноярский край,0,Малые сельские МО,0,1.0,0.5495,1,Индустриальные и средние города,1.0,False
713,Пировский муниципальный округ,Красноярский край,0,Малые сельские МО,0,1.0,0.5774,1,Индустриальные и средние города,1.0,False
714,Рыбинский муниципальный район,Красноярский край,1,Индустриальные и средние города,1,1.0,0.047,0,Малые сельские МО,0.7647,False
715,Саянский муниципальный район,Красноярский край,0,Малые сельские МО,0,1.0,0.6423,1,Индустриальные и средние города,1.0,False
716,Северо-Енисейский муниципальный район,Красноярский край,3,Ресурсный Север и Дальний Восток,3,1.0,0.2463,1,Индустриальные и средние города,0.7059,True
717,Сухобузимский муниципальный район,Красноярский край,0,Малые сельские МО,0,1.0,0.556,1,Индустриальные и средние города,1.0,False
718,Таймырский Долгано-Ненецкий муниципальный район,Красноярский край,3,Ресурсный Север и Дальний Восток,3,1.0,0.119,1,Индустриальные и средние города,0.6667,True
719,Тасеевский муниципальный район,Красноярский край,0,Малые сельские МО,0,1.0,0.664,1,Индустриальные и средние города,1.0,False
72,Стерлибашевский муниципальный район,Республика Башкортостан,0,Малые сельские МО,0,1.0,0.4689,1,Индустриальные и средние города,1.0,False
720,Туруханский муниципальный район,Красноярский край,3,Ресурсный Север и Дальний Восток,3,1.0,0.4529,1,Индустриальные и средние города,1.0,False
721,Тюхтетский муниципальный округ,Красноярский край,0,Малые сельские МО,0,1.0,0.4659,1,Индустриальные и средние города,1.0,False
722,Ужурский муниципальный район,Красноярский край,1,Индустриальные и средние города,1,1.0,0.1194,0,Малые сельские МО,1.0,False
723,Уярский муниципальный район,Красноярский край,0,Малые сельские МО,0,1.0,0.1471,1,Индустриальные и средние города,1.0,False
725,Шушенский муниципальный район,Красноярский край,0,Малые сельские МО,0,1.0,0.1478,1,Индустриальные и средние города,1.0,False
726,Эвенкийский муниципальный район,Красноярский край,3,Ресурсный Север и Дальний Восток,3,1.0,0.4607,1,Индустриальные и средние города,1.0,False
727,городской округ Пермский,Пермский край,2,Столичные агломерации,2,1.0,0.2722,1,Индустриальные и средние города,1.0,False
73,Стерлитамакский муниципальный район,Республика Башкортостан,1,Индустриальные и средние города,1,1.0,0.4112,2,Столичные агломерации,1.0,False
731,городской округ Лысьвенский,Пермский край,1,Индустриальные и средние города,1,1.0,0.6511,2,Столичные агломерации,1.0,False
734,муниципальный округ Александровский,Пермский край,1,Индустриальные и средние города,1,1.0,0.0808,0,Малые сельские МО,1.0,False
735,муниципальный округ Бардымский,Пермский край,0,Малые сельские МО,0,1.0,0.1207,1,Индустриальные и средние города,1.0,False
736,муниципальный округ Березовский,Пермский край,0,Малые сельские МО,0,1.0,0.4726,3,Ресурсный Север и Дальний Восток,1.0,False
737,муниципальный округ Большесосновский,Пермский край,0,Малые сельские МО,0,1.0,0.5556,1,Индустриальные и средние города,1.0,False
738,городской округ Верещагинский,Пермский край,0,Малые сельские МО,0,1.0,0.0534,1,Индустриальные и средние города,0.8125,False
739,городской округ Горнозаводский,Пермский край,1,Индустриальные и средние города,1,1.0,0.0703,0,Малые сельские МО,0.8235,False
74,Татышлинский муниципальный район,Республика Башкортостан,0,Малые сельские МО,0,1.0,0.3968,1,Индустриальные и средние города,1.0,False
741,городской округ Добрянский,Пермский край,1,Индустриальные и средние города,1,1.0,0.697,0,Малые сельские МО,1.0,False
742,муниципальный округ Еловский,Пермский край,0,Малые сельские МО,0,1.0,0.5381,1,Индустриальные и средние города,1.0,False
743,городской округ Ильинский,Пермский край,0,Малые сельские МО,0,1.0,0.4948,1,Индустриальные и средние города,1.0,False
744,муниципальный округ Карагайский,Пермский край,0,Малые сельские МО,0,1.0,0.5034,1,Индустриальные и средние города,1.0,False
745,городской округ город Кизел,Пермский край,0,Малые сельские МО,0,1.0,0.4285,1,Индустриальные и средние города,1.0,False
746,муниципальный округ Кишертский,Пермский край,0,Малые сельские МО,0,1.0,0.6735,1,Индустриальные и средние города,1.0,False
747,городской округ Красновишерский,Пермский край,0,Малые сельские МО,0,1.0,0.7098,1,Индустриальные и средние города,1.0,False
748,городской округ Краснокамский,Пермский край,1,Индустриальные и средние города,1,1.0,0.5013,2,Столичные агломерации,1.0,False
749,муниципальный округ Куединский,Пермский край,0,Малые сельские МО,0,1.0,0.3884,1,Индустриальные и средние города,1.0,False
75,Туймазинский муниципальный район,Республика Башкортостан,1,Индустриальные и средние города,1,1.0,0.4413,2,Столичные агломерации,1.0,False
751,городской округ Нытвенский,Пермский край,1,Индустриальные и средние города,1,1.0,0.1855,0,Малые сельские МО,1.0,False
752,городской округ Октябрьский,Пермский край,0,Малые сельские МО,0,1.0,0.4123,1,Индустриальные и средние города,1.0,False
753,муниципальный округ Ординский,Пермский край,0,Малые сельские МО,0,1.0,0.4598,3,Ресурсный Север и Дальний Восток,1.0,False
754,городской округ Осинский,Пермский край,0,Малые сельские МО,0,0.6818,0.0386,1,Индустриальные и средние города,0.6667,True
755,городской округ Оханский,Пермский край,0,Малые сельские МО,0,1.0,0.6029,1,Индустриальные и средние города,1.0,False
756,городской округ Очерский,Пермский край,1,Индустриальные и средние города,1,1.0,0.1414,0,Малые сельские МО,1.0,False
757,муниципальный округ Пермский,Пермский край,1,Индустриальные и средние города,1,1.0,0.0663,2,Столичные агломерации,0.8333,False
758,муниципальный округ Сивинский,Пермский край,0,Малые сельские МО,0,1.0,0.5165,1,Индустриальные и средние города,1.0,False
76,Уфимский муниципальный район,Республика Башкортостан,1,Индустриальные и средние города,1,1.0,0.2716,2,Столичные агломерации,1.0,False
760,городской округ Суксунский,Пермский край,0,Малые сельские МО,0,1.0,0.761,1,Индустриальные и средние города,1.0,False
761,муниципальный округ Уинский,Пермский край,0,Малые сельские МО,0,1.0,0.7094,1,Индустриальные и средние города,1.0,False
763,городской округ Чайковский,Пермский край,1,Индустриальные и средние города,1,1.0,0.5196,2,Столичные агломерации,1.0,False
764,муниципальный округ Частинский,Пермский край,0,Малые сельские МО,0,1.0,0.4856,1,Индустриальные и средние города,1.0,False
765,городской округ Чердынский,Пермский край,0,Малые сельские МО,0,1.0,0.6982,1,Индустриальные и средние города,1.0,False
766,городской округ Чернушинский,Пермский край,1,Индустриальные и средние города,1,1.0,0.4065,2,Столичные агломерации,1.0,False
767,городской округ Чусовской,Пермский край,1,Индустриальные и средние города,1,1.0,0.7069,2,Столичные агломерации,1.0,False
769,муниципальный округ Гайнский,Пермский край,0,Малые сельские МО,0,1.0,0.5836,1,Индустриальные и средние города,1.0,False
77,Учалинский муниципальный район,Республика Башкортостан,1,Индустриальные и средние города,1,1.0,0.4735,2,Столичные агломерации,1.0,False
770,муниципальный округ Косинский,Пермский край,0,Малые сельские МО,0,1.0,0.4397,1,Индустриальные и средние города,1.0,False
771,муниципальный округ Кочевский,Пермский край,0,Малые сельские МО,0,1.0,0.5244,1,Индустриальные и средние города,1.0,False
773,муниципальный округ Юрлинский,Пермский край,0,Малые сельские МО,0,1.0,0.545,1,Индустриальные и средние города,1.0,False
774,муниципальный округ Юсьвинский,Пермский край,0,Малые сельские МО,0,1.0,0.5319,1,Индустриальные и средние города,1.0,False
775,городской округ Владивостокский,Приморский край,2,Столичные агломерации,2,1.0,0.3797,1,Индустриальные и средние города,1.0,False
776,городской округ Арсеньевский,Приморский край,1,Индустриальные и средние города,1,1.0,0.4652,2,Столичные агломерации,1.0,False
777,городской округ Артемовский,Приморский край,2,Столичные агломерации,2,1.0,0.179,1,Индустриальные и средние города,0.9412,False
778,городской округ Большой Камень,Приморский край,1,Индустриальные и средние города,1,1.0,0.3269,2,Столичные агломерации,1.0,False
779,городской округ Дальнегорский,Приморский край,1,Индустриальные и средние города,1,1.0,0.164,0,Малые сельские МО,1.0,False
78,Федоровский муниципальный район,Республика Башкортостан,0,Малые сельские МО,0,1.0,0.4403,1,Индустриальные и средние города,1.0,False
780,городской округ Дальнереченский,Приморский край,1,Индустриальные и средние города,1,1.0,0.1731,0,Малые сельские МО,1.0,False
781,городской округ Лесозаводский,Приморский край,1,Индустриальные и средние города,1,1.0,0.2353,3,Ресурсный Север и Дальний Восток,1.0,False
782,городской округ Находкинский,Приморский край,1,Индустриальные и средние города,1,1.0,0.187,2,Столичные агломерации,0.9444,False
783,городской округ Партизанский,Приморский край,1,Индустриальные и средние города,1,1.0,0.0887,0,Малые сельские МО,1.0,False
784,городской округ Спасск-Дальний,Приморский край,1,Индустриальные и средние города,1,1.0,0.3652,0,Малые сельские МО,1.0,False
785,городской округ Уссурийский,Приморский край,2,Столичные агломерации,2,1.0,0.2287,1,Индустриальные и средние города,1.0,False
787,Анучинский муниципальный округ,Приморский край,0,Малые сельские МО,3,0.5455,0.0636,1,Индустриальные и средние города,0.8,False
788,Дальнереченский муниципальный район,Приморский край,1,Индустриальные и средние города,1,0.7727,0.0399,0,Малые сельские МО,0.6471,True
789,Кавалеровский муниципальный округ,Приморский край,0,Малые сельские МО,0,1.0,0.1305,1,Индустриальные и средние города,1.0,False
79,Хайбуллинский муниципальный район,Республика Башкортостан,1,Индустриальные и средние города,1,1.0,0.1148,0,Малые сельские МО,1.0,False
790,Кировский муниципальный район,Приморский край,0,Малые сельские МО,0,1.0,0.2111,3,Ресурсный Север и Дальний Восток,0.5625,True
791,Красноармейский муниципальный район,Приморский край,3,Ресурсный Север и Дальний Восток,3,1.0,0.2066,0,Малые сельские МО,1.0,False
792,Лазовский муниципальный округ,Приморский край,0,Малые сельские МО,0,0.5909,0.1178,3,Ресурсный Север и Дальний Восток,1.0,False
793,Михайловский муниципальный район,Приморский край,0,Малые сельские МО,0,1.0,0.2635,1,Индустриальные и средние города,1.0,False
794,Надеждинский муниципальный район,Приморский край,1,Индустриальные и средние города,1,1.0,0.2439,2,Столичные агломерации,1.0,False
795,Октябрьский муниципальный округ,Приморский край,0,Малые сельские МО,0,1.0,0.1789,3,Ресурсный Север и Дальний Восток,1.0,False
796,Ольгинский муниципальный округ,Приморский край,0,Малые сельские МО,3,0.6364,0.0996,3,Ресурсный Север и Дальний Восток,0.5294,True
797,Партизанский муниципальный район,Приморский край,3,Ресурсный Север и Дальний Восток,3,1.0,0.2424,0,Малые сельские МО,1.0,False
798,Пограничный муниципальный округ,Приморский край,0,Малые сельские МО,0,1.0,0.1588,3,Ресурсный Север и Дальний Восток,1.0,False
799,Пожарский муниципальный округ,Приморский край,3,Ресурсный Север и Дальний Восток,3,1.0,0.1794,1,Индустриальные и средние города,0.6667,True
8,Теучежский муниципальный район,Республика Адыгея,1,Индустриальные и средние города,1,1.0,0.0785,2,Столичные агломерации,0.9474,False
80,Чекмагушевский муниципальный район,Республика Башкортостан,0,Малые сельские МО,0,1.0,0.2991,1,Индустриальные и средние города,1.0,False
800,Спасский муниципальный район,Приморский край,3,Ресурсный Север и Дальний Восток,3,1.0,0.1959,1,Индустриальные и средние города,1.0,False
801,Тернейский муниципальный округ,Приморский край,3,Ресурсный Север и Дальний Восток,3,1.0,0.2538,0,Малые сельские МО,1.0,False
802,Ханкайский муниципальный округ,Приморский край,0,Малые сельские МО,0,1.0,0.4792,1,Индустриальные и средние города,1.0,False
803,Хасанский муниципальный округ,Приморский край,1,Индустриальные и средние города,3,0.6364,0.0756,3,Ресурсный Север и Дальний Восток,1.0,False
804,Хорольский муниципальный округ,Приморский край,0,Малые сельские МО,0,1.0,0.3903,3,Ресурсный Север и Дальний Восток,1.0,False
805,Черниговский муниципальный район,Приморский край,3,Ресурсный Север и Дальний Восток,3,1.0,0.514,1,Индустриальные и средние города,1.0,False
806,Чугуевский муниципальный округ,Приморский край,0,Малые сельские МО,0,1.0,0.1225,3,Ресурсный Север и Дальний Восток,0.6364,True
807,Шкотовский муниципальный район,Приморский край,1,Индустриальные и средние города,1,1.0,0.0737,3,Ресурсный Север и Дальний Восток,1.0,False
808,Яковлевский муниципальный район,Приморский край,0,Малые сельские МО,0,1.0,0.4762,1,Индустриальные и средние города,1.0,False
809,городской округ город Ставрополь,Ставропольский край,2,Столичные агломерации,2,1.0,0.0941,1,Индустриальные и средние города,1.0,False
81,Чишминский муниципальный район,Республика Башкортостан,1,Индустриальные и средние города,1,1.0,0.572,2,Столичные агломерации,1.0,False
810,городской округ Благодарненский,Ставропольский край,1,Индустриальные и средние города,1,1.0,0.1316,0,Малые сельские МО,1.0,False
811,городской округ Георгиевский,Ставропольский край,1,Индустриальные и средние города,1,1.0,0.3689,2,Столичные агломерации,1.0,False
812,городской округ город-курорт Ессентуки,Ставропольский край,1,Индустриальные и средние города,1,1.0,0.0333,2,Столичные агломерации,0.5,True
813,городской округ город-курорт Железноводск,Ставропольский край,1,Индустриальные и средние города,1,1.0,0.1924,2,Столичные агломерации,1.0,False
814,городской округ Изобильненский,Ставропольский край,1,Индустриальные и средние города,1,1.0,0.5059,0,Малые сельские МО,1.0,False
815,городской округ Ипатовский,Ставропольский край,1,Индустриальные и средние города,1,1.0,0.0577,0,Малые сельские МО,0.9474,False
817,городской округ Кировский,Ставропольский край,1,Индустриальные и средние города,1,1.0,0.2608,0,Малые сельские МО,1.0,False
818,городской округ город Лермонтов,Ставропольский край,1,Индустриальные и средние города,1,1.0,0.3392,2,Столичные агломерации,1.0,False
819,городской округ Минераловодский,Ставропольский край,1,Индустриальные и средние города,1,1.0,0.1548,2,Столичные агломерации,1.0,False
82,Шаранский муниципальный район,Республика Башкортостан,0,Малые сельские МО,0,1.0,0.2875,1,Индустриальные и средние города,1.0,False
820,городской округ город Невинномысск,Ставропольский край,1,Индустриальные и средние города,1,1.0,0.3902,2,Столичные агломерации,1.0,False
821,городской округ Нефтекумский,Ставропольский край,1,Индустриальные и средние города,1,1.0,0.0892,0,Малые сельские МО,1.0,False
822,городской округ Новоалександровский,Ставропольский край,1,Индустриальные и средние города,1,0.6818,0.0687,0,Малые сельские МО,1.0,False
823,городской округ Петровский,Ставропольский край,1,Индустриальные и средние города,1,1.0,0.224,0,Малые сельские МО,1.0,False
824,городской округ город-курорт Пятигорск,Ставропольский край,1,Индустриальные и средние города,1,1.0,0.0649,2,Столичные агломерации,0.6,True
825,городской округ Советский,Ставропольский край,1,Индустриальные и средние города,1,1.0,0.0662,0,Малые сельские МО,1.0,False
826,Александровский муниципальный округ,Ставропольский край,0,Малые сельские МО,0,1.0,0.5396,1,Индустриальные и средние города,1.0,False
827,Андроповский муниципальный округ,Ставропольский край,0,Малые сельские МО,0,1.0,0.6179,1,Индустриальные и средние города,1.0,False
828,Апанасенковский муниципальный округ,Ставропольский край,0,Малые сельские МО,0,1.0,0.4061,1,Индустриальные и средние города,1.0,False
829,Арзгирский муниципальный округ,Ставропольский край,0,Малые сельские МО,0,1.0,0.5993,1,Индустриальные и средние города,1.0,False
83,Янаульский муниципальный район,Республика Башкортостан,1,Индустриальные и средние города,1,1.0,0.2032,0,Малые сельские МО,1.0,False
830,Будённовский муниципальный округ,Ставропольский край,1,Индустриальные и средние города,1,1.0,0.4771,0,Малые сельские МО,1.0,False
831,Грачёвский муниципальный округ,Ставропольский край,0,Малые сельские МО,0,1.0,0.684,1,Индустриальные и средние города,1.0,False
832,Кочубеевский муниципальный округ,Ставропольский край,1,Индустриальные и средние города,1,1.0,0.0937,0,Малые сельские МО,1.0,False
833,Красногвардейский муниципальный округ,Ставропольский край,0,Малые сельские МО,0,1.0,0.1145,1,Индустриальные и средние города,1.0,False
834,Курский муниципальный округ,Ставропольский край,0,Малые сельские МО,0,1.0,0.2976,1,Индустриальные и средние города,1.0,False
835,Левокумский муниципальный округ,Ставропольский край,0,Малые сельские МО,0,1.0,0.5775,1,Индустриальные и средние города,1.0,False
836,Новоселицкий муниципальный округ,Ставропольский край,0,Малые сельские МО,0,1.0,0.5248,1,Индустриальные и средние города,1.0,False
838,Степновский муниципальный округ,Ставропольский край,0,Малые сельские МО,0,1.0,0.5229,1,Индустриальные и средние города,1.0,False
839,Труновский муниципальный округ,Ставропольский край,0,Малые сельские МО,0,1.0,0.424,1,Индустриальные и средние города,1.0,False
840,Туркменский муниципальный округ,Ставропольский край,0,Малые сельские МО,0,1.0,0.6808,1,Индустриальные и средние города,1.0,False
841,Шпаковский муниципальный округ,Ставропольский край,1,Индустриальные и средние города,1,1.0,0.0904,2,Столичные агломерации,0.8889,False
842,городской округ город Хабаровск,Хабаровский край,2,Столичные агломерации,2,1.0,0.4259,1,Индустриальные и средние города,1.0,False
843,городской округ город Комсомольск-на-Амуре,Хабаровский край,1,Индустриальные и средние города,1,1.0,0.5366,2,Столичные агломерации,1.0,False
844,Амурский муниципальный район,Хабаровский край,1,Индустриальные и средние города,1,1.0,0.3487,3,Ресурсный Север и Дальний Восток,1.0,False
846,Бикинский муниципальный район,Хабаровский край,3,Ресурсный Север и Дальний Восток,3,1.0,0.1502,1,Индустриальные и средние города,0.9333,False
847,Ванинский муниципальный район,Хабаровский край,1,Индустриальные и средние города,1,1.0,0.161,3,Ресурсный Север и Дальний Восток,1.0,False
848,Верхнебуреинский муниципальный район,Хабаровский край,3,Ресурсный Север и Дальний Восток,3,1.0,0.3676,1,Индустриальные и средние города,0.9412,False
849,Вяземский муниципальный район,Хабаровский край,0,Малые сельские МО,0,1.0,0.3198,3,Ресурсный Север и Дальний Восток,1.0,False
851,муниципальный район имени Лазо,Хабаровский край,0,Малые сельские МО,0,0.5455,0.1145,3,Ресурсный Север и Дальний Восток,0.8,False
852,Нанайский муниципальный район,Хабаровский край,3,Ресурсный Север и Дальний Восток,3,1.0,0.1595,0,Малые сельские МО,0.55,True
853,Николаевский муниципальный район,Хабаровский край,3,Ресурсный Север и Дальний Восток,3,1.0,0.4271,1,Индустриальные и средние города,1.0,False
854,Охотский муниципальный район,Хабаровский край,3,Ресурсный Север и Дальний Восток,3,1.0,0.4291,1,Индустриальные и средние города,1.0,False
855,муниципальный район имени Полины Осипенко,Хабаровский край,3,Ресурсный Север и Дальний Восток,3,1.0,0.6979,1,Индустриальные и средние города,1.0,False
856,Советско-Гаванский муниципальный район,Хабаровский край,3,Ресурсный Север и Дальний Восток,3,1.0,0.2279,1,Индустриальные и средние города,0.75,False
857,Солнечный муниципальный район,Хабаровский край,3,Ресурсный Север и Дальний Восток,3,1.0,0.2048,1,Индустриальные и средние города,0.7692,False
859,Ульчский муниципальный район,Хабаровский край,3,Ресурсный Север и Дальний Восток,3,1.0,0.2027,0,Малые сельские МО,1.0,False
860,Хабаровский муниципальный район,Хабаровский край,1,Индустриальные и средние города,1,1.0,0.0759,3,Ресурсный Север и Дальний Восток,0.75,False
870,Архаринский муниципальный округ,Амурская область,0,Малые сельские МО,3,0.5909,0.0854,3,Ресурсный Север и Дальний Восток,0.1875,True
871,Белогорский муниципальный округ,Амурская область,3,Ресурсный Север и Дальний Восток,3,1.0,0.6275,0,Малые сельские МО,1.0,False
872,Благовещенский муниципальный округ,Амурская область,1,Индустриальные и средние города,1,1.0,0.2716,2,Столичные агломерации,1.0,False
873,Бурейский муниципальный округ,Амурская область,3,Ресурсный Север и Дальний Восток,3,1.0,0.1459,1,Индустриальные и средние города,0.9375,False
874,Завитинский муниципальный округ,Амурская область,0,Малые сельские МО,0,1.0,0.0415,1,Индустриальные и средние города,0.7222,True
875,Зейский муниципальный район,Амурская область,3,Ресурсный Север и Дальний Восток,3,1.0,0.3732,1,Индустриальные и средние города,1.0,False
876,Ивановский муниципальный округ,Амурская область,3,Ресурсный Север и Дальний Восток,3,1.0,0.4691,0,Малые сельские МО,1.0,False
877,Константиновский муниципальный район,Амурская область,0,Малые сельские МО,0,0.6818,0.0749,3,Ресурсный Север и Дальний Восток,0.3125,True
878,Магдагачинский муниципальный район,Амурская область,1,Индустриальные и средние города,1,0.6818,0.0836,3,Ресурсный Север и Дальний Восток,0.875,False
879,Мазановский муниципальный район,Амурская область,3,Ресурсный Север и Дальний Восток,3,1.0,0.2726,0,Малые сельские МО,1.0,False
880,Михайловский муниципальный район,Амурская область,3,Ресурсный Север и Дальний Восток,3,1.0,0.17,0,Малые сельские МО,1.0,False
881,Октябрьский муниципальный район,Амурская область,3,Ресурсный Север и Дальний Восток,3,1.0,0.1893,1,Индустриальные и средние города,1.0,False
882,Ромненский муниципальный округ,Амурская область,0,Малые сельские МО,3,0.6364,0.1496,3,Ресурсный Север и Дальний Восток,1.0,False
883,Свободненский муниципальный район,Амурская область,1,Индустриальные и средние города,1,1.0,0.2724,2,Столичные агломерации,1.0,False
884,Селемджинский муниципальный район,Амурская область,3,Ресурсный Север и Дальний Восток,3,1.0,0.384,1,Индустриальные и средние города,1.0,False
885,Серышевский муниципальный округ,Амурская область,0,Малые сельские МО,0,1.0,0.2076,3,Ресурсный Север и Дальний Восток,0.6471,True
886,Сковородинский муниципальный округ,Амурская область,1,Индустриальные и средние города,1,1.0,0.0676,3,Ресурсный Север и Дальний Восток,1.0,False
888,Тындинский муниципальный округ,Амурская область,3,Ресурсный Север и Дальний Восток,3,1.0,0.359,1,Индустриальные и средние города,1.0,False
889,Шимановский муниципальный округ,Амурская область,3,Ресурсный Север и Дальний Восток,3,1.0,0.267,0,Малые сельские МО,1.0,False
890,городской округ город Архангельск,Архангельская область,2,Столичные агломерации,2,1.0,0.3255,1,Индустриальные и средние города,1.0,False
891,городской округ город Коряжма,Архангельская область,1,Индустриальные и средние города,1,1.0,0.0744,0,Малые сельские МО,0.875,False
892,городской округ Котлас,Архангельская область,1,Индустриальные и средние города,1,1.0,0.4018,2,Столичные агломерации,1.0,False
895,городской округ город Новодвинск,Архангельская область,1,Индустриальные и средние города,1,1.0,0.032,0,Малые сельские МО,0.75,False
896,городской округ Северодвинск,Архангельская область,1,Индустриальные и средние города,1,1.0,0.2856,2,Столичные агломерации,1.0,False
897,Вельский муниципальный район,Архангельская область,1,Индустриальные и средние города,1,1.0,0.3874,0,Малые сельские МО,1.0,False
898,Верхнетоемский муниципальный округ,Архангельская область,0,Малые сельские МО,0,1.0,0.5401,1,Индустриальные и средние города,1.0,False
899,муниципальный округ Вилегодский,Архангельская область,0,Малые сельские МО,0,1.0,0.5084,1,Индустриальные и средние города,1.0,False
9,Шовгеновский муниципальный район,Республика Адыгея,0,Малые сельские МО,0,1.0,0.4113,1,Индустриальные и средние города,1.0,False
900,Виноградовский муниципальный округ,Архангельская область,0,Малые сельские МО,0,1.0,0.6824,1,Индустриальные и средние города,1.0,False
901,муниципальный округ Каргопольский,Архангельская область,0,Малые сельские МО,0,1.0,0.5244,1,Индустриальные и средние города,1.0,False
902,Коношский муниципальный район,Архангельская область,1,Индустриальные и средние города,1,1.0,0.1197,0,Малые сельские МО,1.0,False
903,Котласский муниципальный округ,Архангельская область,0,Малые сельские МО,0,0.6364,0.0304,1,Индустриальные и средние города,0.6111,True
904,Красноборский муниципальный район,Архангельская область,0,Малые сельские МО,0,1.0,0.6135,1,Индустриальные и средние города,1.0,False
905,Ленский муниципальный район,Архангельская область,1,Индустриальные и средние города,1,1.0,0.0942,0,Малые сельские МО,1.0,False
907,Мезенский муниципальный округ,Архангельская область,0,Малые сельские МО,0,0.5,0.1716,3,Ресурсный Север и Дальний Восток,1.0,False
908,Няндомский муниципальный округ,Архангельская область,1,Индустриальные и средние города,1,1.0,0.1542,0,Малые сельские МО,1.0,False
909,Онежский муниципальный район,Архангельская область,1,Индустриальные и средние города,1,1.0,0.2624,0,Малые сельские МО,1.0,False
911,Плесецкий муниципальный округ,Архангельская область,1,Индустриальные и средние города,1,1.0,0.3227,0,Малые сельские МО,1.0,False
912,Приморский муниципальный район,Архангельская область,1,Индустриальные и средние города,1,1.0,0.5719,2,Столичные агломерации,1.0,False
913,Устьянский муниципальный округ,Архангельская область,1,Индустриальные и средние города,1,1.0,0.2861,0,Малые сельские МО,1.0,False
914,Холмогорский муниципальный округ,Архангельская область,0,Малые сельские МО,0,1.0,0.4407,1,Индустриальные и средние города,1.0,False
915,Шенкурский муниципальный округ,Архангельская область,0,Малые сельские МО,0,1.0,0.6611,1,Индустриальные и средние города,1.0,False
916,городской округ город Нарьян-Мар,Ненецкий автономный округ,3,Ресурсный Север и Дальний Восток,3,1.0,0.2651,1,Индустриальные и средние города,0.9412,False
917,муниципальный район Заполярный район,Ненецкий автономный округ,3,Ресурсный Север и Дальний Восток,3,1.0,0.3643,1,Индустриальные и средние города,1.0,False
918,городской округ город Астрахань,Астраханская область,1,Индустриальные и средние города,1,1.0,0.1827,2,Столичные агломерации,0.9444,False
920,Ахтубинский муниципальный район,Астраханская область,0,Малые сельские МО,0,1.0,0.0798,1,Индустриальные и средние города,1.0,False
922,Енотаевский муниципальный район,Астраханская область,0,Малые сельские МО,0,1.0,0.1447,1,Индустриальные и средние города,1.0,False
923,Икрянинский муниципальный район,Астраханская область,0,Малые сельские МО,0,1.0,0.6327,1,Индустриальные и средние города,1.0,False
924,Камызякский муниципальный район,Астраханская область,0,Малые сельские МО,0,1.0,0.736,1,Индустриальные и средние города,1.0,False
925,Красноярский муниципальный район,Астраханская область,1,Индустриальные и средние города,1,1.0,0.1771,0,Малые сельские МО,1.0,False
926,Лиманский муниципальный район,Астраханская область,0,Малые сельские МО,0,1.0,0.4711,1,Индустриальные и средние города,1.0,False
927,Наримановский муниципальный район,Астраханская область,1,Индустриальные и средние города,1,1.0,0.4599,2,Столичные агломерации,1.0,False
928,Приволжский муниципальный район,Астраханская область,1,Индустриальные и средние города,1,1.0,0.2061,2,Столичные агломерации,1.0,False
929,Харабалинский муниципальный район,Астраханская область,0,Малые сельские МО,0,1.0,0.5386,1,Индустриальные и средние города,1.0,False
930,Черноярский муниципальный район,Астраханская область,0,Малые сельские МО,0,1.0,0.308,1,Индустриальные и средние города,1.0,False
986,городской округ город Владимир,Владимирская область,2,Столичные агломерации,2,1.0,0.1452,1,Индустриальные и средние города,1.0,False
987,городской округ город Гусь-Хрустальный,Владимирская область,1,Индустриальные и средние города,1,1.0,0.5184,2,Столичные агломерации,1.0,False
988,городской округ город Ковров,Владимирская область,1,Индустриальные и средние города,1,1.0,0.2185,2,Столичные агломерации,1.0,False
989,городской округ округ Муром,Владимирская область,1,Индустриальные и средние города,1,1.0,0.4411,2,Столичные агломерации,1.0,False
991,Александровский муниципальный район,Владимирская область,1,Индустриальные и средние города,1,1.0,0.4945,2,Столичные агломерации,1.0,False
992,Вязниковский муниципальный район,Владимирская область,1,Индустриальные и средние города,1,1.0,0.6356,0,Малые сельские МО,1.0,False
993,Гороховецкий муниципальный район,Владимирская область,0,Малые сельские МО,0,0.7727,0.0582,1,Индустриальные и средние города,0.6316,True
994,Гусь-Хрустальный муниципальный район,Владимирская область,1,Индустриальные и средние города,1,1.0,0.2003,0,Малые сельские МО,1.0,False
995,Камешковский муниципальный район,Владимирская область,0,Малые сельские МО,0,1.0,0.1623,1,Индустриальные и средние города,1.0,False
996,Киржачский муниципальный район,Владимирская область,1,Индустриальные и средние города,1,1.0,0.6081,2,Столичные агломерации,1.0,False
998,Кольчугинский муниципальный район,Владимирская область,1,Индустриальные и средние города,1,1.0,0.6156,2,Столичные агломерации,1.0,False
999,Меленковский муниципальный район,Владимирская область,0,Малые сельские МО,0,1.0,0.0807,1,Индустриальные и средние города,1.0,False
