oktmo8,emp_admin,emp_agri,emp_constr,emp_culture,emp_edu,emp_energy,emp_fin,emp_gov,emp_health,emp_hotel,emp_ict,emp_manuf,emp_mining,emp_other,emp_realty,emp_science,emp_trade,emp_transp,emp_water,emp_total
01512000,,,,,0.3359375,0.03203125,0.00703125,0.18671875,0.246875,,,,,,,,0.05,0.06796875,,1280.0
01539000,0.012343470483005367,0.040966010733452594,0.0007155635062611807,0.013059033989266547,0.2225402504472272,0.07602862254025045,0.0148479427549195,0.17906976744186046,0.181216457960644,0.013237924865831842,0.008228980322003579,0.06547406082289803,,,0.0028622540250447226,0.023076923076923078,0.05706618962432916,0.04669051878354204,0.018604651162790697,5590.0
01541000,,0.3627167630057804,,,0.1936416184971098,0.05202312138728324,,0.14739884393063585,,,,,,,,,,0.049132947976878616,,692.0
01558000,,0.11850311850311851,,,0.3042273042273042,0.060291060291060294,,0.1968121968121968,,0.01593901593901594,,,,,,0.019404019404019403,0.01386001386001386,0.05336105336105336,,1443.0
01601000,,0.23006833712984054,,,0.2870159453302961,,,0.11693242217160213,0.07668944570994685,0.022779043280182234,,,,,,,,0.05922551252847381,,1317.0
01602000,,0.07544533705902899,,0.097799511002445,0.3171498428222145,0.04261264407963675,0.008732099196646874,0.15438351379671672,0.1659098847362906,0.008382815228781,,0.004889975550122249,,,,0.014320642682500873,0.048201187565490744,0.033531260915124,0.012574222843171499,2863.0
01603000,,,,0.022629310344827586,0.30495689655172414,0.061422413793103446,,0.23599137931034483,,0.01939655172413793,,,,,,0.03125,0.0334051724137931,,,928.0
01604000,,0.30397236614853196,,0.029648819804260217,0.22308578008059873,0.027058146229130685,,0.08520437535981577,0.12636729994242948,0.02158894645941278,,0.10535405872193437,,,,,0.022452504317789293,0.012377662636729994,,3474.0
01605000,,0.06448412698412699,,0.011507936507936509,0.22083333333333333,0.058333333333333334,0.006349206349206349,0.13035714285714287,0.11706349206349206,0.017857142857142856,0.010515873015873017,0.2392857142857143,,,,0.008333333333333333,0.03511904761904762,0.0626984126984127,0.013095238095238096,5040.0
01606000,,0.12927054478301014,,0.057248384118190214,0.27516158818097874,0.08125577100646353,0.008310249307479225,0.21052631578947367,,,,,,,,0.029547553093259463,0.017543859649122806,0.06925207756232687,0.003693444136657433,1083.0
01607000,,,,0.028347996089931573,0.26295210166177907,0.04985337243401759,,0.20527859237536658,,0.024437927663734114,,,,,,,0.019550342130987292,0.07038123167155426,,1023.0
01608000,0.017218543046357615,0.13068432671081678,,,0.2706401766004415,0.051655629139072845,0.00706401766004415,0.13995584988962473,0.12362030905077263,0.016335540838852098,,0.13068432671081678,,,,0.018101545253863136,0.037527593818984545,0.029580573951434878,0.005298013245033113,2265.0
01609000,0.009768009768009768,0.14713064713064714,,0.022588522588522588,0.2625152625152625,0.038461538461538464,,0.14774114774114774,0.24053724053724054,0.05372405372405373,,0.004273504273504274,,,,0.019536019536019536,0.015262515262515262,0.028693528693528692,,1638.0
01610000,,,,,0.2828282828282828,0.06565656565656566,,0.21548821548821548,0.1750841750841751,0.015151515151515152,,,,,,0.021885521885521887,0.02861952861952862,,0.030303030303030304,594.0
01611000,,0.177347843611447,,0.022168480451430876,0.2430471584038694,0.058847239016525596,0.01007658202337767,0.15800080612656187,0.1354292623941959,0.0048367593712212815,,0.032648125755743655,,,,0.014107214832728738,0.03990326481257558,0.09391374445787988,,2481.0
01613000,,0.36619718309859156,,0.0441741357234315,0.293213828425096,0.01856594110115237,,0.06209987195902689,,,,,,,,,,0.1587708066581306,,1562.0
01614000,,0.0968683651804671,,0.02653927813163482,0.15843949044585987,0.07112526539278131,0.005307855626326964,0.13428874734607218,0.07669851380042463,0.008227176220806794,,0.010881104033970275,,,,0.037154989384288746,0.026008492569002124,0.019373673036093417,,3768.0
01615000,0.011673151750972763,,,0.03437094682230869,0.2509727626459144,0.01880674448767834,0.005188067444876783,0.1517509727626459,,0.022697795071335927,,,,,,,0.029182879377431907,0.07976653696498054,,1542.0
01616000,,0.0560875512995896,,0.01627906976744186,0.21928864569083448,0.08153214774281806,0.010533515731874145,0.12352941176470589,0.17086183310533515,0.008071135430916553,0.008755129958960328,0.09015047879616964,,0.0005471956224350205,0.011354309165526676,0.012722298221614227,0.04965800273597811,0.10574555403556772,0.02161422708618331,7310.0
01617000,,0.1116046640755136,,,0.3403664630760688,0.049416990560799554,0.006107717934480844,0.17379233759022766,0.12826207662409772,,,,,0.017212659633536923,,0.034425319267073845,0.038312048861743477,0.06551915602443087,,1801.0
01618000,,,,0.05199306759098787,0.316580011554015,0.05314846909300982,,0.17908723281340266,,0.045060658578856154,,,,,0.03581744656268053,,0.03466204506065858,0.057770075101097634,0.012131715771230503,1731.0
01619000,,0.08102229472539424,,0.04676454594888527,0.29255029907558455,0.03915171288743882,0.004893964110929853,0.19195214790647092,0.1343121261555193,0.010875475802066341,,,,,,,0.028820010875475803,0.037520391517128875,0.009787928221859706,1839.0
01620000,0.007866273352999017,0.11750245821042281,,0.025565388397246803,0.232055063913471,0.032448377581120944,0.008357915437561455,0.14749262536873156,0.10914454277286136,0.015732546705998034,,0.011799410029498525,,,,0.022123893805309734,0.06293018682399214,,0.010816125860373648,2034.0
01621000,,,,,0.3204301075268817,0.0913978494623656,,0.22365591397849463,0.17096774193548386,,,,,,,0.025806451612903226,0.03118279569892473,,,930.0
01622000,,,0.004778591908251036,0.02453010512902198,0.22300095571838166,0.10990761388977381,0.00796431984708506,0.14718063077413188,0.10927046830200701,,0.008920038228735267,0.06658171392163109,,,0.0063714558776680474,0.012424338961452692,0.03663587129659127,0.19783370500159286,0.01592863969417012,3139.0
01623000,,,,0.034976152623211444,0.23052464228934816,0.04848966613672496,,0.15818759936406995,,0.018282988871224166,,0.05405405405405406,,,,0.0246422893481717,0.029411764705882353,0.03418124006359301,0.00794912559618442,1258.0
01624000,,0.24896998234255444,,,0.2577987051206592,0.03766921718658034,0.004708652148322542,0.1883460859329017,0.13360800470865214,,,,,,,,0.01353737492642731,0.06474396703943497,,1699.0
01625000,0.009084302325581396,0.09011627906976744,,0.0377906976744186,0.2441860465116279,0.06686046511627906,0.009084302325581396,0.18059593023255813,0.1569767441860465,,,,,,,0.01308139534883721,0.08212209302325581,0.09484011627906977,,2752.0
01626000,0.011184755592377795,0.0579950289975145,,,0.28127589063794534,0.04225352112676056,0.009527754763877383,0.1632145816072908,0.2112676056338028,,0.008699254349627174,,,,,0.025269262634631317,0.03686826843413422,0.07290803645401822,0.021955260977630488,2414.0
01627000,0.009106678230702514,0.1634865568083261,,0.016045099739809193,0.30789245446660884,0.06981786643538596,0.00997398091934085,0.15177797051170858,0.16392020815264527,,,0.003035559410234172,,,0.0017346053772766695,0.014744145706851692,0.03686036426712923,0.03252385082393756,0.014310494362532523,2306.0
01628000,,0.27573253193087904,,,0.20360631104432758,0.04132231404958678,0.005259203606311044,0.169045830202855,0.1149511645379414,0.011269722013523666,,0.04432757325319309,,,,0.01728024042073629,0.013523666416228399,0.03456048084147258,0.021788129226145755,1331.0
01629000,,0.3538881309686221,,0.010095497953615279,0.15989085948158255,0.01637107776261937,,0.0941336971350614,,0.008458390177353342,,0.23901773533424284,,,,0.007639836289222374,0.02100954979536153,0.02510231923601637,,3665.0
01630000,,0.23743957814559835,,0.015673062838728578,0.17709096235535374,0.042478394609638204,0.004833748352131244,0.1274351838289146,0.10136223817196426,0.012597041160099605,,0.1801669840339827,,,0.0020506811190859823,0.010692837263805478,0.029295444558371173,0.044529075728724186,0.01098579170938919,6827.0
01631000,,0.11327561327561328,,,0.2597402597402597,0.07647907647907648,0.007215007215007215,0.20562770562770563,0.15584415584415584,,,,,,,,0.022366522366522368,0.10101010101010101,,1386.0
01632000,,0.10029884198729921,,0.01979828165857303,0.2719462084422861,0.05827418752334703,0.03474038102353381,0.11057153530070975,0.18509525588345163,0.028763541277549497,,0.05920806873365708,,,,0.007284273440418379,0.06649234217407546,0.029137093761673515,0.011206574523720583,5354.0
01633000,,0.3741999015263417,,0.029049729197439686,0.1688823239783358,0.034958148695224026,0.004923682914820286,0.11816838995568685,,0.01624815361890694,,,,,,0.017232890201871,0.011324470704086657,0.04529788281634663,,2031.0
01634000,,0.22234099412079103,,,0.18599679315873865,0.0432923570283271,0.006146445750935329,0.11945483698556922,0.08204168893639764,0.009620523784072688,,0.11731694281133084,,,,0.020042757883484766,0.048904329235702836,0.09005879208979156,0.029663281667557457,3742.0
01635000,,0.1933404940923738,,0.020766201217329038,0.32151808091657713,0.029717150017901896,0.008592910848549946,0.13820264948084496,0.12280701754385964,0.00966702470461869,,,,,,0.018259935553168637,0.03007518796992481,0.07984246330110992,0.011815252416756176,2793.0
01636000,,0.12629286880783885,,0.014697876973326075,0.3505715841045182,0.03810560696788242,0.010342950462710943,0.16875340228633642,,,,,,,,0.01905280348394121,0.041916167664670656,0.04300489929232444,0.016875340228633642,1837.0
01637000,,0.29428571428571426,,,0.212,0.037714285714285714,0.008571428571428572,0.152,0.13714285714285715,0.013142857142857144,,0.008,,,,,0.03428571428571429,0.04228571428571429,,1750.0
01638000,,0.07009966777408638,0.06877076411960133,0.020598006644518274,0.17308970099667775,0.053156146179401995,,0.05614617940199335,0.019933554817275746,0.007973421926910298,0.004318936877076412,0.007641196013289037,0.31262458471760796,,,0.007973421926910298,,0.14717607973421926,0.005647840531561462,3010.0
01640000,,0.15515446025685525,,0.024991322457480043,0.26240888580354044,0.045817424505380074,0.004512322110378341,0.14786532454009024,0.12391530718500521,0.020826102047900034,,0.0982297813259285,,,,0.015272474835126693,0.032974661575841724,0.05310656022214509,,2881.0
01642000,,0.252734375,,,0.24140625,0.026953125,0.00625,0.112890625,,0.00546875,,0.116796875,,,,0.013671875,0.015625,0.025390625,,2560.0
01643000,,,,,0.37403846153846154,0.05961538461538462,0.0028846153846153848,0.23653846153846153,,,,,,,,0.038461538461538464,0.022115384615384617,,,1040.0
01644000,,0.039673278879813305,,,0.32438739789964993,0.050175029171528586,,0.23453908984830804,,,,,,,,0.047841306884480746,0.029171528588098017,,,857.0
01645000,,0.3490980009751341,,,0.16626036079960996,0.05021940516821063,,0.11019015114578254,0.11311555338859093,0.01657727937591419,,0.07215992198927353,,,,0.01218917601170161,,0.056557776694295465,,2051.0
01646000,,0.16517857142857142,,,0.25669642857142855,0.04241071428571429,0.006696428571428571,0.17559523809523808,,,,0.14583333333333334,,,,,0.018601190476190476,0.052083333333333336,,1344.0
01647000,,0.15177923021060277,,0.017973856209150325,0.2932098765432099,0.05428467683369644,0.0063543936092955704,0.11601307189542484,0.15777051561365288,0.007625272331154684,0.002541757443718228,0.05392156862745098,,,,0.01252723311546841,0.03594771241830065,0.06681190994916485,,5508.0
01648000,,0.34554597701149425,,0.02586206896551724,0.2377873563218391,0.023706896551724137,0.00646551724137931,0.14152298850574713,,,,0.031609195402298854,,,,0.02442528735632184,0.02514367816091954,0.031609195402298854,,1392.0
01649000,,0.18862733109140936,,,0.18709874656068481,0.03301742586365026,0.003057169061449098,0.24701926016508713,0.10638948333842861,0.0155915622133904,,0.0874350351574442,,,,0.013451543870376031,0.05533476001222867,0.035768878018954446,,3271.0
01650000,,0.25192406362237046,,,0.20625962031811185,0.044638276038994354,0.005643919958953309,0.13134940995382247,,0.006670087224217547,,0.11646998460749101,,,,,0.025141097998973832,0.061056952283222166,0.011800923550538737,1949.0
01651000,,0.05526590198123045,,0.03997219325686479,0.2453945081682308,0.049356969064998264,0.005213764337851929,0.1678832116788321,0.19603753910323254,0.012860618700034758,,0.0983663538408064,,,,0.013903371567605145,0.031630170316301706,0.06534584636774418,0.01251303441084463,2877.0
01652000,,0.20684371807967314,,,0.24616956077630234,0.027068437180796732,0.004596527068437181,0.16138917262512767,0.1644535240040858,0.03472931562819203,,0.06435137895812053,,,,,0.01940755873340143,,0.007150153217568948,1958.0
01653000,,0.15933669790915644,,,0.2653208363374189,0.08002883922134102,0.007930785868781542,0.19754866618601297,0.15428983417447728,,,,,,,0.03677000720980533,0.009372746935832732,,,1387.0
01654000,,0.09122203098106713,,0.021227768215720023,0.2547332185886403,0.04819277108433735,0.008032128514056224,0.1795754446356856,0.11990820424555364,0.019506597819850834,,0.0981067125645439,,,,0.024096385542168676,0.029259896729776247,0.04475043029259897,0.01778542742398164,1743.0
01655000,,0.045808124459809856,,0.037165082108902334,0.31287813310285223,0.06136560069144339,,0.22385479688850476,,,,,,,,0.03197925669835782,0.029386343993085567,0.03802938634399308,,1157.0
01656000,,0.2874099194573972,,,0.1797371767698177,0.05129292072912251,0.0072064434082238235,0.15345485375158965,,0.01526070368800339,,0.08902077151335312,,,,0.0211954217888936,0.026706231454005934,0.06061890631623569,,2359.0
01657000,,0.05066771406127259,,0.02631578947368421,0.2690494893951296,0.025923016496465043,0.00432050274941084,0.17007069913589945,0.08523173605655932,,,0.2882953652788688,,,,0.01178318931657502,0.022780832678711706,,0.01021209740769835,2546.0
01659000,,0.06641771138970393,,0.020538810349426513,0.26913843691651107,0.04321152307281942,0.007735396105628167,0.1880501467057882,0.1184315817551347,0.011469725260069352,,0.10296078954387837,,,,0.014670578821018939,0.03067484662576687,0.04641237663376901,0.05041344358495599,3749.0
01660000,,0.2149331031506258,,0.015105740181268883,0.2986620630125162,0.04963314630988347,0.0073370738023306,0.10962451445835132,0.12300388433318947,0.005179110919292188,,0.10185584807941303,,,,0.012516184721622789,0.0146741476046612,,0.009495036685369012,2317.0
01701000,0.013658200030663873,0.006190269331016508,0.007416824244902131,0.01904354269944294,0.15273164000613276,0.03341723309654009,0.04671129963714417,0.13514463126692902,0.16081284816272295,0.008483671487708897,0.030261409516021874,0.16694562273215108,,0.0032644247968518425,0.004842336587110952,0.03170516686257474,0.11038994224970614,0.06039505289518066,0.008579496090356213,156536.0
01703000,0.014460093896713615,,,,0.14967136150234742,0.052018779342723004,0.009765258215962441,0.19436619718309858,0.15699530516431925,0.02215962441314554,0.00863849765258216,0.20206572769953052,,,0.0022535211267605635,0.012582159624413145,0.04375586854460094,0.054272300469483566,,5325.0
01704000,,,,0.015819409882687523,0.0709207252044081,0.05812300035549236,0.005154639175257732,0.06807678634909349,0.646996089584074,0.05865623889086385,0.002310700319943121,,,0.005154639175257732,,,0.027728403839317455,0.009420547458229648,,5626.0
01705000,0.0115441589620473,0.004929253716095418,0.011722940184910866,0.013689533636410072,0.1451448127905195,0.051795474281044085,0.012948868570261021,0.111457322368085,0.12210757521581447,0.004392910047504725,0.002273075547836747,0.3201971701486438,,0.0026050978188690813,0.0019665934514992082,0.02444194718291873,0.09511161056341626,0.04924145681156459,0.014430198702559125,39154.0
01706000,0.02101884448125906,0.0020708221163802027,0.004452267550217436,0.010561192793539035,0.1305653344377718,0.05166701180368606,0.00693725408987368,0.10084903706771588,0.10115966038517292,,0.009111617312072893,0.43559743218057567,,0.001346034375647132,,0.0076620418306067506,0.032097742803893145,0.06419548560778629,0.016670118036860634,9658.0
01713000,0.017342968315730962,,,0.01339633129516398,0.11267370761534186,0.04802668148971651,0.006003335186214564,0.08332406892718176,0.06803779877709838,0.0048360200111172875,0.0048360200111172875,0.3048916064480267,,0.00033351862145636465,0.003557531962201223,0.0062256809338521405,0.12501389660922735,0.16459143968871595,0.018565869927737632,17990.0
01716000,0.012190977826862629,0.002251295556877071,0.0002548636479483476,0.013762636989210772,0.16948432588565118,0.046852433947837904,0.012870614221391555,0.14811825673264803,0.18074080367003653,0.00722113669186985,0.006031773001444227,0.26174496644295303,,0.0013592727890578541,0.004714977487044431,0.008877750403534109,0.046512615750573444,0.049995752272534194,0.027058023957182906,23542.0
01730000,0.027978339350180504,,,0.027978339350180504,0.213898916967509,,0.005415162454873646,0.10514440433212996,0.2098375451263538,,,,,,,,0.061371841155234655,,0.05324909747292419,2216.0
01755000,,,,,0.1870748299319728,,,0.39852607709750565,0.14569160997732428,,,,,,,,0.036848072562358274,,,1764.0
03601000,0.015497603784153855,0.0694591398518703,0.007904400323644738,0.022468413518391735,0.14694715877263959,0.0372191448310201,0.0031742080039833197,0.0660982137300056,0.12317171842907823,0.0031742080039833197,0.0033609261218646917,0.3015497603784154,0.02651397273915479,0.002925250513474824,,0.012198917034916289,0.06130578203771706,0.07269558722848074,0.023962158461442708,16067.0
03605000,0.013049676499616187,0.013817304529005373,0.043754797675183685,0.03542055049895822,0.19212632964140805,0.052198705998464746,0.0048250904704463205,0.17172935628906677,0.21164601381730452,,0.0030705121175567496,0.07698212523302994,,0.0009869503235003837,,0.02083561794056366,0.06733194429213729,0.030485798881456302,0.029718170852067113,9119.0
03607000,0.025692137320044297,0.2509413067552602,,0.04717607973421927,0.19424141749723145,0.013289036544850499,0.004208194905869324,0.10719822812846069,0.13953488372093023,,0.0053156146179402,0.0761904761904762,,,,0.023477297895902548,0.03920265780730897,0.04784053156146179,0.01838316722037652,4515.0
03608000,,0.060741730704978285,0.0032743067156698964,0.03448045439358503,0.19726027397260273,0.045372535917139994,0.006481790845305714,0.08566655529568995,0.1360507851653859,0.005145339124624123,0.002940193785499499,0.2163047109923154,,0.001937854994988306,,0.019178082191780823,0.08927497494153024,0.06735716672235216,0.017440694954894753,14965.0
03610000,0.013519603424966201,0.24815983175604628,,0.042661859696560014,0.23719393120024035,0.003605227579990987,0.004506534474988734,0.10259876821391017,0.13038906414300735,,0.003755445395823945,0.08382154123479045,,,,0.028691602824094938,0.06414300736067298,0.02779029592909719,0.0067598017124831005,6657.0
03612000,0.011156186612576065,0.32942444219066935,0.015529918864097363,0.013374746450304259,0.09463742393509128,0.005704868154158215,0.0017114604462474645,0.03758874239350913,0.13558569979716023,0.016100405679513183,0.0017748478701825558,0.17640720081135902,,0.0017114604462474645,,0.012614097363083164,0.07232505070993915,0.0668103448275862,0.007669878296146045,15776.0
03613000,,0.13466963622865627,0.026206384558277653,0.02969561989606533,0.13711952487008167,0.05211581291759466,0.002969561989606533,0.07720861172976985,0.11017074981440238,0.0032665181885671865,0.004974016332590943,0.23667409057164068,,,0.014699331848552339,0.04476614699331848,0.06035634743875278,0.03949517446176689,,13470.0
03614000,0.030156550398242242,0.1379840703103543,0.032957978577313925,0.019060697610546552,0.20186761878604778,0.028014281790716838,0.003405657786322439,0.07212304312002198,0.08525130458665202,0.0004943696786597089,0.00428453721505081,0.1505081021697336,0.0021971985718209283,0.0022521285361164515,0.0024718483932985444,0.01900576764625103,0.13331502334523482,0.06591595715462785,0.008733864322988191,18205.0
03616000,0.009831767533318768,0.09646056368800525,,0.04085645619401355,0.19363119947563906,0.032554074721433256,0.007046100065545117,0.14922438278348263,0.19352195761415775,0.008411623334061612,0.0013655232685164955,0.05691500983176753,,0.0025671837448110117,0.0007100720996285777,0.016440900152938608,0.0739567402228534,0.08815818221542496,0.028020537469958487,18308.0
03618000,0.012147292733413226,0.03360932563460072,,0.02892471946835167,0.15230417256781784,0.03513454624686785,0.005665105131277917,0.10306133565747903,0.15720666739296218,0.009859461815012528,0.004956966989868177,0.18079311471837892,,0.0019609979300577404,0.0032683298834295673,0.018193703017757926,0.0775683625667284,0.15426517049787558,0.020318117441987145,18358.0
03619000,0.02845691382765531,0.3026052104208417,,0.04849699398797595,0.21643286573146292,,0.004408817635270541,0.13326653306613226,0.1380761523046092,0.0028056112224448897,0.0028056112224448897,0.02625250501002004,,,,0.021643286573146292,0.06452905811623247,,,4990.0
03620000,0.019694731659281144,0.23787543082225504,,0.03606597735105859,0.15115706548498276,0.028988183161004433,0.0038158542589857214,0.06991629739044805,0.10155096011816839,0.0033234859675036928,0.006585425898572132,0.13490891186607581,0.026280157557853276,,,0.01569423929098966,0.08622599704579025,0.06099212210733629,0.013355489906450024,16248.0
03621000,0.011260415884693342,0.1867727648074469,0.009533818782373695,0.03288041438330456,0.1358006155694017,0.031003678402522335,0.002702499812326402,0.09105922978755349,0.10239471511147812,0.005630207942346671,0.005104721867727648,0.25763831544178367,,0.001351249906163201,,0.012686735230087832,0.05945499587118084,0.03543277531716838,0.015764582238570676,13321.0
03623000,0.009186746987951808,0.2177710843373494,0.08350903614457832,0.022439759036144577,0.18433734939759036,0.032454819277108436,0.0024096385542168677,0.07635542168674699,0.13448795180722892,0.009789156626506024,0.0018072289156626507,0.06875,,0.0031626506024096386,0.0030120481927710845,0.012951807228915663,0.07951807228915662,0.03644578313253012,0.019653614457831325,13280.0
03624000,,0.2739974126778784,,0.0445019404915912,0.19870633893919792,0.013195342820181113,0.007503234152652005,0.15032341526520052,0.16739974126778784,,0.005692108667529107,,,,,0.017335058214747737,0.06752910737386805,0.026908150064683053,,3865.0
03625000,0.023939336968101774,0.04292786864698878,0.04393056338910823,0.033527605439618975,0.17910634831108604,0.03528232123832801,0.004073447389860249,0.09876543209876543,0.1214514006392179,0.0035721000188005266,0.0035721000188005266,0.1424453218023438,0.04311587391113618,0.0019427210628564266,,0.014601742182114432,0.07545277934448831,0.09613335840070189,0.03158488437676255,15957.0
03627000,0.004375968638891422,0.10566140942656578,,0.04430668246877564,0.24049594311240768,0.014130732063086881,0.005652292825234753,0.0922600054699608,0.15479989060078403,0.01422189807639712,0.003190810465858328,0.12207129182240861,,0.0024614823593764245,,0.018871364755219253,0.07147415443522655,0.039930713829884217,0.024067827513902816,10969.0
03628000,0.021980018165304267,0.12361489554950045,,0.029791099000908264,0.19536784741144414,0.026430517711171664,0.0032697547683923707,0.10118074477747502,0.14850136239782016,0.004541326067211626,0.004450499545867393,0.16039963669391463,,,0.005358764759309719,0.018619436875567667,0.039509536784741145,0.09518619436875568,0.01634877384196185,11010.0
03630000,0.008295804693055226,0.08295804693055227,0.003002291222248558,0.04503436833372837,0.20289168049300782,0.08509125385162361,0.0051354981433199024,0.08809354507387217,0.1768191514576914,,0.0033183218772220905,0.07679544915856838,0.034684364383345184,0.0033183218772220905,0.0033973295409654735,0.056095441257802005,0.04937978983961444,0.046614521608596034,0.02441336809670538,12657.0
03632000,0.01242437337942956,0.12111063094209161,0.007130509939498704,0.02787381158167675,0.19662921348314608,0.10436473638720829,0.00648228176318064,0.07940795159896283,0.14909248055315472,0.0058340535868625755,0.005509939498703544,0.14325842696629212,,0.006914433880726016,0.010047536732929992,0.027765773552290405,0.0513180639585134,0.03435609334485739,0.008859118409680207,9256.0
03633000,,0.07456854444806252,,0.05421686746987952,0.2793878215564963,,0.006186909801367633,0.15304461087593618,0.2149137088896125,,0.0065125366330185605,0.07228915662650602,,0.010094431781178768,,0.014816020840117225,0.04265711494627157,0.023607945294692283,0.026864213611201563,6142.0
03634000,0.007041072925398156,0.2613579212070411,0.0016764459346186086,0.029756915339480303,0.19773679798826488,0.04333612740989103,0.0032690695725062866,0.08231349538977369,0.11383067896060352,0.004274937133277452,0.0032690695725062866,0.1584241408214585,,,,0.019698239731768652,0.04467728415758592,0.011232187761944677,0.01743503772003353,11930.0
03635000,0.005790645879732739,0.05033407572383074,,0.042316258351893093,0.2469933184855234,0.005122494432071269,0.009799554565701559,0.12516703786191538,0.17884187082405345,0.0031180400890868597,0.0035634743875278397,0.11804008908685969,,,0.00868596881959911,0.020489977728285078,0.06570155902004454,0.057683741648106905,0.058351893095768374,4490.0
03637000,,0.10556707136511696,,0.051673082617708026,0.23393544566183003,0.03479419603198105,0.002220906129700918,0.11681966242226828,0.3485342019543974,0.007403020432336393,0.0019247853124074624,,,,,0.02280130293159609,0.02502220906129701,0.027983417234231568,,6754.0
03639000,0.008161102278749338,0.21918388977212508,,0.02978272390037096,0.1966083730789613,0.011764705882352941,0.004557498675145734,0.09825119236883943,0.12835188129305777,0.003391626921038686,0.004557498675145734,0.12167461579226285,,0.008479067302596715,,0.02066772655007949,0.06327503974562798,0.06793852676205617,0.010492845786963434,9435.0
03641000,0.017156054107555264,0.049653579676674366,,0.034477070273837014,0.21824480369515012,0.030847904981854173,0.0064335202903332235,0.18937644341801385,0.21230616958099638,,0.008248102936324645,,,0.0009897723523589574,,0.03480699439129,0.059386341141537444,0.03134279115803365,0.0326624876278456,6062.0
03643000,0.025786828881248346,0.0337212377677863,0.026712509918011107,0.028431631843427663,0.1825575244644274,0.009587410737900027,0.002181962443797937,0.08152605130917746,0.12576038085162655,0.005289605924358635,0.003107643480560698,0.2849775191748215,,0.0006612007405448294,0.0004628405183813806,0.022613065326633167,0.0655249933879926,0.08152605130917746,0.017455699550383497,15124.0
03645000,0.05004890079516945,0.12199685334013692,0.08028234893906536,0.01926266105370583,0.13445592550070162,0.054683845728621845,0.0054853935450950375,0.07709316664540546,0.0925288089467194,0.002763957987838585,0.001658374792703151,0.12790747119105328,0.029297954671088998,0.004337287919377471,0.001105583195135434,0.0235999489730833,0.0730535357401029,0.0902751201258664,0.01024790577029383,23517.0
03647000,0.02321882951653944,0.1720737913486005,,0.044052162849872775,0.1852735368956743,0.012404580152671756,0.020197201017811705,0.09255725190839695,0.09987277353689568,0.004611959287531806,,0.16809796437659033,,0.0007951653944020356,,0.02099236641221374,0.10480279898218829,0.02544529262086514,0.016857506361323157,6288.0
03649000,0.009535367545076282,0.18377253814147018,,0.03762135922330097,0.1889736477115118,,0.004160887656033287,0.0970873786407767,0.12916088765603329,0.0017337031900138697,0.021844660194174758,0.17059639389736478,,0.0017337031900138697,0.015776699029126214,0.02011095700416089,0.0478502080443828,0.03814147018030513,0.02236477115117892,5768.0
03651000,0.04700270409868441,0.08844529517212044,0.10889314252726887,0.02129857503114271,0.08926563971682921,0.010816394737641661,0.0030686962598365387,0.05863944338103485,0.049402971470239726,0.003433293835262662,0.001701455351988576,0.13043478260869565,,0.0022483517151277613,0.003554826360404703,0.01716646917631331,0.0475799835931091,0.29556710114544404,0.020538996749004952,32913.0
03653000,0.01127383837319566,0.08455378779896744,0.013223053419028553,0.0252344326203772,0.12359077020335055,0.07839005373511748,0.0046359709198187755,0.08134021704772942,0.11147402802655147,0.004003793067116216,0.0018965335581076809,0.2338004425244969,,0.0008955852913286271,0.007322726793804657,0.014224001685807607,0.058213043936360766,0.1234327257401749,0.021704772942787904,18982.0
03654000,0.05495464907600524,0.06480089246738129,0.02798661298928069,0.029344715526022216,0.14803317650482611,0.0676141048649173,0.00582043944317796,0.08992578939709948,0.11117039336469904,0.011204345928117573,0.003686278314012708,0.14691759227821702,,0.000582043944317796,0.009894747053402531,0.011349856914197022,0.04801862540621817,0.14652956298200515,0.022069166222049765,20617.0
03655000,0.07585400254566721,0.007568199800474733,0.0570367057690323,0.020021328563074064,0.10110426915270564,0.018473287694795143,0.004231311706629055,0.07623241253569094,0.1665003956104441,0.08273418418246242,0.010767484261584507,0.07296432625821321,,0.0026832708383501326,0.007602600708658708,0.01283153875262307,0.05462864219615398,0.1978396229660463,0.022326189411400462,29069.0
03656000,0.0189244894135282,0.09593404534382612,0.04309537193179689,0.03185310099306727,0.22878021360314785,,,0.11448379239273,0.13041034288926362,0.001873711823121604,0.004122166010867528,0.1452126662919243,0.011617013303353943,,,0.025295109612141653,0.03447629754543751,0.08000749484729248,0.022484541877459248,5337.0
03657000,0.03143074136823042,0.13910147806274464,0.014137991470467955,0.020155401063270434,0.16626745340889174,0.05328036454986271,0.004147923117368698,0.12110767073669451,0.14208097213296722,0.003505287141438336,0.002220015189577613,0.15896477186422855,,0.0004089501665011392,0.008295846234737395,0.022492259157562658,0.060933574808669747,0.03721446515160367,0.01407957001811065,17117.0
03659000,0.020640432098765434,0.294945987654321,,0.035493827160493825,0.20775462962962962,,0.005015432098765432,0.09741512345679013,0.15239197530864199,0.0028935185185185184,0.005015432098765432,0.02044753086419753,,0.011766975308641976,,0.021026234567901234,0.033950617283950615,0.0466820987654321,,5184.0
03701000,0.02801390719595998,0.009890724502111264,0.02788961899123768,0.024720269770819092,0.13234404283364024,0.022175632316241523,0.04994096310275691,0.12282291220346633,0.118816252972287,0.012700292077281097,0.05639413752162778,0.05217815078775827,0.0025969693302501135,0.0032118688694025336,0.015630877114943695,0.04693188025158549,0.1963688219767712,0.06438783153060924,0.012988117393480103,305741.0
03703000,0.022805827438059242,0.007688083470620538,0.002358109635946636,0.036373033562683725,0.18890719384953322,0.02106147236489324,0.013857931970152147,0.08043415059598798,0.29728332848790257,0.06496107503957102,0.003068772813903156,0.014794715250185742,,0.00339180153115612,0.006266757114707497,0.020576929289013793,0.10869916335562231,0.07516878250476468,0.03236747746874697,30957.0
03705000,0.011532407090548218,0.008726302101156663,0.04996235712819109,0.023201697351310658,0.19718020669358702,0.06101567312298953,0.007870782287317774,0.09811101225104374,0.15252207241119706,0.01166929026076244,0.001266169324481555,0.1661077270549586,,0.001266169324481555,0.003114092122373554,0.011532407090548218,0.1112175757990555,0.058825542399561975,0.024878516186434878,29222.0
03708000,0.030905532090244155,0.017873699392191203,0.07237045431132173,0.025136499433398577,0.13423302771196044,0.033377974657463685,0.0036571546306788916,0.07860306994952096,0.28896672504378285,0.03564438034408159,0.004635829813536623,0.022458019985577417,,0.003451117750077264,0.03440815906047182,0.044967549191305245,0.1003914700731431,0.03363552075821572,0.03533532502317915,19414.0
03709000,0.014112903225806451,0.01839717741935484,,0.034652217741935484,0.19254032258064516,0.027721774193548387,0.00390625,0.14579133064516128,0.19682459677419356,0.010584677419354838,0.0026461693548387095,0.04624495967741935,,0.0015120967741935483,,0.011088709677419355,0.11038306451612903,0.0772429435483871,0.05267137096774194,7936.0
03720000,0.010091150505992966,0.005555156821933539,0.046422163209646164,0.0169094954424747,0.1125242230675375,0.03282853656786047,0.009933251991674443,0.10870594990310772,0.08756190339481806,0.012918969353333812,0.006660446422163209,0.07920763654632886,,0.0043637407593483096,0.00432067752817053,0.025751812244312066,0.11525156104213019,0.2997918610493074,0.02117275532907486,69665.0
03726000,0.01102005607073539,0.0021781324131981885,0.026752210480914383,0.053105456113866724,0.11128962691395299,0.030784990295449646,0.019161095535906836,0.08445115376320897,0.23163683416001726,0.12468190640500323,0.006092301056717706,0.014039249514772482,,0.0030946732801380205,0.008442958809575156,0.018298468837610524,0.12168427862842356,0.10565020487384084,0.027636402846668105,92740.0
03731000,0.05195569061856681,,0.011567493383001667,0.10224487795314186,0.18606019017743358,,0.05519066758160965,0.013430055876874816,0.020782276247426724,0.3652583080090187,0.060778355063229095,,,0.014018233506518969,0.03254582884030977,0.043819233408489366,0.020488187432604648,,,10201.0
04545000,,,,0.09243697478991597,0.31932773109243695,,,0.2781512605042017,,,,,,,,0.02773109243697479,0.02100840336134454,,,1190.0
04555000,0.07833655705996131,,,0.0609284332688588,0.3288201160541586,,,0.2205029013539652,,,,,,,,0.03288201160541586,0.025145067698259187,,,1034.0
04558000,,0.10225636101776284,,0.02328372539606337,0.15458473355736918,0.2827652424387902,,0.026644263082093136,0.10057609217474796,,,0.00600096015362458,,,,,0.0021603456553048487,0.05496879500720115,,4166.0
04601000,,0.0219210840972499,,0.047827819848545235,0.32562774013551216,0.07572738142686329,0.005579912315663611,0.2184137106416899,0.16420884814667197,,,,,,,0.039059386209645275,0.024711040255081706,0.047827819848545235,,2509.0
04603000,,,,0.052193995381062355,0.2674364896073903,,,0.17367205542725173,0.07621247113163972,0.025404157043879907,,,,,,,,0.23140877598152426,,2165.0
04604000,0.026689107958643904,0.11925943736475114,,0.036306804520317384,0.22962250540995433,0.04255830728540515,0.0038470786246693916,0.14258235152680934,0.132724212551094,,,,,,,0.025006011060351045,0.014907429670593893,0.09978360182736234,,4159.0
04605000,0.03857084855866829,0.04127757477331168,,0.01732304777371769,0.15577209365272704,0.023277845445933143,0.0032480714575720666,0.09338205440519691,0.12681012315604276,,0.0037894167005007445,0.1350656381107051,,,,0.011232913790770063,0.04303694681282988,0.2583570171877115,0.016375693598592502,7389.0
04606000,0.03695014662756598,,,0.05043988269794721,0.24105571847507332,0.011730205278592375,,0.18826979472140762,0.1747800586510264,,0.005865102639296188,,,,,0.03519061583577713,0.012903225806451613,0.15425219941348975,,1705.0
04608000,,,,0.09401709401709402,0.3741690408357075,,,0.05413105413105413,0.18043684710351376,,,,,,,,,0.12630579297245964,,1053.0
04609000,0.0356355972794329,0.07606092537599386,,0.018775744803142064,0.16447935626017818,0.047322540473225407,0.003831784653702462,0.16754478398314016,0.09225021553788677,0.0020116869431937925,0.004885525433470639,0.23191876616534152,0.005747676980553693,,,0.019063128652169747,0.020500047897308173,0.08247916467094549,0.015806111696522657,10439.0
04610000,0.03264952325917365,0.24674949436579025,,0.033516324761629586,0.1693152268130598,0.053452759318116154,,0.1288644900317827,0.14071077723201386,,0.004334007512279688,0.06761051719156314,,,,0.027737648078590003,0.02542617740537417,0.02195897139555042,,3461.0
04611000,0.1280270321006195,,0.04167448845504036,0.016519617045241224,0.056129153369626435,0.0071334709968087105,0.0011263375258119017,0.06063450347287404,0.044865778111507416,,0.04317627182278956,,,,,0.017082785808147174,0.010324760653275766,0.06194856391965459,,5327.0
04613000,0.01975540921919097,0.08419567262464722,,0.0380997177798683,0.2977422389463782,0.05079962370649106,,0.17873941674506114,0.19614299153339604,,0.007525870178739417,,,,0.010348071495766699,0.03057384760112888,0.01975540921919097,,,2126.0
04614000,0.007851978543108139,0.0536422296509368,,0.017103319598849413,0.12570939905154319,0.03428438155951178,0.0021767861307626524,0.1360491331726658,0.04392443442431781,,0.002099043768949701,0.11474772603591697,,,0.004353572261525305,0.01321620150820182,0.11171577392521184,0.31462333825701627,0.007618751457669284,12863.0
04615000,,0.03785234899328859,,0.056375838926174496,0.2848322147651007,,,0.07328859060402684,,,,,,,,0.03516778523489933,,0.30523489932885906,,3725.0
04616000,,0.05403431909456006,,0.07703541438481197,0.35815991237677985,0.02227090178897408,,0.17159547280029208,0.18035779481562614,,,,,,,0.03687477181453085,0.024461482292807594,0.03066812705366922,,2739.0
04617000,,,,0.048266166822867856,0.32146204311152765,,,0.20805998125585753,0.20290534208059982,,,,,,,0.039831302717900655,0.013120899718837863,,,2134.0
04618000,0.04505568680391495,,,0.026155923050961864,0.15052311846101923,0.07188660141748228,0.0020249746878164025,0.10293621329733378,0.07829902126223422,,0.0077624029699628755,0.016368545393182585,,,,0.014174822814714817,0.01771852851839352,0.43908201147485654,0.00641241984475194,5926.0
04619000,0.0407725321888412,0.012568976088289392,,0.05119558553034948,0.2305334150827713,0.01072961373390558,,0.1345800122624157,0.14285714285714285,,0.005518087063151441,,,,,0.019926425505824647,0.010423053341508276,0.034641324340895153,0.0027590435315757206,3262.0
04620000,0.04024594745667971,,,0.045835662381218556,0.2923420905533818,0.027948574622694244,0.003912800447177194,0.27445500279485746,0.14980435997764113,,,,,,,0.03242034656232532,0.024035774175517048,0.07881498043599776,,1789.0
04621000,,0.4195583596214511,,0.034249662009914375,0.21969355565570076,0.031771068048670574,,0.035826949076160436,,,,0.08607480847228481,,,,,0.04146011716989635,,,4438.0
04622000,,0.041649652919559,,0.037566353613719884,0.35238873009391586,0.022049816251531237,,0.1420988158432013,0.19844834626378113,,0.010208248264597795,,,,,0.03593303389138424,0.018783176806859942,,,2449.0
04624000,0.009078102989513226,0.23149162623258726,,0.02238221943966192,0.13930192518390985,0.12411958052903428,0.0021912662388480202,0.10878071685709814,0.08154640788855846,,0.0023477852559085927,0.1978400375645641,,,0.0023477852559085927,0.020190953200813898,0.011269369228361246,0.042729691657536394,,6389.0
04626000,,,,0.03008987885892927,0.18405627198124266,0.04962876123485736,,0.223915592028136,0.18366549433372412,,0.01016021883548261,,,,,0.007424775302852677,0.03321610003907777,0.23954669792887848,,2559.0
04628000,0.009882643607164917,0.2875231624459543,,0.034280420012353305,0.23965410747374924,0.0592958616429895,,0.14113650401482397,0.12137121680049413,,,,,,,0.03242742433600988,0.01266213712168005,0.017294626312538603,,3238.0
04630000,0.04289263763567412,0.15914737805675427,0.021184778344448804,0.033607950830391004,0.23551719628612527,0.04590035307963907,0.003138485680659082,0.11037007976984438,0.0975545965738198,,0.0061462011246240355,0.009415457041977247,0.042238786452203476,0.0013077023669412842,0.003530796390741467,0.021969399764613574,0.02236171047469596,0.12723944030338694,0.015300117693213025,7647.0
04631000,,,,0.06357477853048463,0.3444502344971339,0.027618551328817093,,0.1959353830119854,0.16571130797290257,,0.006774361646690985,,,,,0.03335070349140177,0.01928087545596665,0.06774361646690985,,1919.0
04633000,0.06120805369127517,0.14953020134228187,,0.029798657718120805,0.2953020134228188,0.16483221476510068,,0.11651006711409397,0.1436241610738255,,,,,,,,,,,3725.0
04635000,0.009087036774101945,0.02001987789294335,0.06815277580576459,0.018316058497799232,0.10421695300298169,0.014624449808320318,,0.06644895641062047,0.058781769132471955,,,0.15277580576458896,0.39713190401817405,,,0.03336646315490558,0.012068720715604145,0.03890387618912395,,7043.0
04637000,,0.48223570190641246,,0.04354419410745234,0.1800259965337955,0.0201473136915078,,0.037045060658578856,,,,0.09922010398613518,,,,,0.014948006932409013,0.050043327556325824,,4616.0
04639000,0.015876089060987416,0.01452081316553727,0.003291384317521781,0.02207163601161665,0.21258470474346564,0.03717328170377541,,0.24336882865440465,0.2234269119070668,,0.007744433688286544,,,,,0.015488867376573089,0.02362052274927396,0.09235237173281703,0.008518877057115199,5165.0
04641000,,0.15737833594976453,,0.041601255886970175,0.282574568288854,0.031789638932496075,0.0043171114599686025,0.14050235478806908,0.14050235478806908,0.0031397174254317113,,,,0.005494505494505495,,0.0423861852433281,0.020800627943485087,0.02511773940345369,0.018445839874411302,2548.0
04643000,0.04691211401425178,,,0.04334916864608076,0.25950118764845603,0.007719714964370546,,0.16448931116389548,0.19833729216152018,,0.010095011876484561,,,,,0.013064133016627079,0.010688836104513063,0.04156769596199525,,1684.0
04647000,0.024052674012362267,0.06181134103735555,,0.031308787960225744,0.1683687180865359,0.06369255576457941,0.002418704649287826,0.09177640419242139,0.1402848696586939,,0.010212308519215264,,,,0.0017468422467078742,0.01679656006449879,0.02512765385649019,0.19497446922870196,,7442.0
04648000,,,,0.07462686567164178,0.3214695752009185,0.06199770378874857,,0.2462686567164179,0.1653272101033295,,,,,,,0.0269804822043628,0.02066590126291619,0.03960964408725603,,1742.0
04649000,0.050629641588634165,,0.10791088149822409,0.00684533419438166,0.03597029383274136,0.009622215046819503,0.0009041007426541814,0.03080400387471747,0.019373587342589604,,,0.21220536002583146,0.3424604455925089,,0.01517597675169519,0.01653212786567646,0.007168227316758153,0.10474652889893445,,15485.0
04650000,0.0814345000391512,0.009631195677707306,0.04040404040404041,0.017226528854435832,0.08934304283141492,0.08981285725471772,,0.06914102262939473,0.06021454858664161,0.05214940098661029,0.02748414376321353,0.03758515386422363,0.2863518910030538,,0.002427374520397776,0.03507947693994205,0.009709498081591104,0.08605434186829536,0.0035236081747709656,12771.0
04651000,,0.1864881693648817,,0.03922789539227895,0.273972602739726,0.06444582814445828,0.00311332503113325,0.1404109589041096,0.19613947696139478,,,,,,,0.02054794520547945,0.021481942714819426,,,3212.0
04652000,,,,0.05970149253731343,0.3419267299864315,,,0.16757123473541383,,,,,,,,0.028493894165535955,0.029850746268656716,0.07937584803256445,,1474.0
04653000,0.04738537034197209,0.009047692071768134,0.1619383530133415,0.027245310024024944,0.11235495578387773,0.028063180493789298,0.002504728313653325,0.07038797730409446,0.05806880335326892,0.00659408066247508,0.003782650922660124,0.007667535654040792,0.17205950007667536,,0.009047692071768134,0.060471297858201704,0.009303276593569493,0.20661452742421918,0.006645197566835352,19563.0
04654000,0.08637268847795164,0.003357041251778094,0.07624466571834992,0.013200568990042674,0.04762446657183499,0.06856330014224751,0.001081081081081081,0.041536273115220484,0.029644381223328593,0.025547652916073967,0.03311522048364154,0.0027880512091038407,0.3802560455192034,,0.010867709815078236,0.038236130867709814,0.0019345661450924608,0.13456614509246087,0.0049502133712660025,17575.0
04656000,0.025278810408921933,0.3298636926889715,,0.023543990086741014,0.13990086741016108,0.03543990086741016,0.0030978934324659233,0.08426270136307311,0.08128872366790582,0.004584882280049566,0.005328376703841388,0.054399008674101614,,0.0003717472118959108,0.009789343246592317,0.005452292441140025,0.042503097893432464,0.13506815365551425,0.007434944237918215,8070.0
04657000,0.03682083520431073,0.013246519982038617,,0.02155365963179165,0.19398293668612482,0.04333183655141446,0.003367759317467445,0.2020655590480467,0.11989223170184105,,0.008531656937584195,0.09519533004041311,,0.002694207453973956,,0.009429726088908847,0.02177817691962281,0.20273911091154018,,4454.0
04659000,0.027831601197815747,0.12136691914743702,,0.11132640479126299,0.2628148670072221,0.06218072925841113,0.0035229874933943982,0.1264752510128589,0.1395103047384182,,0.0029945393693852386,0.01814338559098115,,,0.0026422406200457987,0.02219482120838471,0.024132464329751628,0.0459749867887969,0.02395631495508191,5677.0
04701000,0.02151625064770311,0.010348955634570372,0.029839012275090677,0.028727643075383707,0.13856379652295103,0.031397073275322956,0.02805224507298944,0.11329533475083531,0.1298407990422928,0.010134543570318223,0.026472742866331944,0.13341433344649525,0.02170207443672164,0.0024907534797291263,0.008254864473707721,0.06587810674147265,0.10798148909178623,0.08314542498257901,0.008955277216931406,279835.0
04703000,0.02118550232523806,,0.015501587067247361,0.02413818557614232,0.163098841071824,0.048682365099283975,0.007234073964715435,0.08308112497231859,0.1664206097290913,0.011884550084889643,0.003912305307448144,0.2510888019487709,,0.0008858049752712778,0.009005683915257991,0.021037868162692847,0.05170886543146084,0.10511552373219163,0.015501587067247361,27094.0
04706000,0.028645833333333332,,,0.017578125,0.10319010416666667,0.048828125,0.0026041666666666665,0.08430989583333333,0.10904947916666667,,0.0037434895833333335,0.01171875,,,,0.02685546875,0.019694010416666668,0.53369140625,,6144.0
04707000,0.03911806543385491,,,0.03295400663821717,0.1119013750592698,0.044570886676149835,0.0030820293978188716,0.0732574679943101,0.13560929350403034,,0.004267425320056899,,,,,0.014935988620199146,0.03153153153153153,0.2655286865813182,,4218.0
04709000,0.03350432831035589,,0.01058031420327028,0.02997755690926579,0.2282782943251042,0.14636101314523886,0.004648925937800577,0.08560436037191407,0.1437960884899006,0.007053542802180186,0.003526771401090093,0.16672010259698622,,,,0.03815325424815646,0.03767233087528054,0.028534786790638023,,6238.0
04712000,,,,0.04270604669726601,0.14707643184993016,0.053083216922769905,0.004589902215126721,0.2753941329076033,0.20355218519257634,,0.004390341249251646,0.01277190181600479,,0.002195170624625823,,0.04390341249251646,0.0341249251646378,0.13849531031730195,0.01197365795250449,5011.0
04720000,0.010396273543509079,,,0.026800783095929252,0.21001822723283603,0.08161749814352258,0.011476405859717815,0.19908188753122258,0.2164315128603254,0.004658070613650172,0.002700330790521839,0.06710322014446769,,0.002632822520758793,0.0011476405859717816,0.03679200702086006,0.07608182002295281,0.03638695740228178,,14813.0
04722000,0.00950734658599827,0.05077787381158168,,0.020887352348026505,0.15499855949294153,0.07591472198213771,0.006194180351483722,0.09089599539037742,0.14794007490636704,,0.0023048112935753384,0.25014405070584844,,0.000432152117545376,0.0028089887640449437,0.02124747911264765,0.05099394987035436,0.08981561509651398,0.017646211466436187,13884.0
04723000,0.020132141469102215,0.0035755926933540615,,0.042052079284881465,0.23443451224251846,0.035289545277885734,0.007850757870190439,0.13696074621064905,0.2560435289545278,0.007151185386708123,0.0016323357947920715,0.0891566265060241,0.004352895452778858,0.0010882238631947144,0.02075398367664205,0.030003886513797123,0.04430625728721337,0.03723280217644773,0.028060629615235134,12865.0
04726000,0.01917900403768506,0.006280843427545985,,0.02288021534320323,0.19279946164199194,0.15388066397487662,0.00762673844773441,0.09881112606550023,0.1766487213997308,0.0070659488559892325,0.002018842530282638,0.10419470614625392,,0.0006729475100942127,,0.03420816509645581,0.0550695379093764,0.036787797218483624,0.026917900403768506,8916.0
04729000,0.033995398412922005,,0.14283701929849274,0.014579518242005917,0.0812320984176175,0.0348405878762267,0.0035333615063154436,0.039043057707658355,0.05600554068648166,0.009473165234540075,0.016739446870451237,0.24060900596328122,0.14614734469643612,0.00045781095929004086,0.014767338122740292,0.025050476592947363,0.020836268018969806,0.10893553082593793,0.010705733201859417,85188.0
04733000,0.04238329238329238,,,0.033988533988533985,0.2201064701064701,0.10114660114660115,0.006552006552006552,0.17833742833742833,0.17076167076167076,,0.05528255528255528,0.08824733824733824,,,0.0042997542997543,0.003480753480753481,0.06981981981981981,,,4884.0
04740000,0.024263431542461005,,,0.03655270206396723,0.24468252717819441,0.030408066803214118,0.008980620765716086,0.17362533480384434,0.16543248778950687,,,,,,,0.04001890657003308,0.055931936347880885,0.17472821805577438,,6347.0
04775000,,,,,0.5578125,,,0.1171875,,,,,,,,,0.0421875,,,640.0
05502000,,,,,0.24603174603174602,,,0.2003968253968254,,0.0291005291005291,0.016534391534391533,,,,,,0.010582010582010581,0.24338624338624337,,1512.0
05510000,0.027941755214482486,,,,0.26092089728453366,,0.012593467138921684,0.18575364029909486,0.19874065328610782,0.0070838252656434475,,,,,,0.02715466351829988,0.032270759543486814,0.08067689885871704,,2541.0
05517000,0.004661365505895256,,,0.03591993419248698,0.10501782286811077,,,0.06635590896627365,0.05950095969289827,,,,,,,,,,,3647.0
05526000,0.0027839643652561247,0.048719376391982185,,,0.23246102449888642,,,0.22912026726057907,0.22021158129175947,0.01252783964365256,,,,,0.03953229398663697,0.017817371937639197,0.008630289532293986,0.04398663697104677,,3592.0
05528000,0.008142116950407105,,,,0.2472242783123612,,,0.28127313101406365,,0.008882309400444115,,,,,,,0.010362694300518135,0.10214655810510732,,1351.0
05532000,,,,0.016068759342301942,0.1756352765321375,0.09715994020926756,0.0033632286995515697,0.24327354260089687,0.17002989536621824,,,0.0011210762331838565,,,0.05455904334828102,0.016068759342301942,0.009715994020926755,0.08445440956651719,,2676.0
05534000,0.020099540581929556,0.009188361408882083,0.0930321592649311,0.02526799387442573,0.13418836140888207,0.22741194486983154,0.001339969372128637,0.10375191424196019,0.09609494640122511,,,,0.2327718223583461,,,0.015505359877488514,0.011485451761102604,0.014165390505359877,,5224.0
05540000,,0.41688447464715106,,0.021170935703084162,0.11003659174072138,0.04077365394668061,,0.07501306847882906,,,0.0060115002613695765,0.2245164662833246,,,0.014375326711970726,0.009147935180345007,,0.021170935703084162,,3826.0
05546000,,0.16689280868385345,,,0.28674807779285394,,,0.18995929443690637,0.1483491632745364,,,,,,,0.0370872908186341,,,,2211.0
05548000,0.009687184661957619,0.011907164480322906,,0.04661957618567104,0.14591321897073664,,0.0020181634712411706,0.1277497477295661,0.10433905146316852,0.03733602421796166,,0.13662966700302726,,,0.017558022199798184,0.00544904137235116,0.01170534813319879,0.23713420787083753,0.027447023208879918,4955.0
05550000,0.0054757015742642025,0.012320328542094456,,,0.2751540041067762,,0.0013689253935660506,0.21937029431895963,0.20876112251882273,,,,,,0.017453798767967144,,0.009240246406570842,,,2922.0
05555000,,0.060191518467852256,,0.02051983584131327,0.2913816689466484,,,0.23563611491108072,0.11285909712722299,,,0.04719562243502052,,,,0.0338577291381669,0.03625170998632011,0.073187414500684,,2924.0
05607000,,,,0.009523809523809525,0.6301587301587301,,,0.07777777777777778,,,,,,,,,,,,630.0
05612000,0.01153984853948792,0.02127659574468085,,0.007573025604038947,0.2019473494410386,,0.07789397764154346,0.13451135953840607,0.3476379372520736,0.009376126938333935,,,,,,,0.015867291741795887,0.03750450775333574,,2773.0
05614000,0.004397215097105167,0.11982411139611579,,0.01978746793697325,0.2290216196408941,0.03847563209967021,,0.13118358373030414,0.10589959692194943,,,,0.21253206302674973,,,,,,,2729.0
05620000,,0.18307638402242465,,0.00700770847932726,0.14646110721793973,,,0.1497897687456202,0.07971268395234758,,0.00805886475122635,0.12859145059565522,0.16503153468815698,,0.011913104414856343,0.011212333566923615,0.008234057463209531,,,5708.0
05623000,,,,0.014608765259155493,0.232939763858315,,0.0010006003602161296,0.18571142685611366,0.09725835501300781,0.005803482089253552,0.004802881729037423,0.19491695017010205,,,0.009605763458074845,0.007004202521512908,0.08745247148288973,0.09925955573344006,,4997.0
05630000,,0.036190965092402466,0.01591375770020534,0.016170431211498974,0.22381930184804927,0.06647843942505134,,0.37166324435318276,0.12679671457905545,0.017197125256673513,0.012577002053388091,0.021303901437371663,,,0.019763860369609858,0.004363449691991786,0.004620123203285421,0.027464065708418892,0.023100616016427104,3896.0
05637000,,0.10092847317744154,,0.009112792297111417,0.14236588720770288,,,0.1856946354883081,0.1279229711141678,0.005330123796423659,,0.3526478679504814,,,0.003954607977991747,,0.0041265474552957355,,,5816.0
05653000,0.0029819329942115417,,,0.011752324153657253,0.2059287844237853,0.06174355376249781,0.0024557095246447993,0.20294685142957375,0.13401157691633048,0.018593229258024906,0.004736011226100684,0.10208735309594807,,,0.01999649184353622,0.00456060340291177,0.028942290826170846,0.07332047009296615,,5701.0
05657000,,,0.26363774502355264,,0.08144658866433672,,,0.08570126120650357,0.031606138884667984,0.0095730132198754,,,,,0.012915970217292206,0.002735146634250114,0.021121410120042546,0.2618143139340526,,6581.0
05659000,,,,0.012064965197215777,0.15730858468677494,,,0.27888631090487237,0.15127610208816705,0.01577726218097448,,0.004176334106728539,,,,0.018097447795823667,0.11693735498839908,,,2155.0
05701000,0.022048655869876015,0.030058358919070945,0.02061312020999836,0.016945180115780344,0.11248740244216843,0.05278083764970586,0.04087468066655729,0.15686596198467198,0.10838587198537511,0.015328005249958985,0.03592940680150936,0.06884125905266365,0.002865211990531324,0.002378887664940118,0.014660041718424074,0.053636299716408466,0.1022042796540652,0.1292275060351091,0.013869032273185367,170668.0
05703000,0.015021459227467811,,,0.019065698250247606,0.10622317596566523,,0.005612413337735226,0.08806536810828657,0.1134037636183559,0.0025586001980851766,0.0054473423572136016,0.5398646417959723,,0.00024760647078243646,0.008583690987124463,0.0065203037306041595,0.023192472763288213,0.021211620997028724,,12116.0
05705000,0.012731884418361764,0.06500223802655791,0.023225742278808376,0.05047993236186403,0.13438106132192768,0.041726761824240316,0.006316208285671657,0.13642015218580594,0.08867558561694933,0.03292385736310738,0.0035311085691550207,0.07425274779927389,,,0.012035609489232605,0.008007161684985328,0.11219973143681305,0.16954294524295022,0.014920177052767693,20107.0
05706000,0.014874225300765586,,0.04104994531534816,0.01035362741523879,0.05534086766314254,,0.0061246810061975935,0.08129784907036092,0.046445497630331754,0.008093328472475392,0.002770689026613197,0.6376230404666423,,,0.004010207801676996,0.01990521327014218,0.009259934378417791,0.008384979948960992,0.017134524243528983,13715.0
05707000,,,,0.021643906209739758,0.14017005926307652,0.06557588250450914,0.0055398093274929144,0.09018294254058233,0.11878381860345272,,,0.22069054367431074,,,,,0.025380056686421026,0.0362020097912909,,7762.0
05708000,0.007725093233883857,,,0.011720831113478956,0.16036228023441662,,0.005860415556739478,0.18673415023974427,0.17314864144912093,,,0.042621204049014386,,,,0.02610548748002131,0.08577517314864144,0.18593500266382526,,3754.0
05711000,0.007225843015018419,,,0.010909606120714083,0.1558515160102012,0.10753754604703882,0.004817228676678946,0.14139982998016434,0.1613771606687447,0.003258713516576934,0.005383961462170587,0.09960328705015585,,,,0.03442901671861717,0.028053272881836216,0.22201756871635023,,7058.0
05714000,0.02029607651273634,0.053723051671348755,0.02578832738865566,0.014014709131656198,0.10580474101196301,0.03528929011079196,0.008680281556769042,0.09163220857927465,0.09106404469555886,0.005145039613648559,0.006060414759635113,0.12559578296139642,,0.0037561945645655124,0.007386130488305293,0.019443830687162652,0.06824279536630788,0.2979388276885199,0.020075123891291312,31681.0
05717000,0.01938958707360862,0.02459605026929982,0.005565529622980251,0.016337522441651705,0.15960502692998205,0.1400359066427289,0.0019748653500897668,0.16409335727109514,0.18940754039497307,,,0.0003590664272890485,,,,0.010053859964093357,0.02118491921005386,0.21310592459605027,,5570.0
05720000,0.007357357357357357,,,0.022972972972972974,0.15495495495495495,0.11726726726726727,0.005555555555555556,0.2114114114114114,0.15,0.002102102102102102,,0.07972972972972973,,,0.022822822822822823,0.01021021021021021,0.04744744744744745,0.12057057057057056,,6660.0
05723000,0.0036961583236321304,0.02110011641443539,0.02048894062863795,0.021158323632130382,0.14217112922002328,0.05069848661233993,0.010069848661233992,0.19636204889406286,0.12630966239813737,0.01551222351571595,0.006839348079161816,0.15515133876600698,,0.0007566938300349244,0.008119906868451689,0.017840512223515716,0.08413853317811408,0.09880675203725262,,34360.0
05747000,,,,0.019706136560069143,0.10250648228176318,,0.0038029386343993088,0.47813310285220395,0.11408815903197926,0.012273120138288678,,,,,0.02610198789974071,,0.01866897147796024,,0.08107173725151254,5785.0
07502000,0.01333968556455455,0.04001905669366365,,0.05502620295378752,0.3060981419723678,0.06288708909004288,0.0016674606955693187,0.12101000476417341,0.24535493091948546,,,,,,,0.04787994282991901,0.020247737017627443,0.027870414483087184,,4198.0
07503000,,0.09646079111727966,,0.061068702290076333,0.29840388619014574,0.06210964607911173,,0.15405968077723803,0.18112421929215822,,,,,,,0.058639833448993754,0.02116585704371964,0.0392088827203331,,2882.0
07505000,,0.40182205853847647,,0.030432254312851327,0.2046908315565032,0.039542547005233575,,0.08431866640821865,0.15623182787361892,,,0.013762357045939136,,,,0.02636169800348905,0.01957743748788525,,,5159.0
07507000,0.016793893129770993,0.14274809160305343,,0.048091603053435114,0.33931297709923663,0.06030534351145038,,0.12709923664122139,0.166412213740458,,,,,,,0.03549618320610687,0.026717557251908396,,,2620.0
07512000,0.018175119734741497,0.0765074296942159,0.02112243644848336,0.021552253469237382,0.1942158909492816,0.06416554095542183,0.003377133734495886,0.09357730566130419,0.1544885177453027,0.007491096647427238,0.001535060788407221,0.1726636374800442,,0.00042981702075402185,0.012833108191084366,0.0247451799091244,0.03671865405870072,0.018236522166277785,0.07583200294731672,16286.0
07517000,,0.11962750716332378,,0.03402578796561605,0.25107449856733527,0.06840974212034384,,0.13431232091690545,0.21812320916905445,,,,,,,0.029011461318051577,0.05766475644699141,0.04083094555873926,,2792.0
07528000,0.010268896887571459,0.19860258310395934,,0.02159644293881008,0.20431928858776202,0.04065212788481897,,0.11623967817065424,0.18896887571458817,,,0.09167901757357612,,,0.0029642176582680498,0.03451196273554944,0.032712259157315265,0.017467711200508152,,9446.0
07530000,0.023809523809523808,0.42662779397473277,,0.028668610301263362,0.1836734693877551,0.03417557499190152,0.0006478781988986071,0.07450599287333981,0.12471655328798185,,,,,,,0.013929381276320051,0.01733074182053774,0.05766115970197603,0.004211208292840946,6174.0
07533000,,0.06487651901215209,0.07800862406899255,0.05919247353978832,0.2853782830262642,0.042924343394747155,,0.22422579380635044,0.14876519012152098,,,0.010388083104664837,,,,0.02920423363386907,0.016072128577028617,,,5102.0
07536000,0.04467036352433765,0.09426987060998152,,0.04682686383240912,0.32563154651879234,0.053296364756623534,,0.13185459026494148,0.20055452865064696,,,0.010166358595194085,,,,0.04220579174368454,0.015403573629081947,0.009550215650030808,,3246.0
07544000,,0.3304031524704456,,0.03728402546226129,0.2179448317672022,0.03304031524704456,,0.1097302212791755,0.17368899666565626,,,0.010912397696271597,,,,0.018187329493785997,0.018490451652015762,,,3299.0
07548000,,0.2227744165946413,0.010695764909248055,0.02085133967156439,0.2133751080380294,0.04602420051858254,,0.08675453759723423,0.1436905790838375,,0.0023768366464995676,0.024740708729472774,,,,0.02441659464131374,0.0754105445116681,0.007346585998271392,0.09442523768366465,9256.0
07552000,0.0501841620626151,0.18554327808471455,,0.046500920810313075,0.22421731123388583,0.043738489871086556,,0.15561694290976058,0.2265193370165746,,,,,,,0.020257826887661142,0.01151012891344383,,,2172.0
07554000,,0.34478168264110753,,0.024494142705005325,0.20473908413205538,0.03727369542066028,,0.10010649627263046,0.14323748668796593,0.005324813631522897,,0.006656017039403621,,,0.005591054313099041,0.03541001064962726,0.029552715654952075,0.04712460063897764,,3756.0
07556000,0.02508833922261484,0.19151943462897528,,0.09929328621908128,0.28869257950530036,0.05653710247349823,,0.12862190812720847,,,,,,,,,0.009893992932862191,,,2830.0
07558000,0.007289231192408197,0.09434740750928346,0.012446706092697015,0.014647228716820246,0.2074680236556182,0.04284142483839912,0.001650391968092422,0.07309861092009352,0.08430752303672122,0.003163251272177142,0.009489753816531426,0.059757942511346446,,,0.0050199422362811165,0.022349057901251548,0.2129693302159263,0.13842662632375188,0.009489753816531426,14542.0
07701000,0.015495300816354531,0.004570556355903135,0.024576387459696782,0.01749331138094258,0.14146429306441655,0.027783494546202922,0.07248576524662138,0.2107000754613432,0.15012519722851067,0.00683439665226041,0.035544007683336765,0.09437812993071276,0.0009689922480620155,0.002143788159429238,0.005728201961994923,0.02584551005007889,0.10035501131920148,0.03921417301227962,0.024284832270014406,116616.0
07705000,0.029169391759319818,0.17724002616088946,,0.021059516023544802,0.20353172007848266,0.03701765860039241,0.0006540222367560497,0.07181164159581425,0.12439502943100066,,,0.2519293655984303,,,0.009156311314584695,0.01962066710268149,0.02472204054937868,0.026160889470241987,,7645.0
07707000,0.009943181818181818,0.08535640495867769,0.011299070247933885,0.015560433884297521,0.24231663223140495,0.058109504132231406,0.002130681818181818,0.12015754132231404,0.13694473140495866,0.008522727272727272,0.005423553719008265,0.09820506198347108,,,0.01084710743801653,0.012202995867768594,0.04351756198347107,0.05171745867768595,0.08742252066115702,15488.0
07710000,0.012592354641824606,,0.023193061355605525,0.007516864760681015,0.1615804690009637,0.05351750722775458,0.0032123353678123997,0.09392868615483456,0.488339222614841,0.0028911018310311598,,,,0.001220687439768712,,0.03398650819145519,0.0846129135881786,0.016511403790555733,,15565.0
07712000,0.05441798352993545,,0.011796127309147563,0.01591364344535945,0.13298464277765412,0.0979301135099043,0.0008902737591809482,0.08546628088137102,0.4898731359893167,0.004673937235699978,0.0026708212775428445,,,,,0.018584464722902292,0.045515245938125976,0.004340084576007122,,8986.0
07713000,0.01986676183678325,0.18689031644063764,0.019152985962407804,0.016119438496312158,0.12479181536997383,0.09737092552938377,0.0012491077801570307,0.05353319057815846,0.08648584344515822,0.012491077801570306,,0.12098501070663811,,0.00017844396859386153,0.002914584820366405,0.010766119438496312,0.046990245063050204,0.19301689269569355,0.005472281703545087,16812.0
07714000,0.03491042719338539,0.25677537896187413,,0.02365640790078089,0.18155718879191549,0.06097841065686725,0.0009186954524575103,0.07361047312815802,0.16421681212677997,,0.0053973357831878736,0.05293982544786403,,0.00034451079467156636,,0.0266421681212678,0.025149288011024347,0.07395498392282958,,8708.0
07715000,0.00914968891057704,,0.010186653653775772,0.0569720629498597,0.12528974014883493,0.04166158350616079,0.004025863120653898,0.06447480785653288,0.5689886543857509,0.003842869342442357,0.005977796754910333,0.023606197389288763,,,0.009027693058436013,0.008966695132365499,0.04086861046724411,0.008905697206294985,0.014639502256923264,16394.0
07716000,0.027794204612655235,0.21747486694263748,,0.022767593140153756,0.2316676522767593,0.03903015966883501,0.0013305736250739208,0.09713187463039621,0.14917208752217623,,,0.046126552335895916,,,,0.04257835600236547,0.04272619751626257,0.05913660555884092,0.00192193968066233,6764.0
07718000,,,,0.014691714836223507,0.17509633911368017,,0.0012042389210019267,0.07538535645472062,0.17654142581888246,,,0.16570327552986513,,,,,0.20592485549132947,,,4152.0
07721000,0.04259491030454735,0.02523988318731748,,0.012098456403838132,0.13575302461410096,0.040175219023779726,0.005798915310805173,0.10396328744263662,0.1034209428452232,0.006633291614518148,0.000458906967042136,0.09770546516478933,,0.000750938673341677,0.004213600333750522,0.012932832707551106,0.07017104714226116,0.3310387984981227,0.0037129745515227367,23970.0
07724000,0.007316980702885089,0.01679493498123365,0.033172839974219964,0.006482920726390416,0.11176403685028623,0.03957993706638359,0.0012890017818554043,0.048678773173598214,0.0797664632065815,0.00652083254350381,0.0029950335519581452,0.371194601357243,,0.0017818554043295294,0.0014785608674223755,0.008871365204534253,0.06664897448534708,0.1791333358607878,0.016567464078553286,26377.0
07725000,0.059802392095683825,0.03159126365054602,,0.028211128445137807,0.19604784191367655,0.045761830473218926,0.004810192407696308,0.11960478419136765,0.1389755590223609,,0.012090483619344774,,0.1998179927197088,,,0.01391055642225689,0.021320852834113363,0.10816432657306292,0.002730109204368175,7692.0
07726000,0.042070459468703685,0.2736290046744955,0.0106031239311367,0.03773800022802417,0.19678485919507469,0.042982556150952,0.0020522175350587164,0.07980845969672785,0.10625926348192909,0.003762398814274313,0.006156652605176149,0.08231672557291073,,,,0.023828525823737318,0.06510090069547372,0.022688404970926918,0.002166229620339756,8771.0
07727000,0.011307953260459858,0.006291861173127664,0.007422656499173649,0.0326480906955841,0.15358520107860477,0.18069529415175853,0.012902664617704196,0.09295717475137,0.22238974745571052,0.010206152686363767,0.01029313694221346,0.06149786888573168,,0.0011887848299457799,0.002493548667691148,0.043579112180695295,0.10040882600249355,0.03308301197483256,0.015976108324393286,34489.0
07731000,0.0034839833543017515,0.09455143714313365,,0.027194425626633118,0.18416723120100648,0.0405496951514565,0.0011613277847672505,0.07703474305622762,0.12813316558598664,0.0033872060389044806,,0.08448659634181747,0.023710442272331364,0.0014516597309590631,0.028936417303783993,0.0176134714023033,0.03271073260427756,0.11187457659924514,0.1325849220942611,10333.0
07735000,0.022021660649819495,0.196028880866426,0.009747292418772563,0.026474127557160047,0.2292418772563177,0.03802647412755716,0.0006016847172081829,0.10300842358604091,0.10878459687123947,0.004332129963898917,,0.18327316486161252,,,,0.01684717208182912,0.03622141997593261,,,8310.0
08603000,0.009672830725462305,0.0048364153627311526,0.0649596965386439,0.026458036984352774,0.23802750118539592,0.04466571834992888,0.005500237079184448,0.08885727833096255,0.11114272166903746,0.008250355618776671,0.002844950213371266,0.2594594594594595,,,0.00559506875296349,0.015931721194879088,0.012612612612612612,0.09293504030346135,,10545.0
08606000,,,,0.02814070351758794,0.07688442211055277,,,0.033165829145728645,,,,,0.6839195979899497,,,0.02814070351758794,,0.01507537688442211,,1990.0
08609000,,,,0.040340909090909094,0.22301136363636365,0.04857954545454545,0.003409090909090909,0.15852272727272726,0.16107954545454545,,0.008522727272727272,,,,0.06221590909090909,0.018465909090909092,0.02556818181818182,0.13607954545454545,,3520.0
08612000,,0.08180839612486544,0.06585771601917996,0.022409237694490654,0.11781974752911244,0.05979058616302965,0.0005871415989822879,0.04931989431451218,0.07779626186515315,,,0.05049417751247676,,,0.01223211664546433,0.013210685977101478,0.012329973578628046,0.4134455426166944,0.014189255308738625,10219.0
08614000,0.007179375611878603,,0.10551506581094311,0.022190797345806593,0.11476123137169586,0.04677471989557272,0.00032633525508539104,0.059719351680626566,0.044272816273251386,,0.0028282388774067226,,0.3876862830414446,,,0.0072881540302404,0.004568693571195475,0.16925921897095617,0.016969433264440337,9193.0
08617000,0.015056461731493099,,,0.06189878711836052,0.3864491844416562,,0.0012547051442910915,0.12003345880384776,0.18862400669176077,,,,,,,0.040987034713508994,0.037222919280635716,0.07319113341698034,,2391.0
08620000,,0.044558466108560624,0.23413448555225494,0.040507696462327845,0.26384012962462866,,,0.159060221442074,0.1234134485552255,0.019983796921415067,,0.004860923575479341,,,0.05968133945449636,,,,,3703.0
08624000,0.018514791708593277,0.025558462467297243,,0.034010867377742,0.4300664117528678,0.04367075870396458,0.004226202455222379,0.09257395854296639,0.20788891124974845,,,,,,,0.022338498691889717,0.025558462467297243,0.006439927550815053,0.01006238679814852,4969.0
08628000,,0.034025629695095004,0.4619973486522316,0.04021210782147592,0.16482545293857712,,,0.06650463985859478,0.10472823685373397,,,,,,,0.007291206363234644,0.004418912947414936,,,4526.0
08631000,0.02207934004609972,0.0493752274657285,0.0050952323183307046,0.02826640786121558,0.17032633749848355,0.05883780177119981,0.00048526022079340043,0.10833434429212666,0.1293218488414412,0.025354846536455176,,,0.3324032512434793,,0.018439888390149217,0.015043066844595413,0.01164624529904161,0.007521533422297707,0.015164381899793765,8243.0
08634000,0.016244923461418308,0.09403311465167136,,0.03436426116838488,0.12933458294283037,0.0943455170259294,,0.059668853483286474,0.09059668853483287,,,,0.35738831615120276,,,0.006560449859418931,0.02717900656044986,0.03405185879412684,,3201.0
08637000,,0.03893805309734513,,0.024778761061946902,0.09336283185840707,,,0.06548672566371681,,,,,,,,0.05752212389380531,,0.02831858407079646,,2260.0
08642000,,0.1110072883573164,,0.04373014389833676,0.24331900579330967,0.11455802653709588,0.007662119230050458,0.16576340870865258,0.12278078863763782,,0.005232666791253972,0.02186507194916838,,,0.06914595402728461,0.008783404971033451,0.03980564380489628,,0.037563072322930297,5351.0
08644000,,0.12794612794612795,0.029292929292929294,0.011952861952861953,0.21801346801346802,0.004882154882154882,0.0003367003367003367,0.0632996632996633,0.14191919191919192,,,0.032491582491582495,0.16498316498316498,,,0.014141414141414142,0.039057239057239054,0.09612794612794613,,5940.0
08646000,,,,0.046296296296296294,0.167989417989418,,,0.09523809523809523,,,,,,,,0.037037037037037035,,0.2156084656084656,,756.0
08650000,0.017037552155771907,0.04033379694019471,,0.06710709318497914,0.312586926286509,0.07545201668984701,,0.10917941585535466,0.1870653685674548,,,,,,,0.016689847009735744,,0.0351182197496523,0.012169680111265646,2876.0
08655000,,0.026088001923539314,0.08102909353209906,0.05602308247174802,0.2786727578744891,0.028131762442894927,,0.14871363308487617,0.07369559990382303,0.011541235874008175,0.006972830007213273,0.04063476797307045,,0.001683096898292859,0.061072373166626594,0.024404905025246452,0.029694638134166867,0.05650396729983169,0.02524645347439288,8318.0
08701000,0.021415587366507612,0.016200863440127243,0.03232219950011361,0.02008066348557146,0.1124289934105885,0.049341058850261306,0.03532151783685526,0.19470574869347876,0.11525789593274256,0.00924789820495342,0.034946603044762554,0.047705067030220406,0.004686434901158828,0.0056009997727789135,0.014013860486253124,0.0418768461713247,0.10382299477391502,0.13187911838218586,0.009139968189047944,176040.0
08709000,0.029058391681893888,0.002263870247893792,0.03140311443864103,0.013550880483821413,0.13743309454892386,0.04972429294481008,0.0054332885949451015,0.11783444640287188,0.11773742339224787,0.008877605472097799,0.000857036593845507,0.3281965039375172,,0.001697902685920344,0.013275981953720024,0.010090393104898045,0.03638362898400738,0.08052909881793632,0.015588363706925826,61841.0
10505000,,0.05964467005076142,,0.049069373942470386,0.2580372250423012,0.05583756345177665,0.004653130287648054,0.10617597292724196,0.1455160744500846,,0.006345177664974619,,,,,,0.015651438240270727,0.1967005076142132,,2364.0
10508000,,0.13512343005630142,,0.021654395842355997,0.2230402771762668,0.04893893460372455,,0.2550887830229537,,,,0.1606756171502815,,,,,,0.014724989172802079,0.0073624945864010395,2309.0
10511000,,0.16277939747327502,0.11904761904761904,0.031098153547133137,0.21768707482993196,,,0.057337220602526724,0.29931972789115646,,,,,,,,0.05053449951409135,0.03935860058309038,,2058.0
10515000,0.049649077203015334,0.038471536262022356,0.05562776189238368,0.014296854691967767,0.20197556537561737,0.12997140629061607,0.008058227190018197,0.1772809981804003,0.1260722641018976,,0.006238627501949571,0.016116454380036394,,,,0.03197296594749155,0.03379256563556018,0.08422147127631921,0.019755653756173643,3847.0
10521000,0.0521557719054242,0.027816411682892908,,,0.1860222531293463,0.030945757997218357,0.005563282336578581,0.2159248956884562,0.12934631432545202,,,,,,,0.024687065368567455,0.009040333796940195,0.23191933240611962,,2876.0
10528000,0.011051373954599762,0.16099163679808842,0.019115890083632018,0.027479091995221028,0.20340501792114696,0.02180406212664277,0.0047789725209080045,0.270310633213859,0.16786140979689368,,,,,,,0.017323775388291517,0.017323775388291517,0.05704898446833931,,3348.0
10540000,,,,0.043052837573385516,0.32093933463796476,,,0.22602739726027396,0.16536203522504891,,,,,,,0.040117416829745595,,0.05870841487279843,,1022.0
10547000,,0.042909312233718806,,0.01978088861838101,0.25410833840535607,0.029214850882531954,,0.3846622032866707,0.10651247717589775,0.02282410225197809,,,,,,0.013390139987827145,0.009433962264150943,0.09160073037127206,,3286.0
10549000,0.02583423035522067,,0.4154026812799687,0.004892846658185733,0.07701340639984343,0.04061062726294158,0.003033564928075154,0.05763773363342793,0.039240630198649575,0.004403561992367159,0.009589979450044035,0.01917995890008807,,0.0007828554653097172,0.005577845190331735,0.00988355024953518,0.008513553185243175,0.22027595655152168,0.009785693316371465,10219.0
10551000,,0.4177050882658359,,0.0347871235721703,0.21339563862928349,0.019470404984423675,0.005451713395638629,0.11188992731048805,0.11188992731048805,,,,,,,0.032191069574247146,0.012201453790238837,,,3852.0
10554000,0.006584362139917695,0.0019753086419753087,0.22979423868312757,0.007242798353909465,0.10238683127572017,0.062386831275720166,,0.019423868312757202,0.02567901234567901,,,,0.38222222222222224,,,0.0024691358024691358,,0.13415637860082305,,6075.0
10555000,,0.017205203524968526,,,0.08224926563155686,,,0.02517834662190516,,,,,,,,,,0.15988250104909776,,2383.0
10625000,,,0.07567091948966125,,0.2974043114826221,,,0.028156621205455347,,,,,0.29916410030796303,,,,,0.1517817861856577,,2273.0
10630000,,0.2940243257535695,,0.02908514013749339,0.2760444209413009,0.033844526705446853,0.005288207297726071,0.12109994711792703,0.16129032258064516,,,,,,,0.029613960867265997,0.01110523532522475,,,1891.0
10631000,0.022608695652173914,0.010068649885583524,0.3354691075514874,0.0030205949656750574,0.049977116704805494,0.012723112128146453,0.0019221967963386727,0.03826086956521739,0.03231121281464531,0.015377574370709381,0.005308924485125858,0.0422883295194508,0.23093821510297483,0.002471395881006865,,0.00448512585812357,0.009702517162471396,0.17867276887871852,,10925.0
10632000,,0.05060858424087124,,0.037155669442664956,0.2600896860986547,0.035233824471492634,,0.23062139654067906,0.20435618193465727,,,,,,,0.05573350416399744,,,,1561.0
10635000,,0.1175115207373272,,0.027649769585253458,0.2834101382488479,,0.0069124423963133645,0.23444700460829493,0.18490783410138248,,,,,,,0.039746543778801845,0.013248847926267281,0.029953917050691243,,1736.0
10638000,0.013469985358711566,0.04714494875549048,,0.01493411420204978,0.17628111273792094,0.09399707174231332,0.004099560761346999,0.20907759882869692,0.12474377745241581,0.008199121522693998,0.004392386530014641,,,0.0008784773060029283,,0.01786237188872621,0.010248901903367497,0.08286969253294289,,3415.0
10642000,0.05712012728719173,,0.14685759745425617,0.009069212410501194,0.0750994431185362,0.4055688146380271,,0.03516308671439936,0.02673031026252983,0.030230708035003977,0.002386634844868735,0.0913285600636436,,,,0.04184566428003182,,0.0669848846459825,,6285.0
10645000,0.01864541832669323,0.009083665338645418,0.11410358565737051,0.011792828685258964,0.08669322709163346,0.03346613545816733,,0.044302788844621514,0.03872509960159363,,,,0.477609561752988,,,0.029163346613545818,0.0011155378486055777,0.10772908366533865,,6275.0
10701000,0.013855008689274724,0.013615854339057093,0.0705983641842445,0.019275840627541015,0.13277849524082844,0.05814639434957988,0.03942858053921334,0.16525565600038264,0.14886561119880104,0.007190574129876756,0.025159037642894726,0.05521276765357695,0.004017793083656192,0.005612155418440395,0.009805328358922848,0.05784346550597089,0.11568693101194177,0.045662537268219575,0.011941773887533681,62721.0
10710000,0.019700445284037242,0.00364323303197949,0.060990419646471464,0.011941708271488329,0.09560113345027661,0.036027526649574954,0.008973148023208744,0.1893131831061935,0.15254351639454863,0.006544326001889084,0.00721899878558899,0.0943192551612468,,0.0015517474025097827,0.005194980434489273,0.00836594251787883,0.04446093644582377,0.2519902847119147,,14822.0
10712000,0.031772230245512685,0.03775531256447287,0.04188157623272127,0.03280379616257479,0.15556014029296472,0.1563853930266144,0.009490406436971322,0.17887353001856818,0.18444398597070352,,,,0.021869197441716524,,,0.04910253765215597,0.03342273571281205,0.061893955023726015,,4847.0
10720000,0.04879238838741157,,,0.007318858258111734,0.17760429373017808,0.15808733837521347,0.009026591851671139,0.1480848987557941,0.17418882654305928,,,,0.20346425957550623,,,,0.02537204196145401,,,4099.0
10730000,0.031468379703980205,0.009071574287078433,0.5502843005338773,0.005468987369243457,0.06228568948305048,0.05859629324189418,0.0037762055644776247,0.05503711098571987,0.06927384001041711,0.0024306610529970917,0.0026476843613004036,0.00664091323408134,,0.0026476843613004036,0.002691089022961066,0.043274447675680366,0.015061417596249837,0.06610529970918877,,23039.0
10732000,0.025128498001142203,,0.09373215305539692,0.013349514563106795,0.0631781838949172,0.06274985722444318,0.007638492290119932,0.06046544831524843,0.059323243860651055,0.005639634494574529,0.015633923472301543,0.07260137064534551,,0.007067390062821245,0.010065676756139348,0.020488292404340375,0.010422615648201027,0.45723872073101085,,14008.0
10740000,,,,0.0171939477303989,0.18500687757909215,0.04264099037138927,0.007565337001375516,0.17606602475928473,0.15061898211829436,,0.013067400275103164,,,,,0.017881705639614855,0.024759284731774415,0.2513755158184319,,2908.0
10775000,,,,,0.2303206997084548,,,0.09256559766763849,0.14431486880466474,,,,,,,,0.02040816326530612,0.06268221574344024,,1372.0
11508000,,0.19894736842105262,,0.03315789473684211,0.3405263157894737,,,0.19736842105263158,0.1394736842105263,,,,,,,,,,,1900.0
11511000,,,,0.06627680311890838,0.3060428849902534,0.03508771929824561,0.004548408057179987,0.17348927875243664,,,,,,,,,0.03833658219623132,0.03898635477582846,,1539.0
11514000,,0.07959278111985192,,0.044423877834335955,0.2901434521055067,0.08838500694123091,0.004627487274409995,0.1813975011568718,0.13882461823229986,,,,,,,0.0041647385469689956,0.04488662656177696,,,2161.0
11518000,,0.016545601291364002,,0.06941081517352704,0.33857949959644873,0.05084745762711865,0.00443906376109766,0.14527845036319612,0.17998385794995964,,,,,,0.007667473769168685,0.023405972558514933,0.07828894269572235,,,2478.0
11527000,0.02793778801843318,,,0.03513824884792627,0.20276497695852536,,,0.09648617511520738,0.11693548387096774,,,,,,0.04550691244239631,,0.019297235023041474,0.33035714285714285,,3472.0
11538000,,,,0.06013579049466537,0.2434529582929195,,0.0038797284190106693,0.24248302618816683,,,,,,,,0.01842870999030068,,0.10766246362754607,,1031.0
11542000,,0.02746309646412633,,0.02814967387572949,0.12324064538276691,0.07174733951253004,,0.12083762444215586,0.08822519739100583,,,0.012701682114658427,,,,0.050120151047030555,0.028492962581531067,0.0542396155166495,,2913.0
11544000,,0.07886108714408974,,0.021570319240724764,0.17687661777394306,0.031061259706643658,0.005867126833477136,0.10267471958584987,0.12942191544434858,,0.010698878343399483,,,,,0.0031061259706643657,0.040379637618636756,0.31130284728213975,,5795.0
11550000,0.018371184724432228,0.016924634746130478,0.004050339939244901,0.009981194850282078,0.20005786199913206,0.07174887892376682,0.006509474902357876,0.20483147692752784,0.10878055836829162,,0.005352234919716477,0.011717054824244177,0.05858527412122089,0.007956024880659628,,0.004628959930565601,0.04744683928829741,0.15434688268479677,0.06321423405178649,6913.0
11554000,,0.12625737079431149,,0.0383281304197017,0.22129725979882067,0.03867499132847728,0.003815469996531391,0.0931321540062435,0.11706555671175858,,0.0022545959070412766,,,,,0.02826916406520985,0.026187998612556364,0.11619840443981963,,5766.0
11556000,0.01405071967100754,0.10932145305003427,,0.03666895133653187,0.2906100068540096,0.027758738862234407,0.005140507196710075,0.21727210418094586,0.11343385880740232,,,,,,,,0.050034270047978065,0.07368060315284441,,2918.0
11558000,,,,0.04565916398713826,0.3389067524115756,,0.005787781350482315,0.22893890675241158,0.16205787781350484,,,,,,,0.01157556270096463,0.03408360128617363,0.06816720257234726,,1555.0
11605000,0.01796655935195763,0.08619794371170422,,0.020562882957731853,0.20614809429847336,0.04808391317893862,0.007477411984629765,0.14020147471180808,0.1454979748675875,,0.008100529650015578,,,,,0.011527676809637554,0.0608578253193478,0.16377609305223803,,9629.0
11622000,,,,0.02497687326549491,0.18755781683626271,0.03538390379278446,0.003469010175763182,0.18755781683626271,0.10013876040703053,,,0.07793709528214617,,,,0.0032377428307123032,0.03260869565217391,0.27266419981498613,0.02960222016651249,4324.0
11630000,,,,0.06295399515738499,0.3452784503631961,,,0.17288135593220338,0.19951573849878934,,,,,,,,0.02711864406779661,0.031961259079903145,,2065.0
11635000,,,,0.03450949980612641,0.22450562233423807,,,0.10818146568437378,0.08879410624272974,,0.026754556029468787,,,,,,0.038386971694455214,0.28344319503683596,,2579.0
11646000,,0.09927797833935018,0.057220216606498196,0.029422382671480143,0.17075812274368232,0.05685920577617329,0.0037906137184115524,0.1220216606498195,0.09314079422382672,,,0.13375451263537907,,,0.009566787003610109,0.003971119133574007,0.024368231046931407,0.13916967509025271,,5540.0
11648000,,0.36999413948036725,,0.03985153350263723,0.20296932994725533,0.04551670248095331,,0.12678257472162532,0.08829849579996094,0.007618675522563001,,,,0.012502441883180308,0.005079117015042001,,0.02109787067786677,0.03946083219378785,,5119.0
11652000,0.013059183106418449,0.03737149208113365,0.058071686579605444,0.05529313698249514,0.14198388441233675,0.028341205890525144,,0.06210058349541539,0.18296749096971382,,,,,,,0.024173381494859682,0.02861906085023618,0.18880244512364547,,7198.0
11701000,0.012888086642599278,0.016438026474127558,0.018074608904933814,0.028604091456077015,0.15120336943441637,0.037099879663056556,0.023995186522262336,0.18101083032490975,0.15719614921780986,0.009903730445246691,0.03138387484957882,0.05048134777376655,,,0.009807460890493381,0.02779783393501805,0.0874488567990373,0.1321179302045728,0.01571600481347774,83100.0
11708000,0.061445999282382494,0.043505561535701474,,0.018568353067814854,0.13177251524937209,,0.0031395766056691783,0.07678507355579477,0.06718693936132042,,0.0031395766056691783,0.33180839612486546,,,,0.020631503408683173,0.04207032651596699,0.07068532472192321,,11148.0
11710000,0.019931968729486185,,0.0014322372739750551,0.014680432058244316,0.17473294742495674,0.053768574327146865,0.010324043683236856,0.10616458793340097,0.12329175866801934,,0.011338545085635855,0.10043563883750074,,0.01038372023631915,0.0015515903801396431,0.009369218833920152,0.05281374947783016,0.2868055141135048,0.02255773706510712,16757.0
11712000,,,,,0.05849056603773585,,,,,0.018867924528301886,,,,,,,,,,1060.0
11715000,,,0.03255914912090297,0.013566312133709572,0.13642283481658346,,0.003364445409159974,0.05817234642934665,0.1010418927718689,,,,,0.003038853917950944,,,,,,9214.0
11725000,,,0.20409247940473027,0.02963061387191071,0.15718841349986712,,,0.17791655593941005,,0.03893170342811587,,0.00903534414031358,,0.004384799362211002,0.042785011958543714,0.02391708743024183,0.03760297634865799,0.035211267605633804,,7526.0
11730000,0.01182528556954295,,0.006204111091063027,0.012755208261044567,0.09315882246804258,0.016766367333342587,0.008397063109828034,0.07569848297686296,0.07746117225776902,0.012255548307401908,0.0006106954988965843,,,0.0017349303945925689,0.01583644464184097,0.0064678205110410975,0.03102055545531513,0.00678704770364613,,72049.0
11811000,0.014876144318793753,0.028877221324717286,0.09255519655358105,0.007740980075390415,0.07660204631125471,,,0.03143511039310716,0.02187668282175552,,,0.010770059235325794,0.4808831448572967,0.005115778136779752,0.0006058158319870759,0.021203554119547656,0.011779752288637587,0.11429725363489499,0.012116316639741519,14856.0
11851000,0.04794399149237859,0.01772421127259837,0.0598192130450195,0.03961361219425735,0.14746543778801843,0.05051400212690535,0.010368663594470046,0.17024104927330733,0.11875221552640908,0.02587734845799362,0.03287841191066997,0.022421127259836936,0.04165189649060617,0.0037220843672456576,0.013824884792626729,0.03146047500886211,0.02632045373980858,0.12406947890818859,0.01533144275079759,11284.0
12605000,0.03507571220805886,,,0.010266062109675763,0.17751732397981007,0.026606210967576354,0.0011121567285482077,0.2558815980836684,0.10043630763966122,0.00752844554709556,0.002138762939515784,0.049362648644024294,,0.001625459834031996,,0.12584481136110873,0.05398237659337839,0.04089314740354179,0.0332791513388656,11689.0
12610000,0.007900677200902935,0.06997742663656885,,0.02172686230248307,0.39813769751693,,,0.15067720090293454,0.20005643340857787,,,,,,,,0.024266365688487584,,0.040632054176072234,3544.0
12615000,0.030025020850708923,,0.3772588268001112,0.012510425354462052,0.1690297470113984,0.011120378092855158,,0.09591326105087573,0.13844870725604672,0.008340283569641367,0.004726160689463442,,,,,,0.032805115373922715,0.03919933277731443,,3597.0
12620000,,0.06495841762193752,,0.015284333558102945,0.32973701955495616,,0.0011238480557428637,0.10406832996178916,0.24095302315126996,,,,,,,0.020229265003371546,0.03236682400539447,,0.09867385929422343,4449.0
12625000,0.01820795400095831,0.08145663632007666,,0.010541447053186392,0.3325347388596071,0.012937230474365118,,0.11763296597987542,0.23694298035457595,,,0.046717776712985146,,,0.003114518447532343,0.029707714422616195,0.029468136080498322,,0.049592716818399614,4174.0
12630000,0.038361967521769826,0.011061426217933632,0.03906801600376559,0.006589785831960461,0.06974190005491489,0.04440260453440025,0.0004706989879971758,0.04291205773907586,0.037969718365105515,0.026359143327841845,,0.45085118066996155,0.08056797677884993,,,0.025496195183180356,0.007688083470620538,0.07374284145289088,0.04401035537773594,12747.0
12635000,,0.029243292131444075,,0.030449201085318057,0.27645462767561046,,,0.14892975580343684,0.17636418450406993,,0.00964727163099186,,,,,0.03346397347000302,0.034669882423876995,0.20198974977389206,0.03858908652396744,3317.0
12640000,0.0087765676218674,0.020513905043882837,0.037009622501850484,0.0032779951358781856,0.12509252405625462,0.10923125726974728,,0.07105847520355292,0.14814423178597863,0.02389764195833774,,0.20175531352437348,0.05509146663846886,,,0.031088082901554404,0.0404991011948821,0.10944274082690071,0.010679919636248281,9457.0
12642000,,,0.017025804735301943,0.03804203245544028,0.38201649374833735,,,0.11465815376429901,0.10481511040170258,,,,,,0.0856610800744879,0.01782388933226922,0.08699122106943336,0.06384676775738228,,3759.0
12645000,0.02184154175588865,0.25910064239828695,,0.010492505353319057,0.22248394004282654,,0.0008565310492505353,0.10364025695931478,0.1518201284796574,0.004282655246252677,,,,0.0014989293361884369,,,0.04025695931477516,0.09143468950749464,0.034903640256959315,4670.0
12650000,,0.029781601588352084,0.3457974851091992,0.019192587690271344,0.20483123759099933,0.03176704169424222,,0.10522832561217736,0.11945731303772336,,,,,,,,0.02316346790205162,,0.03342157511581734,3022.0
12701000,0.03253823098505233,,,,0.15603604293744194,0.045360094224894905,0.026888567570932,0.1859601076308759,0.18565368520841513,0.004634639139719049,,0.04788807921019621,0.033256408537694744,,,0.021372963966638257,0.0791144391990884,,,104431.0
12719000,0.023912261776339445,,,,0.14419273642574612,,0.0005393743257820927,0.42197051420352394,0.13646170442286948,0.06040992448759439,,0.06903991370010787,,,,0.009169363538295576,0.020316432937792162,,,5562.0
14610000,0.029693004529441368,0.17332662304982385,0.017362858580775038,0.024056366381479618,0.23940613990941118,0.019426270759939607,0.0033719174635128335,0.04695520885757423,0.07418218419728234,0.014645193759436336,0.003019627579265224,0.1552591847005536,,,0.0016607951685958732,0.005737292400603926,0.11967790639154505,0.03855057876195269,,19870.0
14615000,0.022779744497460366,0.19039556718485454,0.025858088348468523,0.034631368323841775,0.13529321225180851,0.028474680621825458,0.0030783438510081575,0.06479913806372171,0.17007849776820072,,,0.21794674465137756,,0.001231337540403263,0.0009235031553024473,0.015237802062490381,0.039710635678005236,0.0332461135908881,,6497.0
14625000,0.040460803596515875,0.301489182354594,,0.04832818207361619,0.23321157628547345,0.04776622646810902,0.0061815116605788145,0.09553245293621804,0.13515032312447317,,0.005619556055071649,,,0.005619556055071649,,0.03512222534419781,0.022197246417533015,,,3559.0
14630000,0.023954302561267734,0.2922424912474664,,0.030772065597936243,0.18721208770960016,0.04846139672010319,0.004790860512253547,0.08881518334254652,0.08715680854984338,,0.0023954302561267735,0.12529942878201586,,0.002211166390270868,,0.016215220195319697,0.032061912658927584,0.048645660585959094,0.008844665561083471,5427.0
14638000,0.02687713310580205,0.3199658703071672,,0.041168941979522186,0.17512798634812288,0.038822525597269626,0.003626279863481229,0.08276450511945392,0.0889505119453925,,,0.14483788395904437,,0.0008532423208191126,,0.01983788395904437,0.01983788395904437,0.026023890784982934,,4688.0
14640000,0.024964723759904484,0.18321936394225552,0.04732443286660154,0.02615868880929122,0.14370997503527624,0.024096385542168676,0.0027135569304244005,0.058612829697167045,0.07901877781395854,,,0.3286660154130034,,0.0033648105937262563,,0.026484315640942148,0.025290350591555412,0.015195918810376642,0.009660262672310864,9213.0
14641000,,0.3237150586113616,,0.06086564472497746,0.20784490532010821,0.062218214607754736,,0.15013525698827773,0.13660955816050496,,,,,,,0.016681695220919748,,,,2218.0
14642000,0.03326293558606125,0.2651795142555438,,0.03286694825765576,0.17859028511087646,0.02837909186906019,0.004883843717001056,0.06586589229144667,0.11364836325237593,0.007655755015839493,0.003563885955649419,0.10652059134107708,,,,0.04461457233368532,0.023891235480464627,0.02771911298838437,,7576.0
14643000,,0.3694029850746269,0.02105543710021322,0.04157782515991471,0.1657782515991471,0.03571428571428571,0.0026652452025586353,0.07489339019189765,0.0818230277185501,,,0.09115138592750532,,,,0.019189765458422176,0.02185501066098081,,,3752.0
14646000,0.040031897926634766,0.3054226475279107,0.010047846889952153,0.07177033492822966,0.13444976076555024,0.03125996810207336,0.004146730462519936,0.06666666666666667,0.07799043062200957,,,0.15135566188197766,,0.0023923444976076554,,0.01802232854864434,0.03317384370015949,0.03110047846889952,,6270.0
14648000,0.025717480432351846,0.24388122748167473,,0.039632252453720956,0.13554478817244378,0.024972046216921357,0.0034786930053422784,0.07429494347123866,0.06684060131693378,0.00906944962107094,0.00273325878991179,0.19654615480183873,,0.0021120636103863833,,0.054913653870045966,0.029444651509504285,0.07056777239408622,0.01093303515964716,8049.0
14650000,0.045414847161572056,0.2462882096069869,,0.049344978165938864,0.20807860262008734,0.03777292576419214,0.004148471615720524,0.08668122270742358,0.10851528384279475,0.001091703056768559,,0.11157205240174672,,,,0.0314410480349345,0.020305676855895197,,,4580.0
14654000,0.02400893355667225,0.2037967615857063,,0.04522613065326633,0.23283082077051925,0.04038712078913084,0.005397357156151126,0.10608598548297041,0.11613623673925182,,0.0020472734040573237,0.09733854457472547,,0.008002977852224083,,0.015447608412432532,0.033314721756932814,0.02847571189279732,,5373.0
14701000,0.021801380301103658,0.013230312266431116,0.01984061502023859,0.021218974772133838,0.17579910891954068,0.03601207520796731,0.03118781607633395,0.1196455091680337,0.13211869424680406,0.00825074499373914,0.036643014531017946,0.17493520738490212,,0.004494229331883791,0.0029120276448491083,0.03574999271993089,0.09110763824851244,0.06397724735733491,0.010764795527125538,103021.0
14710000,,0.08467588825603471,0.01876864659614863,0.02034174125305126,0.11792785462435584,0.025657716300515325,0.0049362625440737724,0.060699755899104965,0.06476810414971522,0.0023867643070246813,0.006021155410903174,0.3068077027393545,,0.0005966910767561703,0.010686194738269596,0.05831299159208028,0.09905071874152427,0.10398698128559805,0.010143748304854896,18435.0
14720000,0.04396284829721362,0.0478844169246646,0.016511867905056758,0.02325421396628827,0.15775713794289645,0.0457516339869281,0.005572755417956657,0.10842793257653939,0.09838321293429653,,0.003371173030615755,0.2639146886824905,,0.001995184038527692,,0.013415892672858616,0.04176126590987272,0.11193670450636395,0.012796697626418989,14535.0
14725000,0.04449694821815318,0.2159873990943099,,0.03544004725339634,0.19944871037605827,0.035636936404804094,0.005119117936601693,0.14195707816499312,0.1799566843866903,,,,,,0.01004134672179563,0.01752313447529041,0.027367592045678284,0.01929513683796023,,5079.0
14730000,0.024628410741324432,0.03161212570686938,0.06897191063316956,0.027903958468526932,0.10685701925156825,0.03686536262785452,0.003491857482772473,0.0487005963968975,0.06915731899508668,0.012144247705571522,0.008065263743394828,0.08272303080868947,0.36543988133864835,0.0015450696826426872,0.0010197459905441734,0.020394919810883472,0.03556750409443466,0.03374432186891629,0.02119835604585767,32361.0
14735000,0.03047191011235955,0.2496179775280899,0.018696629213483147,0.02948314606741573,0.13150561797752808,0.02840449438202247,0.0032359550561797752,0.064,0.07146067415730337,0.006382022471910113,0.0015280898876404495,0.25042696629213484,,0.0017078651685393258,,0.009528089887640449,0.030292134831460673,0.059865168539325844,0.013303370786516854,11125.0
14740000,0.028123492522913653,0.04114809454896286,0.04733880045023316,0.015500884386557324,0.1243286702042129,0.02949027174786943,0.006560540279787747,0.04436404566650587,0.08652516481749477,0.00808811706062068,0.01117543013346197,0.28318057565525007,0.08536742241517929,0.0007075092458594629,0.005145521788068821,0.02949027174786943,0.08202283325293455,0.05536259848850297,0.016111915098890497,62190.0
14750000,,0.16957290876926964,0.002148091988880465,0.0310841546626232,0.17071013393985343,0.0351908011119535,0.003601213040181956,0.07739449077584028,0.10519332827899924,0.005180692443770533,0.0005054334091483447,0.277798837503159,,0.0009476876421531463,,0.013014910285569876,0.047384382107657316,0.016616123325751832,0.017563810967904978,15828.0
14755000,0.025553544074641416,0.09037738476535301,0.012393817017128534,0.01664113633198719,0.1366801281158613,0.03349115722044284,0.0027154992340899598,0.05166411363319872,0.08884556468458432,0.008425010444227823,0.0014621918952792091,0.20526389082300514,0.15617602005291742,0.0008355382258738338,,0.027642389639325998,0.06579863528756441,0.06245648238406907,0.011697535162233673,14362.0
15501000,0.03863275039745628,0.251033386327504,0.015103338632750398,0.014785373608903021,0.13497615262321144,0.04356120826709062,0.005246422893481717,0.09920508744038156,0.08680445151033386,0.007472178060413354,0.0047694753577106515,0.21558028616852146,,,0.005246422893481717,0.012082670906200318,0.028934817170111288,0.02591414944356121,,6290.0
15502000,0.018255972033404545,0.029714507671392502,0.007574286269178481,0.03515245678772577,0.16003107399495048,0.04661099242571373,0.008156923674499902,0.16449796076908138,0.18566711982909304,,,0.16605166051660517,,,,0.016896484754321227,0.09050301029326083,0.020780734123130706,,5149.0
15604000,0.03886255924170616,0.15766192733017378,,,0.1579778830963665,0.03475513428120063,0.0034755134281200632,0.1434439178515008,0.0976303317535545,,0.0069510268562401265,0.1541864139020537,,,,0.033491311216429696,0.05560821484992101,0.03475513428120063,,3165.0
15608000,0.009070536762351937,0.12229217799594494,0.005549034254615302,0.023796819976523317,0.17159321310425782,0.023369971187706756,,0.08312880162202539,0.11578273396649237,0.006189307437840145,,0.094226870131256,,0.002667804930103511,0.0016006829580621064,0.04673994237541351,0.14555543698644755,0.13210970013872586,,9371.0
15610000,0.009192825112107623,0.07914798206278027,0.025,0.00616591928251121,0.082847533632287,0.033632286995515695,,0.02320627802690583,0.02836322869955157,0.00594170403587444,0.002017937219730942,0.6495515695067264,,,,0.014573991031390135,0.014798206278026907,0.01883408071748879,,8920.0
15611000,0.0564042303172738,,,0.0282021151586369,0.2690951821386604,0.057579318448883664,,0.1891891891891892,0.19506462984723855,,,,,,,0.03525264394829612,0.03290246768507638,,,851.0
15612000,0.03310997240835633,0.03823413480488766,,0.025620811982656682,0.13874655104454078,0.052424122979897514,0.004729996058336618,0.20890815924320064,0.16594402837997635,,,0.13046905794245173,,,,0.033504138746551046,0.06779661016949153,0.014978320851399291,,2537.0
15616000,0.014131449140114652,0.05025996533795494,,0.03186241834422077,0.17131049193440875,0.053726169844020795,0.001999733368884149,0.08185575256632449,0.10705239301426477,,0.004932675643247567,0.3534195440607919,,0.004799360085321957,,0.013598186908412212,0.06865751233168911,0.014531395813891481,0.01786428476203173,7501.0
15620000,,0.4371941272430669,,,0.132952691680261,0.04812398042414356,,0.11419249592169657,0.06769983686786298,,,,,,,0.02365415986949429,0.01468189233278956,,,1226.0
15623000,0.03484848484848485,,,,0.275,0.05303030303030303,,0.1590909090909091,0.25984848484848483,,0.020454545454545454,,,,,0.05454545454545454,0.07121212121212121,,,1320.0
15624000,0.018317814074187148,0.030529690123645245,,0.012059227598839872,0.10319035261792092,0.03892535490764769,0.0018317814074187146,0.12181346359334452,0.12440848725385438,,0.0051900473210196914,0.369103953594871,,,0.01816516562356892,0.015112196611204396,0.0908258281178446,0.028239963364371852,,6551.0
15626000,0.043905635648754916,0.07077326343381389,,,0.22346002621231978,0.05045871559633028,0.005242463958060288,0.14875491480996067,0.18676277850589776,,,,,,0.015727391874180863,0.0491480996068152,0.057667103538663174,,,1526.0
15628000,0.028526563726773094,0.22690395184506673,0.016226118817063595,0.020675215912064903,0.25386024600889817,0.04579952891913112,0.0036639623135304895,0.14289453022768908,0.1394922795079822,,0.007589636220884585,,,,0.0013085579691180318,0.012823868097356713,0.04553781732530751,0.02250719706883015,,3821.0
15630000,,0.06060606060606061,,,0.17254901960784313,,,0.04777183600713013,0.1376114081996435,,,,,,,,0.17611408199643494,,,2805.0
15632000,0.07443082311733801,0.2543782837127846,,,0.16987740805604204,0.02626970227670753,0.004816112084063047,0.11514886164623468,0.10507880910683012,,0.010070052539404553,,,,,0.01926444833625219,0.03590192644483362,,,2284.0
15634000,0.06115702479338843,,,0.0256198347107438,0.27768595041322314,0.05537190082644628,0.005785123966942148,0.1652892561983471,0.23305785123966943,,,,,,,0.02975206611570248,0.04297520661157025,0.03471074380165289,,1210.0
15636000,0.06936067551266586,0.07478890229191798,,0.040410132689987936,0.258745476477684,0.06453558504221954,,0.12303980699638119,0.18636911942098913,,0.013268998793727383,,,,,0.047044632086851626,0.039203860072376355,,,1658.0
15638000,,0.10331965684446102,0.02051473330846699,,0.1980604252144722,0.05371130175307721,0.005967922417008579,0.15031704587840358,0.18052965311450953,,0.009324878776575904,,,,,0.03953748601268184,0.0525923162998881,0.017903767251025736,,2681.0
15642000,0.031498147167813656,0.05584965590259396,0.0018528321863419798,0.026204340921122286,0.17972472207517204,0.04129168872419269,0.007411328745367919,0.10402329274748544,0.14107993647432504,,0.00555849655902594,0.28057173107464267,,0.004235044997353097,,0.015881418740074114,0.05029115934356802,0.022763366860772894,,3778.0
15644000,0.04109055501460565,0.16494644595910418,,0.025900681596884127,0.1694255111976631,0.049269717624148,0.002726387536514119,0.13690360272638755,0.12093476144109055,0.004284323271665044,0.0062317429406037,0.13437195715676728,,,0.015189873417721518,0.02414800389483934,0.043037974683544304,0.023758519961051605,,5135.0
15646000,,,,0.036105032822757115,0.1739606126914661,0.053610503282275714,,0.17286652078774617,,,,,,,,0.03172866520787746,,,,914.0
15648000,0.04901215805471125,0.2967325227963526,0.009498480243161094,0.021656534954407294,0.14247720364741642,0.044832826747720364,,0.12613981762917933,0.09498480243161095,,0.010638297872340425,,,,,0.025455927051671733,0.03419452887537994,,,2632.0
15652000,0.03597122302158273,0.19109712230215828,,0.047661870503597124,0.17131294964028776,0.046762589928057555,0.0040467625899280575,0.12320143884892086,0.16906474820143885,,0.009442446043165468,,,,0.0049460431654676255,0.027428057553956834,0.03552158273381295,,,2224.0
15654000,0.026181161600962986,0.030996087872404453,0.019259705085765876,0.014143845922359314,0.24044538068010834,0.03520914835991574,0.004213060487511285,0.11284983448690943,0.11826662654228107,0.0036111947035811012,0.009629852542882938,0.23623232019259705,,,,0.01354198013842913,0.03039422208847427,0.06891363226000602,0.026482094492928078,3323.0
15656000,0.026410348544735895,0.16690621631333094,,0.022637441609773625,0.1697808120733022,0.046532518864534675,0.004311893639956881,0.09180740208408193,0.13977721882860222,0.0012576356449874237,0.004850880344951491,0.21936758893280633,,,0.011498383039885016,0.01742723679482573,0.030003593244699964,,,5566.0
15658000,0.01957831325301205,0.0679384203480589,0.016231593038821955,0.01673360107095047,0.14943105756358768,0.0535475234270415,0.007028112449799197,0.10809906291834002,0.12081659973226239,0.0050200803212851405,0.011211512717536815,0.14809236947791166,,0.0050200803212851405,0.0030120481927710845,0.022255689424364122,0.03748326639892905,0.18708165997322623,0.021251673360107096,5976.0
15701000,0.035162183897775,0.0021981949781074077,0.010562058797247788,0.022142793316057546,0.13153426860870343,0.041989098382628896,0.019631847019926728,0.12688767759806988,0.12536859976767045,0.006701813957644536,0.030193905817174516,0.2185952997944777,,0.0048878563131087484,0.010830131355553569,0.01544097935841301,0.08691805915467786,0.09754266821553034,0.013421499419176124,111910.0
15710000,0.008753861997940269,,,0.02729145211122554,0.19670442842430483,0.03604531410916581,,0.037075180226570546,,,0.004634397528321318,0.46343975283213185,,,,,0.038619979402677654,,,1942.0
15715000,0.02396662138560062,0.0027168639627401514,0.01901804773918106,,0.15651077042499514,0.060062099747719776,0.007180283330098972,0.12060935377450029,0.1851348728895789,0.0031049873859887445,0.004560450223170968,0.24083058412575198,,0.00446341936735882,0.014457597516010091,0.017077430622938095,0.08034154861245876,0.03415486124587619,,10306.0
15720000,0.05079316656497865,0.020134228187919462,0.009304453935326418,0.023184868822452714,0.20973154362416108,0.05811470408785845,0.009762050030506406,0.12660158633312996,0.16885295912141549,0.005338621110433191,0.007474069554606467,0.1174496644295302,,0.007931665649786455,0.006711409395973154,0.0212019524100061,0.087248322147651,0.05414887126296522,0.016168395363026236,6556.0
15725000,0.011925538103548575,,,0.015125072716695753,0.10209424083769633,,,0.07329842931937172,0.09482257126236183,,0.0037812681791739382,,,0.005817335660267597,,,0.036358347876672484,,,3438.0
17605000,0.012293974601459066,,0.009119156984598756,0.03505809240745744,0.15691704944609566,0.06559038097811402,0.0018238313969197513,0.09038097811402324,0.1240205349905431,,0.014455552553363955,0.21041610375574168,0.013442312888408537,0.008376114563631451,0.002364225884895974,0.028708457173736827,0.12044042150770062,0.08801675222912726,0.01681977843825993,14804.0
17610000,0.005677484958901788,0.018473010761799847,,0.027624777561223626,0.15252944665706297,0.01796457927294297,0.0011016015591898993,0.12905685958817048,0.08668756885009744,,0.005253792051521058,0.41225319888145073,,0.004745360562664181,0.0032200660960935512,0.028811117701889672,0.04499618676383357,0.018557749343275993,0.022201508346750276,11801.0
17615000,,0.011795543905635648,,0.0553735255570118,0.14154652686762778,,,0.0871559633027523,0.15170380078636958,,0.014416775884665793,0.26146788990825687,,,,0.06028833551769332,0.06094364351245085,0.07568807339449542,,3052.0
17620000,,,,0.02364394993045897,0.1875620902046493,0.008940989469501292,,0.04271806079872839,0.05642757798529704,0.006954102920723227,,0.43790979535068547,,,,0.00675541426584542,0.04331412676336181,0.05404331412676336,,5033.0
17625000,0.020500595947556616,,,0.027175208581644815,0.1730631704410012,0.013825983313468414,,0.08939213349225268,0.1470798569725864,0.04648390941597139,0.007628128724672229,,,,0.011442193087008343,0.025744934445768773,0.047199046483909414,0.05435041716328963,,4195.0
17630000,0.006894174422612892,,,0.017695047684706422,0.106055383201195,0.02321038722279674,0.0009192232563483856,0.07618062736987245,0.060783637826037,0.016546018614270942,0.008617718028266115,0.5045386648282202,,,0.0095369412846145,0.02366999885097093,0.118005285533724,0.004596116281741928,,8703.0
17635000,0.010241704219582138,,,0.043424825891028265,0.15342072920934044,0.015362556329373207,,0.10753789430561245,0.08787382220401475,0.07107742728390004,,0.24887341253584597,,,,,0.02498975829578042,0.04096681687832855,,4882.0
17640000,0.02266391952490607,0.036722821476184705,,0.01769482486971276,0.17016119258271725,0.030784147376075627,0.0010907768755302387,0.09235244212822688,0.11683432311235002,0.005211489516422252,0.014543691673736517,0.3282026421039874,,,0.004484304932735426,0.011513755908374742,0.057689976972488184,0.045570233911041085,0.03745000605987153,8251.0
17642000,0.06539735099337748,0.10513245033112582,,0.03435430463576159,0.1316225165562914,0.01179635761589404,0.0010347682119205299,0.09850993377483444,0.15459437086092714,0.005173841059602649,0.0035182119205298015,0.25620860927152317,,,0.01841887417218543,0.020281456953642384,0.03932119205298013,0.011589403973509934,0.02297185430463576,4832.0
17644000,,0.26077097505668934,,0.05215419501133787,0.3344671201814059,,,0.06349206349206349,,,,,,,,,,,,882.0
17646000,0.006459731543624161,,0.00947986577181208,0.025503355704697986,0.13213087248322147,0.030956375838926173,0.002181208053691275,0.1072986577181208,0.07667785234899328,0.011409395973154362,0.012248322147651007,0.4160234899328859,,0.002348993288590604,0.027181208053691275,0.03582214765100671,0.0610738255033557,0.016526845637583894,,11920.0
17648000,0.04525964745116722,,,0.03239637922820391,0.16436398284897571,,,0.15626488804192473,0.2248689852310624,,0.007146260123868509,,,,0.031919961886612676,0.019056693663649357,0.0547879942829919,0.02096236303001429,,2099.0
17650000,0.02519871469643159,0.07441231185523423,0.12337223067816674,0.024606798579401318,0.11855234229663453,0.014797902925756806,0.00042279722645019446,0.050735667174023336,0.09605952984948418,0.004397091155082022,0.007272112294943345,0.35819381024860475,,,0.010908168442415017,0.013191273465246067,0.0426179604261796,0.015812616269237273,,11826.0
17652000,0.0033315798702437316,0.02191828862002455,0.06031913028230756,0.020866210766263372,0.17429423110643522,0.013501665789935122,,0.12923022970366474,0.0682097141855164,0.0340171839382781,0.007364544976328248,0.2773978607750307,,,0.014904436261616694,0.06417674907943188,0.05716289672102402,0.015781167806417674,,5703.0
17654000,0.014903612506074842,0.054754576381014095,,0.0354770775959825,0.18775311841892112,0.037259031265187106,,0.08180787299530212,0.1856471731734975,0.031751174469463794,0.004373886278956747,0.14077433986716345,,,0.014417625141746314,0.07403207516604568,0.08245585614774016,0.018467519844484043,0.021869431394783735,6173.0
17656000,0.010754790770434102,0.14802502933124756,,0.021314039890496676,0.167774736018772,0.015447790379350802,0.0007821666014861165,0.08564724286272976,,0.0021509581540868207,0.024051622995698085,0.2964411419632382,,,0.01329683222526398,0.03519749706687524,0.0482987876417677,0.003910833007430583,0.018771998435666796,5114.0
17701000,0.01758217202291472,0.01364116523788242,0.005048145289074879,0.022061512208995247,0.11853492057043026,0.045291106325925326,0.03369154511843335,0.16280014626416933,0.12044448055905416,0.007699183358387844,0.036698086377117786,0.1730386381180677,,0.004459025718116442,0.012137894608540202,0.04370657782472677,0.10536098809572177,0.06290375005078618,,98452.0
17720000,0.027681073278424048,,,0.03549290990914494,0.11624352551583596,0.045002971894370386,0.0016982253545045427,0.11250742973592595,0.13339560159633182,,0.01069881973337862,0.374203956865076,,0.0009340239449774986,0.0028869831026577227,0.02402988876623928,0.06045682262036172,0.016387874670968836,0.025897936656194276,11777.0
17725000,0.009921709586882663,,0.0075828450440691315,0.013196119946821606,0.08186025899847359,,0.0008370673100595795,0.04544783101088187,0.07676399625781673,0.006179526318381014,0.007410507656703924,0.5729233344822493,,0.006179526318381014,0.004406913191196022,0.06942734748141219,0.04345364124279876,0.01743069575065242,,40618.0
17735000,0.038041444077716154,0.00037428970022797644,0.01524379870019395,0.010582190615536426,0.11123209364047773,0.041716288407227194,0.0016672904828337132,0.053795637823675524,0.10449487903637415,0.009187110823777603,0.01207934941644833,0.433733709891456,,0.00796216271394059,0.005682398176188369,0.01408690326312566,0.05243458436830106,0.06917554186940691,0.018578379665861375,29389.0
18602000,0.019587268275620847,0.1808324589017139,,0.012591815320041973,0.14130814970269326,,,0.1483036026582721,0.15809723679608254,,0.008744316194473592,,,,0.003497726477789437,0.010842952081147255,0.04407135362014691,0.09408884225253585,0.0017488632388947185,2859.0
18604000,0.012206148282097649,0.09358047016274865,,0.011754068716094032,0.2879746835443038,,,0.15054249547920434,0.18896925858951175,,,,0.05650994575045208,,,0.03164556962025317,0.051989150090415916,0.05379746835443038,0.04159132007233273,2212.0
18605000,0.007560684440907282,0.06744926382809391,0.011539992041384799,0.010943095901313172,0.11957819339434939,0.10147234381217668,,0.08804218066056506,0.05839633903700756,,0.004078790290489455,0.1833465976920016,,0.003780342220453641,0.0003979307600477517,0.012335853561480302,0.18643056108237166,0.1174890569040987,0.024174293672900915,10052.0
18606000,,,,0.015216068167985392,0.16737674984783932,,,0.16920267802799757,0.23493609251369446,,0.00852099817407182,,,,,,0.035909920876445525,0.01399878271454656,0.024345709068776627,1643.0
18608000,0.016315431679129844,,0.23385452073419444,0.02141400407885792,0.22127804214819852,,,0.12542488103331068,0.1397008837525493,,,,,,0.02379333786539769,,0.061862678450033994,0.0557443915703603,0.026172671651937457,2942.0
18610000,,0.12557575757575756,,0.019878787878787878,0.16242424242424242,0.055757575757575756,0.0024242424242424242,0.14254545454545456,0.13793939393939394,,,0.23393939393939395,,,,0.010666666666666666,0.04387878787878788,0.048484848484848485,0.011636363636363636,4125.0
18612000,0.029350104821802937,0.027952480782669462,0.06865828092243187,0.01781970649895178,0.1829140461215933,0.06918238993710692,0.002795248078266946,0.0693570929419986,0.16177498252969952,0.004891684136967156,0.004891684136967156,0.03668763102725367,0.06778476589797344,,0.00803633822501747,0.015373864430468204,0.043675751222921035,0.16352201257861634,0.0253319357092942,5724.0
18614000,0.00864304235090752,0.16853932584269662,0.014116969173148948,0.023048112935753384,0.16853932584269662,0.019878997407087293,0.0025929127052722557,0.12532411408815902,0.13915298184961106,,,0.14347450302506481,,,0.015557476231633534,,0.04811293575338519,0.07951598962834917,0.021319504465571883,3471.0
18616000,0.03546712802768166,0.0990484429065744,0.027393310265282585,0.009659746251441753,0.15585351787773932,0.05420991926182238,0.009083044982698962,0.0794405997693195,0.24596309111880046,,0.0028835063437139563,0.006055363321799308,,0.008794694348327567,0.012110726643598616,0.01384083044982699,0.05536332179930796,0.15282583621683968,0.027393310265282585,6936.0
18618000,0.008940989469501292,,,,0.1353069739717862,0.02205444069143652,,0.12735942777667394,0.19511225909000596,,,0.14842042519372145,,,0.00397377309755613,,0.01688853566461355,0.2853169084045301,0.019272799523147227,5033.0
18620000,,,,0.0273972602739726,0.21506849315068494,,,0.16986301369863013,0.28493150684931506,,,,,,,0.057534246575342465,0.050684931506849315,0.0273972602739726,0.01780821917808219,1460.0
18622000,,0.3358427436219155,,0.009201171058134672,0.1463822668339607,,,0.19489753241321622,0.14721873693015475,0.0029276453366792136,,0.025930572982015895,,,,,0.0246758678377248,0.02132998745294856,0.006691760769552488,2391.0
18624000,0.05695676274944567,0.004988913525498891,0.08883037694013304,0.010532150776053215,0.14925166297117518,0.035338137472283815,,0.08273281596452328,0.07386363636363637,,0.006374722838137472,0.3246951219512195,,0.003048780487804878,0.016352549889135256,0.015659645232815964,0.03519955654101996,0.07663525498891352,0.011363636363636364,7216.0
18626000,0.03131901224653684,0.015458743224252159,0.012848825537040755,0.014053402931138326,0.15257980325235895,0.057418189118650875,0.0012045773940975708,0.1549889580405541,0.1686408351736599,,0.007428227263601686,0.09576390283075688,0.08391889178879743,,,0.022686207588837583,0.047580807066854046,0.10801043967074885,0.022083918891788797,4981.0
18630000,,0.03210272873194221,,0.018940609951845908,0.24558587479935795,,,0.24815409309791334,0.21380417335473514,,,0.12391653290529694,,,,,0.043659711075441414,0.008667736757624398,0.025682182985553772,3115.0
18634000,0.0453781512605042,0.10504201680672269,,0.021848739495798318,0.2361344537815126,,,0.23025210084033612,0.25546218487394956,,,,,,,,0.03697478991596639,,0.0067226890756302525,1190.0
18636000,0.02441642071371076,0.23852964851086664,,0.017708612825328682,0.15025489669975853,0.0665414542527502,,0.19613630265629192,0.12342366514623021,,,0.012074054199087738,,0.004292997048564529,,0.019050174403005098,0.03729541185940435,0.05929702173329756,0.019855111349610946,3727.0
18638000,0.023469857340082834,0.11205706396686609,,0.022549470777726646,0.16774045098941556,,0.0013805798435342844,0.12632305568338703,0.174643350207087,0.012425218591808559,,0.06281638288080994,,0.0004601932811780948,,0.009203865623561895,0.0621260929590428,0.15071329958582605,0.0041417395306028535,4346.0
18640000,0.018377946464242907,0.1614063124250899,,0.018777467039552537,0.21813823411905714,,,0.11266480223731522,0.15701158609668397,0.013583699560527367,,,,,0.03116260487415102,0.012385137834598482,0.05033959248901319,0.0787055533359968,,2503.0
18642000,0.0198226395409494,,,0.030777256129368807,0.24100156494522693,,,0.18362023995826812,0.21387584767866458,,,,,,,,0.05268648930620762,0.048513302034428794,0.013562858633281168,1917.0
18643000,0.02576808721506442,,0.13875123885034688,0.01635282457879088,0.18731417244796827,,,0.14568880079286423,0.16253716551040634,,,,0.008919722497522299,,0.027254707631318136,0.03270564915758176,0.0639246778989098,0.13875123885034688,,2018.0
18645000,0.02109492717227524,0.12004018081366148,,0.024359618282270217,0.23078854846810648,0.06278252134605726,,0.11878453038674033,0.21898543445504773,,,,,,0.004018081366147665,0.026870919136112507,0.04419889502762431,0.10145655449522853,,3982.0
18646000,0.035021888680425266,,,0.03564727954971857,0.2945590994371482,,,0.1794871794871795,0.20950594121325827,,,,,,,0.04127579737335835,0.043777360850531584,0.07817385866166354,0.020012507817385866,1599.0
18647000,0.027578599007170437,0.13237727523441808,,0.02702702702702703,0.17815774958632102,,,0.151130722559294,0.15609487038058467,,,,,,,0.020959735245449532,0.041919470490899065,0.17374517374517376,0.026475455046883617,1813.0
18649000,0.02753335225659949,0.07692307692307693,,0.024411013340902638,0.209480556344025,0.013340902639795628,,0.11353959693443089,0.1345444223673006,,0.009650865739426626,0.18336644904910587,,,0.006244677831393698,0.013624751632131706,0.0610275333522566,0.06783990916832246,0.04314504683508374,3523.0
18650000,0.029182879377431907,,,0.02821011673151751,0.23978599221789884,0.0933852140077821,,0.15272373540856032,0.2850194552529183,,,,,,,0.030155642023346304,0.04426070038910506,0.025778210116731516,0.02480544747081712,2056.0
18651000,0.014597369265319217,0.10763554700032082,,0.028873917228103944,0.1700352903432788,0.04523580365736285,,0.10587102983638114,0.09752967597048444,,,0.3018928456849535,,,,0.020692974013474495,0.06608918832210459,0.01668270773179339,0.01828681424446583,6234.0
18652000,,0.12056338028169014,,0.02535211267605634,0.26309859154929577,,,0.14422535211267606,0.29126760563380283,,,,,,,0.0428169014084507,0.036619718309859155,0.010704225352112675,,1775.0
18653000,0.011032472939217318,0.04829308909242298,,0.01498751040799334,0.17194004995836804,0.09388009991673606,0.0018734388009991674,0.16174021648626144,0.1933805162364696,,,0.0676519567027477,,,0.01498751040799334,0.020399666944213156,0.050999167360532886,0.11969192339716903,0.018734388009991675,4804.0
18654000,0.02209051724137931,0.2209051724137931,,0.03502155172413793,0.2957974137931034,0.022629310344827586,,0.08674568965517242,,,,,,,,,,0.14170258620689655,0.02101293103448276,1856.0
18656000,0.04101722723543889,,,0.04922067268252666,0.3388022969647252,,,0.16406890894175555,,,,,,,,,,,0.026251025430680888,1219.0
18658000,0.019147621988882025,0.15812229771463868,,0.027177269919703522,0.16676961087090797,,,0.16553428042001236,0.2038295243977764,,,,,0.012353304508956145,,0.04138357010500309,0.05250154416306362,0.06794317479925881,0.022235948116121063,1619.0
18701000,0.02839761086101166,0.006132359717840558,0.024516146184112582,0.017249477154301515,0.12381251993903088,0.034751515366346464,0.030249725284463506,0.1321381730530644,0.12606784587572223,0.009739108858246782,0.03097196129169473,0.15761582361490198,0.0027781716351777674,0.0033054482294140584,0.0030927652334195883,0.038952004537237246,0.11907589238240403,0.09954007302116195,0.011608946864698167,225688.0
18710000,0.03126331487004687,0.016758983098991622,0.005681011219997159,0.007793637267433603,0.10211617667944894,0.04795128532878853,0.006604175543246698,0.053170714387160915,0.11383326232069309,0.0019350944468115325,0.004864365857122568,0.4546939355205227,0.006178099701746911,0.0010474364436869764,0.0025387018889362306,0.006746200823746627,0.08391918761539555,0.033855276239170576,0.019084647067177957,56328.0
18715000,0.015344269612766432,0.00887177770338132,0.019417475728155338,0.0233790871554514,0.1309563664769557,0.09479968753487333,0.00887177770338132,0.08788081687311684,0.16298404195960273,0.011271063497377524,0.004296395491574601,0.3058252427184466,,0.0011159468809284678,0.004575382211806718,0.00658408659747796,0.059535766097533756,0.030242160473161476,0.02399285793996206,17922.0
18720000,0.031103044303275307,0.03795066413662239,0.007590132827324478,0.01864532629321013,0.17737810411682203,0.11607953139179936,0.01303522811649204,0.06509363913868493,0.17977064598630477,0.0029700519759095784,,0.16789043808266646,,0.0028875505321343123,0.004125072188763303,0.011962709347413579,0.07986139757445755,0.061711079943899017,0.020707862387591782,12121.0
18725000,0.025314645308924483,0.01158466819221968,,0.008295194508009153,0.1410183066361556,0.16390160183066363,0.021310068649885584,0.13915903890160183,0.19221967963386727,0.002574370709382151,0.0038615560640732267,0.10941075514874142,,,,0.01473112128146453,0.0705091533180778,0.06464530892448513,,6992.0
18728000,0.006255585344057194,,,0.011081322609472744,0.109562109025916,0.05862377122430742,0.0032171581769436996,0.1424486148346738,0.1483467381590706,,,0.0775692582663092,0.07345844504021448,0.002323503127792672,,0.024307417336907954,0.064343163538874,0.2625558534405719,,5595.0
19500000,0.024700194271190898,0.11177166561984195,0.011218065760067775,0.028731686653715255,0.1701990914535283,0.06466455354143234,0.0052146477556565055,0.12326726165261974,0.13038080074787106,0.00562363973649231,0.008048377908590292,0.1205357794948949,,0.001855070770219541,0.007814668205255547,0.015790011831553732,0.037262090825433455,0.11799418647112955,0.014913600444048436,68461.0
19505000,,0.06504585199402858,,0.020046918319471103,0.14310087438686286,0.04094689699296225,0.004052036681595223,0.09234378332267008,0.08871827681808488,,0.010876519513755598,0.013222435487310728,,,0.010023459159735551,0.010023459159735551,0.030710172744721688,0.44956280656856473,0.009383663894220516,4689.0
19508000,,,,0.029812606473594547,0.23509369676320271,,,0.16013628620102216,0.21635434412265758,,,,,,,,0.03833049403747871,,,1174.0
19510000,,0.1437456807187284,,0.03489979267449896,0.15860400829302004,0.05148583275742916,0.002073255010366275,0.19143054595715273,0.12750518313752593,,,0.1551485832757429,,,,0.010020732550103663,0.0359364201796821,,,2894.0
19514000,0.013342767613464066,0.06489436975639341,,0.042151015869806935,0.20206206408571717,0.07864146366117457,0.01445466491458607,0.1400990599413727,0.17355706054786213,,0.002223794602244011,0.13686444961083594,,0.001819468310926918,0.016375214798342263,0.011321136156878601,0.04083695542302638,0.037198018801172544,,9893.0
19516000,,0.10108108108108108,,0.04216216216216216,0.23837837837837839,0.08324324324324324,,0.14810810810810812,0.13675675675675675,,0.01027027027027027,,,,,0.07513513513513513,0.06486486486486487,0.04162162162162162,,1850.0
19518000,,,,0.03488372093023256,0.1456548347613219,,0.0055079559363525096,0.17380660954712362,0.15177478580171358,,0.037943696450428395,,,,,0.022031823745410038,0.03488372093023256,0.12790697674418605,,1634.0
19520000,0.040351107035241716,0.3750818813048605,,0.019258482903183546,0.15341281278658456,0.0282981789597799,,0.06956635660945892,0.13218917856674964,0.0011790907899908293,,0.028167168872003143,,,0.009170706144373117,,0.02659504781868204,0.09210009170706145,0.01991353334206734,7633.0
19524000,0.019349743319731473,0.15137554297749112,0.056601289982887985,0.023693563248650785,0.1095169145715414,0.05173094642622088,0.003422403580360669,0.07726734237198894,0.07239699881532184,0.0015795708832433855,0.013557983414505726,0.12873502698433592,,,0.006844807160721338,0.01434776885612742,0.0218507305515335,0.22035013821245228,0.02711596682901145,7597.0
19526000,0.03154246100519931,0.04714038128249567,,0.02391681109185442,0.17261698440207973,0.18232235701906413,0.005199306759098787,0.11993067590987869,0.07452339688041594,0.04124783362218371,0.010398613518197574,0.08630849220103987,,,0.011091854419410746,0.007279029462738302,0.0415944540727903,0.0415944540727903,,2885.0
19530000,,,,0.03798219584569733,0.23204747774480713,,0.005341246290801187,0.14480712166172108,0.2,,,,,,,0.01661721068249258,0.05875370919881306,0.039762611275964393,,1685.0
19532000,,0.19704433497536947,,0.04310344827586207,0.18842364532019704,0.08497536945812807,,0.1564039408866995,0.1687192118226601,,,,,,,,,,,812.0
19536000,,,,0.053013392857142856,0.19196428571428573,0.03236607142857143,0.00390625,0.08872767857142858,0.09151785714285714,,0.026785714285714284,,,,,,0.029575892857142856,0.40066964285714285,,1792.0
19538000,0.012125463473293917,0.016234091592343923,,0.019541036175969535,0.15362260747569897,0.0692454153722818,0.0034071550255536627,0.12636536727126968,0.12616494638741357,,0.0017035775127768314,0.34783044393225776,,0.002104419280489027,,0.006012626515682934,0.043290910912917126,0.05190900891872933,0.0182383004309049,9979.0
19540000,,0.17740652346857597,,0.035003977724741446,0.17342879872712808,0.05807478122513922,,0.1583134447096261,0.15035799522673032,,,,,,,0.022275258552108195,0.046937151949085126,,,1257.0
19542000,,0.05575411007862759,,0.04431736954967834,0.29807005003573983,0.08506075768406005,0.007862759113652609,0.1679771265189421,0.1887062187276626,,,,,,,0.04717655468191565,0.06862044317369549,,,1399.0
19546000,,0.14308905380333953,,0.019944341372912802,0.16859925788497218,0.060760667903525044,0.006029684601113173,0.13126159554730985,0.0985621521335807,0.021335807050092765,0.016233766233766232,0.046846011131725415,,0.003478664192949907,0.006261595547309833,0.030380333951762522,0.03501855287569573,0.18065862708719851,,4312.0
19548000,0.13007159904534607,0.05369928400954654,,0.04892601431980907,0.19451073985680192,0.0477326968973747,0.007159904534606206,0.1766109785202864,0.2100238663484487,,,,,,,0.027446300715990454,0.03818615751789976,,,838.0
19550000,,0.05046343975283213,,0.03141091658084449,0.2399588053553038,0.09114315139031925,0.008238928939237899,0.1874356333676622,0.2121524201853759,,,,,,,0.013903192584963954,0.046343975283213185,,,1942.0
19552000,0.023985239852398525,,,0.023062730627306273,0.16328413284132842,0.11070110701107011,0.0036900369003690036,0.1540590405904059,0.1503690036900369,,0.00507380073800738,,,0.008763837638376383,0.007380073800738007,0.06734317343173432,0.035977859778597784,0.06365313653136531,,2168.0
19554000,,,,0.02759980285855101,0.1483489403647117,0.036471168063085264,0.002957121734844751,0.10842779694430754,0.10054213898472154,,,0.3681616559881715,,,0.008871365204534253,0.013799901429275506,0.03942828979793001,,0.017742730409068506,2029.0
19600000,0.023478488982161594,0.15197621545995102,0.02640783490731025,0.03139209513816019,0.1696397341727877,0.045164393144456104,0.0031042322490381254,0.13230150402238544,0.08140958377054915,0.008700594613501225,0.00642707240293809,0.11197096887023435,0.0090066456803078,0.0008744316194473592,0.00472193074501574,0.013116474291710388,0.04315320041972718,0.1260930395243092,0.011061559986009094,22872.0
19612000,0.08966861598440545,0.1530214424951267,,0.03508771929824561,0.19883040935672514,0.056530214424951264,,0.15692007797270954,0.16764132553606237,,0.04191033138401559,,,,,,0.024366471734892786,,,1026.0
19622000,,0.29554979046098584,0.013969267611255238,0.014368389543005388,0.14727599281580522,0.05747355817202155,0.0031929754540011976,0.10177609259628817,0.06166433845539812,,0.003592097385751347,,,,,0.02095390141688286,0.03671921772101377,0.1514667730991818,,5011.0
19628000,,0.11336032388663968,,0.09532572690467428,0.1347073978652926,0.04343025395656975,0.003312476996687523,0.20868605079131394,0.15311004784688995,0.012881854987118146,,,,0.001840264998159735,,0.018770702981229296,0.08207581891792418,0.09201324990798675,,2717.0
19634000,,0.1331836887392443,,0.022820800598578377,0.23943135054246165,0.06434717545828657,0.00411522633744856,0.13168724279835392,0.15824915824915825,,,,,,0.008604564160119716,0.019079685746352413,0.06734006734006734,,,2673.0
19656000,0.012644889357218124,0.1314541622760801,,0.0410958904109589,0.2779241306638567,0.02160168598524763,,0.08008429926238145,,,,0.08140147523709168,,,,0.009747102212855638,0.04873551106427819,0.21285563751317177,,3796.0
19658000,0.015821129707112972,0.08812761506276151,0.0511244769874477,0.017651673640167363,0.11467050209205021,0.04118723849372385,0.0037918410041841003,0.14801255230125523,0.06759937238493724,0.010852510460251047,0.007452928870292887,0.26451359832635984,,,0.007975941422594142,0.006406903765690377,0.02471234309623431,0.10917887029288703,0.016213389121338913,7648.0
19700000,0.018015359132660745,0.008492696882999548,0.03785574461677458,0.020346333383526576,0.116867941575064,0.03362144255383225,0.020274055112181902,0.10269537720222859,0.10957385935853034,0.012154795964463182,0.027152537268483663,0.279108567986749,,0.004143954223761482,0.00732419816292727,0.04181900316217437,0.07558500225869598,0.06818852582442403,0.016539677759373587,166025.0
19701000,0.01269087782608169,0.01445888179803582,0.04159653180590707,0.02023516874750239,0.1331815594763802,0.04048244711125105,0.029813875198294967,0.15215732813427144,0.1224887683309316,0.00942128143959118,0.03311980043352426,0.14283292362465033,,0.005679410019496482,0.010535366134247206,0.028627132806161373,0.10124850143498952,0.09049516220830962,0.010959202702866346,82579.0
19730000,0.02328451932986602,0.0025885003475301393,0.03414184023200633,0.02045634302423124,0.10072382139347602,0.026843707307719962,0.010833353306329842,0.053747333604966085,0.09679313568055989,0.014859909402487836,0.02124727368597656,0.41396831483833857,,0.002636435539151068,0.004146394075210316,0.05488579440596314,0.05018814562711214,0.04610167054142799,0.022062171943532344,83446.0
20602000,0.01695786228160329,0.24700239808153476,,0.014902363823227132,0.16546762589928057,0.03374443302500856,0.008393285371702638,0.08735868448098665,0.15450496745460773,0.001541623843782117,0.006166495375128468,0.11664953751284686,,0.016272696128811236,,0.016101404590613225,0.03768413840356286,0.05858170606372045,,5838.0
20604000,0.015186669479012866,0.2623919004429445,0.00601139000210926,0.01676861421641004,0.1686353090065387,0.02446741193840962,0.004429445264712086,0.05821556633621599,0.15956549251212823,0.0034802784222737818,0.0026365745623286225,0.147015397595444,,,,0.04387260071714828,0.05357519510651761,0.03258806159038177,,9482.0
20605000,0.015113350125944584,0.04305014884359973,,0.037325395008014656,0.21044195099610716,0.03709640485459125,0.007556675062972292,0.18273414243187544,0.14540874742386078,0.010762537210899932,,0.06823906572017403,,,,0.026562857797114724,0.0654911838790932,0.0741928097091825,0.024272956262880695,4367.0
20608000,0.019594479468393253,0.1523257795195093,0.012608621570966093,0.024365309252002046,0.21826546260010224,0.037314704378940196,0.006645084341455103,0.1168853296984154,0.17975805077525983,0.004430056227636736,,0.1138183676946669,,0.0037485091156926223,,0.029988072925540978,0.04719713750212984,0.01908331913443517,0.006985857897427159,5869.0
20610000,0.013167520117044623,0.3043160204828091,,0.01755669348939283,0.21360643745427946,0.026335040234089245,0.004754937820043892,0.10607168983174835,0.20007315288953914,,,0.03950256035113387,,,,0.012435991221653255,0.05157278712509144,,,2734.0
20611000,,0.15353300378016865,,0.03314917127071823,0.1677813317824949,0.036347775516138416,0.00319860424542018,0.07880197731898808,,,,0.23349810991567316,,,,0.030822913637685374,0.03547542890375109,0.10090142483280023,,3439.0
20612000,0.013818516812528788,0.21464762782128052,,0.03592814371257485,0.21142330723169048,0.045601105481345,0.005066789497927222,0.09949332105020728,0.23445416858590512,,,0.06264394288346384,,,,0.017503454629203132,0.025794564716720404,0.013818516812528788,,2171.0
20613000,0.012290502793296089,0.11340782122905028,,0.022067039106145252,0.2187150837988827,0.033798882681564245,0.006145251396648044,0.19944134078212292,0.1712290502793296,,,0.12011173184357542,,,0.005307262569832402,0.015083798882681564,0.053631284916201116,0.012290502793296089,,3580.0
20615000,0.017209302325581394,0.14155038759689922,,0.024031007751937984,0.17193798449612402,0.03813953488372093,0.005891472868217054,0.09116279069767441,0.17085271317829456,,,0.15922480620155038,,,,0.021395348837209303,0.04945736434108527,0.08155038759689923,0.014263565891472868,6450.0
20617000,0.014587332053742802,0.14241842610364683,,0.023032629558541268,0.1689059500959693,0.030710172744721688,0.003838771593090211,0.09366602687140115,,,,,,,,0.018426103646833013,0.06948176583493282,0.04222648752399232,,2605.0
20619000,0.03661112414926074,0.17319877962919503,,0.03309082375029336,0.19385120863647032,0.03567237737620277,0.00492842055855433,0.115935226472659,0.14057732926543065,,0.007509974184463741,,,,,0.021591175780333254,0.061487913635296876,0.15841351795353203,,4261.0
20620000,,,,0.036544850498338874,0.23967726625533933,0.028476506881822496,0.004271476032273375,0.1476032273374466,0.20218319886093972,,,,,,,0.010915994304698624,0.09112482202183199,0.023730422401518746,0.012814428096820124,2107.0
20621000,0.05624625224865081,0.1629022586448131,,0.009714171497101739,0.1102138716769938,0.025064961023385967,0.0036378173096142316,0.047411553068159105,0.09282430541674995,0.006396162302618429,0.0033979612232660403,0.2166699980011993,0.003917649410353788,0.004837097741355187,0.008954627223665801,0.030021986807915253,0.05324805116929842,0.13895662602438538,0.014071557065760543,25015.0
20623000,,0.38961625282167045,,,0.14627539503386006,0.033408577878103835,0.005417607223476298,0.14040632054176072,0.16433408577878103,,,,,,,0.01218961625282167,0.03882618510158013,0.022573363431151242,,2215.0
20625000,0.011165906764678515,0.07657951056108682,0.011072857541639527,0.012840792779380291,0.20703452126174746,0.02279705964455197,0.0031636735833255793,0.06680934214199312,0.09695729040662511,,0.00781613473527496,0.1324090443844794,,,0.005582953382339257,0.01330603889457523,0.2144784591048665,0.10728575416395274,0.01060761142644459,10747.0
20627000,0.01446886446886447,0.1695970695970696,,0.02326007326007326,0.21043956043956044,0.02454212454212454,0.00402930402930403,0.08937728937728938,0.15494505494505495,,,0.2042124542124542,,,,0.01336996336996337,0.02893772893772894,0.04212454212454213,0.010256410256410256,5460.0
20629000,0.011948529411764705,0.15625,,0.03125,0.16973039215686275,0.025735294117647058,0.005821078431372549,0.08946078431372549,0.1173406862745098,,,,,,,0.017463235294117647,0.04105392156862745,,,3264.0
20631000,0.026575450598605447,0.13208788317326667,,0.023681094592816733,0.194842783844231,0.038679121168267334,0.004867780555190107,0.09525062491777397,0.17168793579792133,,0.004604657281936588,0.10419681620839363,,,,0.014734903302197079,0.03920536771477437,0.09275095382186554,0.02499671095908433,7601.0
20633000,0.02243673362901122,0.18149404296025742,0.009305156970171318,0.015914427341507956,0.13244629967823288,0.02261066179667797,0.005913557700669624,0.05243934255152622,0.12592399339072963,0.002261066179667797,,0.15496999739107747,,0.0011305330898338985,0.0027828506826680583,0.00982694147317158,0.05217845030002609,0.07122358465953561,0.011392294982172363,11499.0
20635000,0.00719640179910045,0.09355322338830585,,0.013193403298350824,0.1442278860569715,0.027586206896551724,0.0038980509745127436,0.280359820089955,0.14452773613193404,,,0.1538230884557721,,,0.0023988005997001498,0.031784107946026985,0.031484257871064465,0.05007496251874063,0.008395802098950524,3335.0
20637000,,,,0.05526512322628827,0.2621359223300971,0.08588498879761015,0.011202389843166542,0.19940253920836445,,,0.0074682598954443615,,,,,,0.030619865571321882,,,1339.0
20639000,,0.04338936846887778,,0.019990913221263062,0.1537937301226715,0.041572012721490234,0.005224897773739209,0.09518400726942298,0.14584279872785097,,0.009086778736937756,0.17787369377555656,,0.0006815084052703317,,0.014084507042253521,0.04770558836892322,0.2194457064970468,0.01635620172648796,4402.0
20641000,0.028229255774165955,0.16909039064727688,,0.028229255774165955,0.14656401482748788,0.03136583974907328,0.00427715996578272,0.09010550327915598,0.13088109495295125,,,0.268320501853436,,,,0.015968063872255488,0.021956087824351298,0.041916167664670656,,3507.0
20643000,0.0005626406601650412,0.0692673168292073,0.021130282570642662,0.01194048512128032,0.07358089522380595,0.010315078769692423,0.0017504376094023505,0.031195298824706178,0.059639909977494375,0.0017504376094023505,,0.28369592398099525,,0.0008752188047011753,0.011315328832208052,0.019067266816704176,0.32314328582145535,0.07770692673168292,0.0008127031757939485,15996.0
20645000,,,,0.05286671630677588,0.20104244229337304,0.05658972449739389,0.007446016381236039,0.14594192107222637,0.27475800446760984,,,,,,,0.028294862248696945,0.03723008190618019,,,1343.0
20647000,0.018794048551292093,0.07120483275534176,0.04972592012529366,0.018794048551292093,0.13855017339747175,0.03272178095983891,0.005201924152589775,0.0729947421411791,0.10890479919454078,0.0031323414252153485,0.00402729611813402,0.2890703658127307,,,0.0007830853563038371,0.032945519633068576,0.044579930641011296,0.08977514263340418,0.018122832531603086,17878.0
20649000,0.02577796035739961,0.06891239601519976,,0.018588887747766254,0.1677107938790182,0.025880661394680086,0.004416144603060491,0.09992810927390366,0.10927390366642703,0.0023621238574509603,,0.2838656670432371,,,,0.00975659854164527,0.09099311903050221,0.07147992194721167,,9737.0
20651000,0.019808173477898247,0.2781484570475396,,0.0237698081734779,0.21100917431192662,0.033152627189324435,0.00646371976647206,0.07902418682235196,0.13198498748957466,0.0012510425354462051,,0.013344453711426188,,,,0.05212677231025855,0.025020850708924104,0.10508757297748124,0.010425354462051709,4796.0
20654000,,0.12182203389830508,,,0.225635593220339,0.0524364406779661,0.006885593220338983,0.15360169491525424,0.1986228813559322,,,,,,,0.01694915254237288,0.034427966101694914,0.03760593220338983,,1888.0
20656000,,0.1326829268292683,,0.03195121951219512,0.13439024390243903,0.03829268292682927,0.003902439024390244,0.08804878048780487,0.24341463414634146,,,0.20609756097560974,,,,0.025365853658536587,0.03878048780487805,0.013170731707317073,,4100.0
20658000,0.007973014412756822,0.17111315547378106,,0.019319227230910764,0.15608708984973935,0.03526525605642441,0.007666360012266176,0.10058264336093223,0.17755289788408463,,,0.2361238883777982,,,0.005213124808341,0.022999080036798528,0.02821220484513953,0.009506286415210058,0.011959521619135235,3261.0
20701000,0.01932277393283478,0.005709353275426944,0.01469723009274312,0.014937216467710221,0.1408797436016536,0.030191834270054344,0.05893213804635608,0.08838853019957577,0.13353693467725702,0.006320931456794711,0.04130475173022435,0.17894080852183877,,0.005604843079876755,0.005852570950810535,0.06831483115797296,0.12449873813615743,0.05218929505937728,0.00914657748463313,258348.0
20710000,0.011914763614144962,,0.019017795768731385,0.01390055754983579,0.21912472313449935,0.04032689223249064,0.006110135186741006,0.10723287252730467,0.14557397082410448,0.012220270373482013,,0.28732910715649584,,0.003284197662873291,0.0028259375238677154,0.00679752539524937,0.06644772015580845,0.03345299014740701,,13093.0
20727000,0.08300269798444691,,0.06475162672591653,0.013172512299634979,0.08966830661799714,0.47294080304713537,0.0031740993493096334,0.0645135692747183,0.05872083796222822,0.02285351531502936,0.012220282494842088,0.0034915092842405966,,0.0034121568005078557,0.004046976670369783,0.013966037136962386,0.03364545310268211,0.03666084748452626,0.01983812093318521,12602.0
22502000,,0.07038581856100104,0.04822732012513034,0.04483837330552659,0.20151199165797706,0.03597497393117831,0.005474452554744526,0.12278415015641293,0.12747653806047968,,,0.16501564129301355,,,,0.014337851929092805,0.04744525547445255,0.06830031282586027,0.008863399374348279,3836.0
22505000,0.022678799943125265,,,0.024811602445613538,0.17901322337551542,0.06206455282240864,0.004336698421726148,0.05090288639272003,0.10344092137068107,0.0031281103369827953,0.003270297170482013,0.4316792265036258,,,,0.015071804350917106,0.048698990473482154,0.02459832219536471,0.02040381060713778,14066.0
22507000,0.012904924940742692,,0.007769291545957335,0.03278904398209113,0.25441137740321307,0.05254148011588096,0.0039504872267579665,0.08032657361074533,0.13471161443244667,,0.006452462470371346,0.22307084540426653,,0.0018435607058203845,0.006452462470371346,0.017250460890176456,0.08809586515670266,0.044113774032130626,0.01922570450355544,7594.0
22509000,0.024321266968325792,0.07070135746606335,,0.09728506787330317,0.23020361990950225,0.040158371040723985,0.006221719457013574,0.13914027149321267,0.1498868778280543,,0.026583710407239818,,,0.03223981900452489,,0.015271493212669683,0.033936651583710405,,,1768.0
22510000,,0.1980426021876799,,,0.2492803684513529,0.05238917674150835,0.004029936672423719,0.09614277489925158,0.17386298215313759,,0.013816925734024179,,,,0.04835924006908463,0.023028209556706966,0.03684513529073115,,0.016119746689694875,1737.0
22512000,,,,0.04554973821989529,0.2617801047120419,0.04502617801047121,0.005759162303664921,0.11675392670157068,0.25287958115183246,,,,,,,0.048167539267015703,0.04607329842931937,0.03612565445026178,,1910.0
22514000,0.016713091922005572,0.14428969359331476,,,0.18245125348189414,0.016991643454038998,0.003342618384401114,0.132033426183844,0.10417827298050139,,0.00947075208913649,,,,,0.003342618384401114,0.01894150417827298,0.02200557103064067,,3590.0
22515000,,,,0.03411131059245961,0.1644524236983842,0.06570915619389588,0.0021543985637342907,0.2552962298025135,0.2125673249551167,,,,,,,0.010412926391382405,0.019748653500897665,,,2785.0
22517000,0.02018709995076317,,,0.0585918266863614,0.241752831117676,0.04382077794190054,0.005908419497784343,0.1137370753323486,0.23584441161989167,,0.0103397341211226,,,,0.04086656819300837,0.029049729197439686,0.056129985228951254,,,2031.0
22518000,0.045103092783505154,,,0.054553264604811,0.2920962199312715,,0.004725085910652921,0.09579037800687286,0.2598797250859107,,,0.10094501718213059,,,,0.007302405498281787,0.05111683848797251,,,2328.0
22519000,0.0050195203569436695,,0.10317902955939766,0.06636921360847742,0.2582264361405466,0.03402119353039598,0.011154489682097044,0.15002788622420524,0.21305075292805353,,0.012827663134411601,,,,0.029001673173452314,0.013385387618516454,0.03290574456218628,,,1793.0
22520000,0.001967148618078096,0.11025868004327727,,0.012491393724795909,0.133274318874791,0.04249041015048687,0.003245795219828858,0.4024786072587784,0.10298023015638831,0.01377004032654667,,,,,0.009343955935870955,0.057244024786072586,0.03816268319071506,0.02685157863676601,,10167.0
22522000,0.07658536585365854,,,0.12292682926829268,0.2629268292682927,0.036585365853658534,0.006341463414634147,0.15073170731707317,0.21170731707317073,,,,,,,,0.055609756097560976,,,2050.0
22526000,0.024429102496016993,0.22092405735528411,,0.06691449814126393,0.1853425385023898,0.04195432819968136,0.0037174721189591076,0.15029208709506106,0.15082315454062667,,,0.008497079129049389,,,0.031332979288369624,0.02496016994158258,0.02973977695167286,0.048858204992033985,,1883.0
22528000,0.025473217881594845,0.029802658074909383,,0.0351389448248087,0.1461437776882803,0.04656665324204591,0.0034736206202174787,0.06051147805074507,0.1407068062827225,0.002013693113169553,0.008910592025775273,0.36679420056383405,,0.001157873540072493,0.012233185662505034,0.01797221103503826,0.04752315747080145,0.03564236810310109,0.019834877164720096,19864.0
22530000,0.002434077079107505,0.11440162271805274,,0.06247464503042596,0.24746450304259635,0.044219066937119675,0.00486815415821501,0.15983772819472616,0.1724137931034483,0.023935091277890466,0.008113590263691683,0.027586206896551724,,,0.03123732251521298,0.01663286004056795,0.05557809330628803,0.01947261663286004,0.010547667342799188,2465.0
22532000,0.05177238805970149,0.09561567164179105,,0.03591417910447761,0.25886194029850745,0.06529850746268656,,0.15904850746268656,0.18889925373134328,,,,,,,0.01585820895522388,0.05363805970149254,,,2144.0
22533000,,,,0.0535966149506347,0.2669252468265162,0.03984485190409027,0.003526093088857546,0.09590973201692525,0.09203102961918194,,0.0116361071932299,0.2492947813822285,,,0.03631875881523272,0.024330042313117067,0.03385049365303244,,,2836.0
22534000,0.003814367450731087,0.20406865861411316,,0.029879211697393517,0.2031150667514304,0.033693579148124604,0.004132231404958678,0.10425937698664971,0.12619198982835347,,0.007628734901462174,0.19357914812460267,,,,0.019071837253655435,0.03273998728544183,0.019707565162110616,,3146.0
22535000,0.018787361229718188,,,0.04839168801594079,0.21235411329348136,0.04526046114432109,0.004269854824935952,0.26615428408767433,0.18986621121548533,,,,,,0.003700540848277825,0.03785937944776544,0.04469114716766297,0.01309422146313692,0.013378878451465983,3513.0
22536000,0.01977848101265823,,,0.04588607594936709,0.15427215189873417,0.048259493670886076,,0.1906645569620253,0.2555379746835443,,,,,,,0.022943037974683545,0.03639240506329114,,,1264.0
22537000,0.019094359878839003,0.005904681568958245,0.04673900540623442,0.01583528238947893,0.12507189141520647,0.036309957440282196,0.004179287604002914,0.07572562401748399,0.06667689122349603,0.010198995437291514,0.016717150416011656,0.2565085694566926,,0.0015720256125148575,0.002492235727157701,0.018979333614508646,0.16828342471531,0.11161381848855488,0.01817414976419616,26081.0
22539000,,0.041576544099975965,,0.053592886325402544,0.20571977889930304,0.034126411920211486,0.006488824801730353,0.20499879836577745,0.17712088440278778,,,,,,0.04662340783465513,0.003604902667627974,0.047825042057197786,0.1011776015380918,0.012496995914443643,4161.0
22540000,0.03521703521703522,0.07657657657657657,,0.033715533715533715,0.16502866502866503,0.03726453726453727,0.0034125034125034124,0.10728910728910729,0.14305214305214306,0.0009555009555009555,0.006552006552006552,0.24897624897624898,,,0.018154518154518153,0.032896532896532896,0.04518154518154518,0.025798525798525797,0.015697515697515697,7326.0
22542000,0.013711583924349883,0.06368794326241135,0.0008037825059101655,0.017541371158392435,0.13030732860520094,0.029881796690307327,0.0043971631205673755,0.06118203309692671,0.10524822695035461,0.009408983451536642,0.003215130023640662,0.4237825059101655,,,0.005106382978723404,0.02794326241134752,0.04529550827423168,0.04113475177304964,0.016217494089834514,21150.0
22545000,0.02965969403684046,0.08804246019356853,,0.025913206369029034,0.21292538245394943,0.028723072119887606,0.0034342803621604744,0.10427724008741805,0.17577271308148612,,,0.07055885107711521,,,0.010615048392132375,0.024976584452076178,0.031220730565095223,0.10771152044957852,,3203.0
22546000,,0.09757136770345122,,0.04537707711972731,0.15935236472092032,0.0391989774179804,0.004473796335747763,0.08308478909245846,0.13996591393268001,0.002343417128248828,0.005325948018747337,0.0622070728589689,,0.017256071580741373,0.05517682147422241,0.018321261184490838,0.08734554750745632,0.1572219855134214,,4694.0
22548000,0.05167173252279635,0.04877695759154726,0.13301490809089594,0.02793457808655377,0.11217252858590245,0.06194818352873064,0.007381676074685193,0.08756694167028514,0.10710667245621652,,0.006513243595310464,0.09625126646403243,,,,0.00998697351280938,0.055145462440295265,0.1781733970183818,0.011289622231871473,6909.0
22549000,,0.06337448559670782,,0.06172839506172839,0.23127572016460907,0.056378600823045265,0.005349794238683128,0.1419753086419753,0.15925925925925927,,,,,,,0.01810699588477366,0.03374485596707819,,,2430.0
22550000,0.048180924287118974,,,0.032448377581120944,0.18256309406751883,0.048180924287118974,0.003933136676499509,0.08161258603736479,0.168141592920354,0.0022943297279580466,0.007866273352999017,,,,0.004916420845624385,0.010160603080957063,0.03277613897082924,0.03900360537528679,0.009177318911832186,3051.0
22551000,0.033738191632928474,,,0.053306342780026994,0.2611336032388664,0.05128205128205128,0.005398110661268556,0.17273954116059378,0.2058029689608637,,,,,,,0.007422402159244264,0.03508771929824561,,,1482.0
22552000,0.019246861924686193,,,0.07615062761506276,0.22845188284518828,0.09372384937238494,0.0066945606694560665,0.1723849372384937,0.302928870292887,,,,,,,,0.027615062761506277,,,1195.0
22553000,0.016965742251223492,0.008482871125611746,,0.051223491027732465,0.166721044045677,0.01957585644371941,0.0026101141924959217,0.29494290375203913,0.1265905383360522,,,0.2065252854812398,,,,0.01598694942903752,0.04632952691680261,0.026753670473083198,,3065.0
22554000,0.008103372755146736,0.038545773105562856,,0.025843188786684186,0.21287779237844942,0.059570740254051686,0.005037231712658782,0.16579062636881298,0.1773981603153745,,,0.15987735435830047,,,,0.017520805957074025,0.06132282084975909,0.05519053876478318,,4566.0
22556000,0.027517564402810304,,,0.09192037470725996,0.2681498829039813,,0.004098360655737705,0.1211943793911007,0.2464871194379391,,0.01522248243559719,,,,,,0.07259953161592506,0.038056206088992975,,1708.0
22557000,0.010448171569975254,,,0.05938960681880671,0.20813857574924388,0.03299422601044817,0.0035743744844652188,0.11135551278526258,0.273302172119879,,,0.11932911740445422,,,0.011273027220236459,0.0074237008523508384,0.03546879296123179,0.04619191641462744,0.016222161121803684,3637.0
22701000,0.019009445091171185,0.0020663567563643528,0.01940612336435029,0.019683538888730447,0.11250366214418867,0.02820823275940296,0.048262523236791005,0.09522093424215004,0.09162231043056444,0.010292893755039499,0.05320155663813867,0.19638167190817804,,0.002514888398586477,0.006645009242863032,0.06902720487006841,0.12819708428505872,0.08521064134839501,0.012499254607820007,385703.0
22703000,0.016959370904325033,0.004796854521625164,0.03614678899082569,0.021415465268676277,0.127129750982962,0.025504587155963303,0.006815203145478375,0.04836173001310616,0.10165137614678899,0.00655307994757536,0.003066841415465269,0.4488335517693316,,0.0008387942332896461,0.009462647444298821,0.02802096985583224,0.041572739187418085,0.06049803407601573,0.009672346002621231,38150.0
22704000,,,,,,,,,,,,,,,,,,,,13819.0
22712000,0.08836679944719941,0.04584993089992684,0.010812129095195513,0.012072189252906268,0.14210226810828389,0.018738313958214778,0.004958946427119746,0.07568490366636858,0.10653605397935127,0.0020730021949435006,0.0034550036582391675,0.33830582879440696,,0.003983415982440452,0.0015039427688805789,0.005121534834566295,0.06036094626453134,0.05958865132916023,0.02048613933826518,24602.0
22715000,0.012263703502947355,0.012500846940849651,0.05423809201165391,0.0176502473067281,0.09228267497797954,0.017616369672742056,0.002676333084897351,0.029168642861982518,0.057422589606341896,0.016057998509384105,0.017209838064909548,0.5490886916457755,,,,0.02425638593400637,0.031201300901145063,0.05525442103123518,0.008808184836371028,29518.0
22719000,0.01282051282051282,,,0.032852564102564104,0.21193910256410256,0.09455128205128205,0.004407051282051282,0.13862179487179488,0.22435897435897437,,0.014022435897435898,,,,,0.021634615384615384,0.052884615384615384,0.08533653846153846,,2496.0
22721000,0.0068864526853207745,0.0027704119998416907,0.004056674714053904,0.01147742114220129,0.11859342225036609,0.03172121739818736,0.005145050856848854,0.054854157596865474,0.0914235959947758,0.009716230656587645,0.00429413859975462,0.3823762219495785,,0.00065302568567697,0.006787509399612143,0.07256500573871057,0.13660110024933708,0.04424743736890015,0.015850714370522816,50534.0
22727000,,,,0.025949165160055302,0.15814101882377965,0.012442837392321599,0.003403169201318728,0.04966500053174519,0.07763479740508349,0.015101563330851856,0.003403169201318728,0.5491864298628097,,,0.026693608422843774,0.0082952249282144,0.031266617037115814,,,9403.0
22730000,,,,0.04129793510324484,0.12271386430678466,0.04070796460176991,0.004129793510324484,0.047787610619469026,0.09813176007866273,,0.00471976401179941,0.4145526057030482,,,,0.006686332350049164,0.03146509341199607,0.04582104228121927,,5085.0
22734000,0.010571216617210683,,,0.024480712166172106,0.08531157270029674,0.02336795252225519,0.002040059347181009,0.03449554896142433,0.07177299703264095,,0.0035237388724035606,,,,,0.008160237388724036,0.02336795252225519,0.04821958456973294,,5392.0
22737000,0.02432098765432099,0.01888888888888889,,0.022098765432098766,0.18395061728395062,0.04925925925925926,0.002962962962962963,0.1797530864197531,0.12950617283950616,0.008395061728395062,0.005061728395061729,0.23864197530864198,,0.004320987654320987,0.0013580246913580246,0.017407407407407406,0.04679012345679012,0.04839506172839506,0.01765432098765432,8100.0
22739000,0.04747774480712166,,,0.08902077151335312,0.31404549950544014,0.049950544015825916,0.005440158259149357,0.14688427299703263,0.152324431256182,,,0.03412462908011869,,,,0.019782393669634024,0.07072205736894165,,,2022.0
22749000,,,,0.07117969138875062,0.23245395719263315,0.039323046291687404,0.004977600796416127,0.12195121951219512,0.15928322548531607,,,,,,,0.019412643106022896,0.04430064708810354,,,2009.0
22755000,0.006646726487205052,,,0.06181455633100698,0.2143569292123629,0.035559986706547024,0.008308408109006314,0.10900631439016284,0.17979395147889665,,,0.2432701894317049,,,0.009637753406447324,0.007976071784646061,0.054835493519441676,,0.01163177135260884,3009.0
22758000,0.03565186997553303,,,0.037574274729115696,0.19748339741349177,0.045962950017476405,0.008912967493883258,0.08685774204823488,0.17266689968542467,,0.005242922055225445,0.15973435861586857,,,0.01625305837119888,0.011709192590003496,0.06396364907375043,0.09961551904928347,,5722.0
24601000,,,,0.04189294026377036,0.3832428238944919,,,0.03801396431342126,,,,,,0.0062063615205585725,,,0.04965089216446858,,0.035686578743211794,1289.0
24602000,,,,0.09480122324159021,0.22935779816513763,,,0.2324159021406728,,,,,,,,,,,,327.0
24603000,0.011547344110854504,0.25635103926096997,,0.04561200923787529,0.18187066974595842,0.049653579676674366,0.006928406466512702,0.14953810623556582,0.09930715935334873,,0.011547344110854504,,,,,0.03117782909930716,0.03464203233256351,0.016166281755196306,0.03175519630484989,1732.0
24605000,,,,0.054447852760736194,0.27607361963190186,0.06365030674846625,0.00843558282208589,0.16411042944785276,0.23006134969325154,,,,,,,,0.04984662576687116,,0.049079754601226995,1304.0
24607000,,0.015159367711842446,,0.0167141746566468,0.09665716506867064,0.09004923555325214,,0.024229074889867842,0.14835449598341538,0.0033687483804094327,,0.2755895309665716,,,0.005960093288416689,,0.12762373671935734,0.13656387665198239,0.010624514122829748,7718.0
24609000,0.017772511848341232,,,0.07345971563981042,0.15639810426540285,0.0509478672985782,0.008293838862559242,0.11611374407582939,0.2037914691943128,,,,,,,,0.030805687203791468,,,844.0
24611000,,,,0.026091449237923017,0.11599070007749936,0.02324980625161457,,0.09661586153448722,0.2596228364763627,,,0.35494704210798245,,,,,0.015499870834409714,,0.01834151382071816,3871.0
24613000,0.02340702210663199,,,0.04226267880364109,0.2282184655396619,0.19245773732119636,0.007152145643693108,0.2093628088426528,0.13654096228868662,,,,,,,0.016254876462938883,0.055266579973992196,,0.03706111833550065,1538.0
24614000,0.02081863091037403,,,0.017290049400141144,0.16372618207480594,0.02364149611856034,0.003175723359209598,0.0497529992942837,0.0903316866619619,0.006351446718419196,,0.08256880733944955,,,,,0.032462949894142556,,,2834.0
24615000,,,,0.050200803212851405,0.23092369477911648,,0.012048192771084338,0.21887550200803213,0.2469879518072289,,,,,,,,0.03614457831325301,,,498.0
24617000,,,,0.08192567567567567,0.19256756756756757,,0.0059121621621621625,0.13513513513513514,0.15118243243243243,,,,,,,0.02195945945945946,0.03547297297297297,0.06418918918918919,,1184.0
24619000,,,,0.07550335570469799,0.17281879194630873,,0.008389261744966443,0.2701342281879195,0.18456375838926176,,,,,,,,0.05201342281879195,,,596.0
24620000,0.024327784891165175,,,0.06306017925736236,0.17157490396927016,0.051856594110115235,0.004801536491677336,0.1357234314980794,0.24839948783610755,0.01088348271446863,0.0147247119078105,,,,0.04289372599231754,,0.03841229193341869,,0.03841229193341869,3124.0
24621000,0.019585898153329603,0.08785674314493565,,0.029099048684946838,0.15388919977616117,0.039731393396754335,0.004476776720761052,0.15556799104644656,0.26748740906547286,,,,,,0.002238388360380526,,0.035254616675993285,,0.03133743704532736,1787.0
24623000,0.039763981528989224,,,0.03617239610056439,0.20292457670600308,0.049512570548999484,0.008978963571062083,0.10312981015905592,0.15289892252437148,,0.006670087224217547,0.27578245253976397,,0.002052334530528476,0.017444843509492047,0.02103642893791688,0.04515135967162647,,0.032067727039507436,3898.0
24625000,,,,0.06686626746506986,0.22954091816367264,0.031936127744510975,0.006986027944111776,0.1596806387225549,0.14870259481037923,,,,,,,0.00998003992015968,0.05389221556886228,,,1002.0
24629000,,,,0.08149405772495756,0.37181663837011886,0.07470288624787776,,0.1731748726655348,,,,,,,0.010186757215619695,,0.027164685908319185,,0.022071307300509338,589.0
24631000,0.006074682865820975,,,0.016794711452563872,0.1507950687868501,0.07914954439878506,0.005717348579596212,0.08969090584241558,0.0963015901375737,,,0.4134357691620511,,,,0.0030373414329104877,0.04037877434339825,,,5597.0
24633000,,,,0.05439709882139619,0.38349954669084313,,,0.056210335448776065,,,,0.20761559383499548,,,,,0.024478694469628286,,,1103.0
24635000,0.01739562624254473,,,0.06063618290258449,0.2430417495029821,,0.006958250497017893,0.38966202783300197,0.1540755467196819,,,,,,,0.011928429423459244,0.05417495029821073,,,2012.0
24637000,,,,0.05019607843137255,0.2980392156862745,,0.00784313725490196,0.1450980392156863,0.2164705882352941,,0.03294117647058824,,,,,,0.04784313725490196,,,1275.0
24701000,0.009831951254220624,0.0036869817203327338,0.0009831951254220624,0.02226419487962328,0.16665157375903958,0.051656554418556516,0.0391337533473913,0.15277041100143599,0.15291271555906286,0.011966519618623786,0.022458246549114477,0.17623772623190467,,0.005058280184737189,0.006300210869480847,0.024838613694873155,0.09561572594729556,0.0491080091592388,0.008512399901680488,77299.0
24703000,0.0163895486935867,,,0.029453681710213776,0.19572446555819478,0.048218527315914486,0.007363420427553444,0.1513064133016627,0.22019002375296912,,0.005700712589073635,,,0.006413301662707839,0.006175771971496437,0.018764845605700714,0.06033254156769596,,0.027315914489311165,4210.0
24705000,0.022226254195772475,,0.016964528712691645,0.026217908010523452,0.18579334119568175,0.07302912092896671,0.010432731561280958,0.1503220538873265,0.17354622153678673,0.006803955366052799,0.0031751791708246394,0.20094348181075933,,0.0027215821464211193,0.008799782273428286,0.008618343463666878,0.0614170371042366,0.02912092896670598,,11023.0
24706000,,,,0.008130081300813009,0.2220990391722099,,0.003695491500369549,0.12897265336289726,0.13895048041389504,,,0.30968218773096823,,,0.022912047302291204,,0.09645232815964523,,,2706.0
24707000,0.011877394636015325,,,0.006896551724137931,0.15727969348659004,0.09272030651340996,0.00632183908045977,0.24444444444444444,0.11858237547892721,,0.00421455938697318,0.16475095785440613,,0.0034482758620689655,0.016283524904214558,0.01954022988505747,0.04961685823754789,0.03524904214559387,0.026628352490421454,5220.0
24711000,0.011487716105550501,,,0.020700636942675158,0.1795950864422202,0.0688125568698817,0.006824385805277525,0.11282984531392175,0.21758416742493175,0.0034121929026387624,,0.26933575978161967,,0.0018198362147406734,0.005686988171064604,0.002616014558689718,0.05880345768880801,0.02126933575978162,0.015241128298453139,8792.0
25601000,0.02923538230884558,0.041979010494752625,,0.031484257871064465,0.4535232383808096,0.015742128935532233,,0.16266866566716642,0.13943028485757122,,,,,,,0.02848575712143928,0.01424287856071964,,,1334.0
25602000,0.025156043124645356,0.0037828636277662192,0.07395498392282958,0.0071243931656263795,0.05207742260891495,0.050438181703549585,0.0021436227224008574,0.03209129310888342,0.02616480675871635,0.018031649959018976,0.0014500977239770506,0.017212029506336296,0.617363344051447,,0.0010718113612004287,0.022823277220856187,0.006367820440073136,0.03429796355841372,0.008133156799697372,15861.0
25604000,0.02094873602578306,0.11229731090744284,0.04632893544163561,0.02064659079464196,0.2279182193574378,0.05438614160539833,0.002014301540940679,0.08127706717695639,0.10333366905025683,,0.009870077550609327,0.06133548192164367,,,0.0219558867962534,0.014603686171819922,0.022056601873300434,0.17907140698962634,0.013193675093161446,9929.0
25605000,0.004952027236149799,0.006809037449705973,,0.03187867533271433,0.38594862271742497,0.023831631073970908,0.007428040854224698,0.20767564221603219,0.18446301454658,,0.007428040854224698,,,,,0.02042711234911792,0.011142061281337047,0.044258743423088824,,3231.0
25606000,0.005024424284717376,0.003861363107699465,0.7304489416143289,0.002512212142358688,0.033589206792277275,0.019306815538497325,,0.012142358688066993,,,,0.0053035589672016745,0.12858804373110025,,,0.01651546871365434,0.005954873226331705,0.005210514073040242,,21495.0
25607000,0.00870105655686762,0.01305158483530143,,0.028589185829707892,0.42697327532628965,0.031696706028589185,,0.22249844623990056,0.1709136109384711,,0.008079552517091361,,,,,0.03915475450590429,0.010565568676196395,0.029210689869484153,,1609.0
25608000,0.023334034055076728,0.019339920117721253,,0.047719150725247,0.3125919697288207,0.035947025436199286,0.0037838974143367668,0.13537944082404876,0.20264872819003574,,0.007778011351692243,,,,,0.012192558335085138,0.015976455749421904,0.06495690561278117,0.008198444397729661,4757.0
25609000,0.012694382735639479,0.021897810218978103,,0.03586163122818153,0.5001586797841955,0.017772135829895272,0.0031735956839098697,0.14979371628054586,0.16502697556331322,,0.007933989209774674,,,,,0.02221516978736909,0.01682005712472231,,0.006981910504601714,3151.0
25610000,,,,0.039767649687220734,0.3033958891867739,,,0.1546023235031278,,,,,,,,,,0.07149240393208221,0.015638963360142984,2238.0
25612000,0.017903455199531498,0.02777545386095541,0.025349284698402075,0.037731113527984604,0.380490253492847,0.02258847151342759,,0.13795699824311888,0.11762737388103404,0.021082573412532418,,0.052539111520120474,0.003764745252237932,0.002175186145737472,0.01146155776792437,0.024679996653559775,0.05212080649209404,0.060988873086254496,0.002258847151342759,11953.0
25614000,0.03841071271253634,0.03841071271253634,0.47828385164302706,0.007928816844330895,0.06977358823011189,0.011188441547000265,0.0013214694740551493,0.04272751299444983,0.028279446744780196,0.024843626112236807,0.004316800281913488,0.10307461897630164,0.04219892520482777,,0.0015857633688661792,0.026253193551228966,0.005285877896220597,0.07488327019645846,,11351.0
25616000,0.07350779182593355,0.013084386945016171,0.11217289032637459,0.006174654513378418,0.0357247868274037,0.02014113496030579,,0.02984416348132902,0.01323140252866804,,0.023081446633343133,,0.5285210232284622,,,0.06321670097030285,,0.046015877683034404,,6802.0
25618000,0.009259259259259259,0.04962962962962963,,0.03888888888888889,0.40925925925925927,0.044444444444444446,0.004074074074074074,0.18777777777777777,0.1325925925925926,,0.004814814814814815,,,0.0025925925925925925,,0.04111111111111111,,0.0637037037037037,,2700.0
25620000,0.00883555321113016,0.06039825926414348,0.1986021363576421,0.00909930106817882,0.14018198602136359,0.018594223921930636,0.002637478570486615,0.058420150336278516,0.054595806409072925,,0.006593696426216537,0.07912435711459845,0.1458525649479098,,0.0013187392852433075,0.013978636423579058,0.011736779638665436,0.18792034814717132,,7583.0
25622000,0.013454011741682974,0.08683953033268102,,0.03302348336594912,0.3696183953033268,0.02837573385518591,0.00611545988258317,0.12475538160469667,0.20303326810176126,,0.010029354207436399,,,,,0.020303326810176124,0.015410958904109588,0.06653620352250489,,4088.0
25624000,0.09626274065685164,0.03737259343148358,,,0.2627406568516421,,,0.22197055492638731,,,0.0033975084937712344,,,,,0.039637599093997736,,,,883.0
25626000,0.02678027997565429,0.08886183810103469,0.00349969567863664,0.01453134510042605,0.14637857577601948,0.050213024954351794,0.003956177723676202,0.06847230675593427,0.09144856968959221,,0.007303712720632989,0.11876141205112599,,0.0005325623858794887,,0.027236762020693854,0.023889227023737067,0.09525258673158855,0.009053560559951308,13144.0
25628000,0.021005917159763313,0.017011834319526627,0.029881656804733727,0.01730769230769231,0.2136094674556213,0.05606508875739645,0.004437869822485207,0.10325443786982248,0.13535502958579881,,0.006952662721893491,0.11752958579881657,0.016937869822485206,,0.0027366863905325446,0.021375739644970415,0.013831360946745561,0.21960059171597632,0.0010355029585798817,13520.0
25629000,0.008071367884451997,0.0675446049277825,,0.03653355989804588,0.41418861512319455,0.019116397621070518,0.002973661852166525,0.1312659303313509,0.14825828377230246,,,,,,,0.016992353440951572,,,,2354.0
25630000,0.0249609984399376,0.060842433697347896,,0.05850234009360374,0.3486739469578783,0.031201248049921998,0.0062402496099844,0.21060842433697347,0.1606864274570983,,0.0109204368174727,,,,,0.0343213728549142,0.01950078003120125,0.02574102964118565,,1282.0
25631000,0.005518328734726055,0.020496649586125345,,0.041387465510445406,0.4726054394954671,0.029168309026409146,0.006700827749310209,0.16357903035080804,0.18683484430429642,,0.022467481277098935,,,,,0.02089081592432006,0.009854158454867954,0.015372487189594008,0.0035474970437524636,2537.0
25634000,0.04530263646490902,0.004579774724594628,0.06473573462062136,0.03255353385319965,0.2211907414283946,0.039237529397202625,0.003960886248298057,0.09753682386433965,0.09171927218715188,0.023270206708751084,0.007797994801336799,0.03998019556875851,0.04332219334076,,0.0012377769525931427,0.025374427528159427,0.03441019928208937,0.21574452283698478,0.008045550191855428,8079.0
25636000,0.03307902859472366,0.014268242967794538,0.028827674567584883,0.012055209364626404,0.1766932618950556,0.04158173664900122,0.004134878574340458,0.12759885854056258,0.11181643468638984,0.0015141808863781958,0.010016888940655756,0.1307436957661173,,0.002329509055966455,,0.04088288393221129,0.0701182225845903,0.177916254149438,0.0030283617727563917,17171.0
25638000,,,,0.03178068898592916,0.31149927219796214,0.023532265890344493,,0.042212518195050945,,,0.003153808830664726,,0.34813197476952934,,,,,0.13998059194565746,,4122.0
25640000,,0.22858512040253984,0.04708278423385648,0.01809033185575656,0.21624535761351385,0.012219959266802444,,0.11213609680124596,,0.008026835988978076,,0.09476458607883072,,,,0.017730921289085898,0.04432730322271475,0.13549778363483886,0.006589193722295435,8347.0
25642000,,0.4925053533190578,,0.013561741613133477,0.1403759219605044,0.028551034975017844,,0.051867713537949084,,,,,,,,0.01736854627646919,,0.11444206519152986,,4203.0
25644000,0.027277985813011843,0.037081011964562975,0.23655128322221208,0.009194142539653545,0.05842238256157335,0.02353335159984169,0.0018875391968825159,0.03032240387249977,0.03251438487533108,0.005053733978749962,0.0036228574907906353,0.08341705482996925,0.28931104819313785,0.0012786555849849301,0.002222425183426188,0.013090997655798095,0.01202545133497732,0.1318233019758273,0.001369988126769568,32847.0
25646000,0.01585776069197501,0.06054781355117732,,0.041806823642479576,0.46035559827006245,0.02787121576165305,0.0038443056222969728,0.1653051417587698,0.12397885631907736,,,,,,,0.02739067755886593,,,,2081.0
25648000,,,,0.04248088360237893,0.3925233644859813,0.01585952987822147,,0.08807703200226565,,,0.004531294250920419,0.05862361937128292,,,,0.028603794958935145,0.04191447182101388,0.029736618521665252,,3531.0
25650000,0.0446586661420421,0.03541215817430651,,0.030690537084398978,0.3069053708439898,0.03167420814479638,0.0043281526657485735,0.12236867991343695,0.1817824119614401,,0.005115089514066497,0.07948062168011018,,,,0.0182962817233917,0.014361597481802085,0.10584300609876057,,5083.0
25655000,0.0209279688513952,0.008517196625567812,0.026038286826735885,0.018656716417910446,0.17886112913692406,0.025713822193380923,0.005597014925373134,0.0677319922128488,0.10155743024010383,0.0028390655418559377,0.011518494484101234,0.38927644386761845,,0.0039746917585983125,,0.011842959117456198,0.046479558728098634,0.060512654120700844,0.019386761842959118,12328.0
25657000,0.0238255033557047,0.0424496644295302,,0.034395973154362415,0.33506711409395973,0.02231543624161074,0.006040268456375839,0.18674496644295302,0.14983221476510067,,0.011241610738255034,0.0912751677852349,,,0.008053691275167786,0.013590604026845638,0.053691275167785234,0.018120805369127517,,5960.0
25701000,0.025330900332872327,0.004233210456292759,0.02713461609251011,0.019441216219769356,0.13849171500239268,0.0312679122647413,0.03086299648196547,0.1252136325152632,0.13308582637000888,0.01617559672491494,0.027791946908704637,0.11546410184946598,0.025988231149066853,0.0037441563290440305,0.007609261528267855,0.05259698258862134,0.10899070797158228,0.0986206570152974,0.007972108138807233,190163.0
25703000,0.029090770810358595,0.011750389778301708,0.04905502528805567,0.012016579838004336,0.15433319390044492,0.058029433015172834,0.008556109061870175,0.0728600220557478,0.11444271209643686,0.008346959729246681,0.011541240445678214,0.28161006958968704,,0.0022436019317792905,0.00036125793816785186,0.029394988021447313,0.07183328896832339,0.05221127885310112,0.013936950983001864,52594.0
25714000,0.032084347790203444,0.022778855279990098,0.0064994016423884785,0.011822721082820946,0.1799405768992696,0.06202286138736434,0.01196715223042958,0.082614616432138,0.12198242066603392,0.0018569718978252796,0.01642388478521025,0.2616886064457558,,0.0013411463706515909,0.004601163702389304,0.017393636776296784,0.06169273304997318,0.08698881690257088,0.015701729047167087,48466.0
25720000,0.04636068613815485,0.006490496059341678,,0.012362849636841292,0.1962602379848555,0.025498377375985166,0.009117601607170452,0.11837428527275537,0.1262556019162417,,0.01808066759388039,0.12161953330242621,,,,0.019162416937104004,0.02920723226703755,0.24385720908669448,0.005099675475197033,6471.0
25726000,0.04210716544682389,0.08511791813499593,0.0077708502755941085,0.0056925996204933585,0.15424234209812956,0.05791994217041655,0.003795066413662239,0.08231679768681666,0.1668925634770037,,0.0038854251377970542,0.30089455136893467,,,,0.011475557965121532,0.032800216860937925,0.02873407427487124,,11067.0
25732000,0.04546547991339909,0.007577579985566514,0.0473899446716382,0.02056771710368054,0.22636516718787586,0.05232138561462593,0.010103439980755352,0.16213615588164543,0.20351214818378638,,0.013952369497233582,,,0.0013230695212893915,0.004690882848207842,0.019725763771950927,0.036444551359153234,0.1291796968968006,0.002285301900408949,8314.0
25736000,0.009284977382747401,0.005713832235536862,0.0014284580588842155,0.018569954765494803,0.25212284739306406,0.07531148321561781,0.007856519323863186,0.1172129196095548,0.1980001587175621,0.009919847631140385,0.005951908578684231,0.13951273708435838,,0.002698198555670185,,0.016585985239266725,0.054202047456551064,0.04888500912625982,0.023490199190540434,12601.0
25738000,0.05036104425106462,0.018391655866197617,0.03524038758254644,0.015552675430475837,0.16811701536752452,0.06936986977720175,0.007776337715237919,0.08961303462321792,0.14676294513361723,0.002777263469727828,0.00783805468123187,0.2648892180460409,,,0.008270073443189533,0.02203295685984077,0.03092019996296982,0.0497438745911251,0.012281676232796395,16203.0
25745000,0.043489449305198144,0.007805798593240693,0.02007205352547607,0.028049408131755018,0.184251158003088,0.04374678332475553,0.005661348430262481,0.10259049579687768,0.2221650368845428,0.0017155601303825698,0.009864470749699776,0.03268142048378796,0.13844570252187338,0.002401784182535598,0.004374678332475553,0.008749356664951106,0.03456853662720878,0.0903242408646423,0.018956939440727398,11658.0
25746000,0.032593933906745136,,,0.04979628791308284,0.28746038931643275,0.007695789950203712,0.009959257582616569,0.03757356269805342,,,0.012675418741511997,0.3757356269805342,,,,,0.016749660479855138,0.028519692168401993,,2209.0
26605000,,0.0031301237144134744,,0.08436428677895365,0.7315546281114921,,0.0005962140408406618,0.04724996273662245,0.12431062751527798,,,,,,,,,,,6709.0
26610000,,0.19534321136982158,,0.10976716056849108,0.5388569700635016,,,0.04717266404596311,0.08376171756879347,,,,,,,,,,,3307.0
26615000,,0.01810436634717785,,0.0825346112886049,0.7824813631522897,,,0.044994675186368474,0.056975505857294995,,,,,,,,,,,3756.0
26620000,,,,0.1008,0.36,,,0.2112,,,,,,,,,,,,625.0
26700000,0.011167844656286943,0.011545136705485827,0.005558769524863546,0.05314787333048268,0.28586160927635385,0.027592625198078327,0.01232487360716352,0.2598787634881908,0.20112181502628468,,0.0242221495585683,0.0023643635083130015,0.019241894509143043,0.001106723344316724,0.002439821918152778,0.011343914279246421,0.01823578237794602,0.03722614885428981,0.013808889000679126,39757.0
26701000,0.014652365447232332,,,0.013024324841984293,0.19383259911894274,,0.012641256464278874,0.6163570197280215,0.05219306646236353,,0.01838728212986018,,,0.0012449722275426163,0.008044435931813828,0.013311626125263359,0.0032560812104960733,0.009864010725914576,,10442.0
26706000,0.007090479364886977,0.005393612508332828,,0.08575237864371857,0.281195079086116,,0.019998787952245318,0.11369007938912794,0.28089206714744563,,0.04430034543361008,,,0.0007878310405429974,0.0003636143264044603,0.014302163505242107,0.02418035270589661,0.04854251257499546,,16501.0
26710000,,,,0.04130262112787927,0.4634630659253376,,,0.18030182684670373,,,,0.03335980937251787,,,,,,,,2518.0
26715000,0.019525509132899434,,,0.06130589964308209,0.37161452865840855,,0.000839806844425782,0.11127440688641613,0.24900272937224438,,,,,,,,,,,4763.0
26720000,0.010845986984815618,0.03181489515545915,,0.030187997107736803,0.3188720173535792,,0.003796095444685466,0.18727404193781635,0.21908893709327548,,,,,,,0.012653651482284888,0.05061460592913955,0.08640636297903109,,5532.0
27503000,,0.027758007117437724,,0.01874258600237248,0.1520759193357058,,,0.21779359430604983,0.07900355871886121,,,0.4173190984578885,,,0.0056939501779359435,0.010913404507710557,0.024673784104389085,,0.014709371293001186,4215.0
27506000,0.03895184135977337,,,0.02726628895184136,0.20148725212464588,0.03009915014164306,,0.25106232294617564,0.08498583569405099,,,0.12252124645892351,,0.003186968838526912,,0.010269121813031162,0.0453257790368272,,0.05099150141643059,2824.0
27507000,0.010290501775794554,0.04735452144613423,0.010836900100173026,0.015481285857390037,0.15326472998816137,0.03169110281395137,,0.06729806028594845,0.07485657043985065,,0.007649576541298607,0.2181039978144067,,0.0024587924597031237,0.013842090884254622,0.03879428103087151,0.1376013113559785,0.1253984154448593,0.01885074219105728,10981.0
27510000,0.015066869815473168,0.009649568308786187,0.18808193668528864,0.05840528186896902,0.1191806331471136,0.007787370915862536,,0.12696800406297612,0.10665312341289995,0.03335026240054173,,0.18858980870154055,,,0.0035551041137633316,0.013373963094633486,0.03639749449805316,0.027425088877602845,0.044354156085999664,5907.0
27513000,,,,,0.2516297262059974,,,0.1681877444589309,0.19426336375488917,,,,,,,0.02998696219035202,0.02998696219035202,,0.03259452411994785,767.0
27514000,,,,0.029878048780487804,0.275609756097561,,,0.18658536585365854,0.15121951219512195,,,0.08170731707317073,,,,0.1024390243902439,0.028658536585365855,0.048170731707317074,0.025609756097560974,1640.0
27515000,,0.21587301587301588,0.005714285714285714,0.04253968253968254,0.22031746031746033,,,0.2615873015873016,0.07873015873015873,,,,0.03492063492063492,0.006349206349206349,,,0.02412698412698413,,0.02412698412698413,1575.0
27516000,,0.4930167597765363,,,0.18016759776536312,,,0.10474860335195531,0.09776536312849161,,,,,,,,0.023743016759776536,,,1432.0
27518000,,,,0.023125,0.3,,0.001875,0.15,0.179375,,,0.175,,,0.01125,0.031875,0.031875,,0.026875,1600.0
27519000,,0.2361366140286449,,0.017994858611825194,0.15534337128167464,0.01836210062431142,,0.07197943444730077,0.11090708777084099,,,0.10319500550863019,,,,0.04957767168564084,0.01579140653690782,0.16378993756885787,,2723.0
27527000,,0.1733723482077542,,,0.2516459400146306,,,0.14264813460131676,0.2538405267008047,,,,,,,,0.03730797366495977,,0.012435991221653255,1367.0
27539000,0.01974804221995233,,0.01038474633980252,0.015662240381341504,0.17654068777664284,0.04647599591419816,0.003745318352059925,0.16224038134150492,0.1814776983316309,,,0.15951651344909773,,0.004426285325161729,0.04851889683350358,0.008852570650323459,0.052604698672114404,0.07065032345931223,0.018215866530473274,5874.0
27701000,0.03113151242802977,0.01628984693161073,0.025514323830922624,0.024364555539952253,0.13593596404999297,0.04859745822215981,0.034580817300940876,0.15724617329026822,0.11799606796798202,0.00755687403454571,0.03218473528998736,0.139420376351636,0.00431821373402612,0.005169568880775172,0.0048974863081027945,0.03438772644291532,0.08247612694846229,0.08368733323971353,0.014271169779525347,113936.0
27705000,,,,0.01856655290102389,0.08409556313993174,0.1047098976109215,0.0021843003412969283,0.5318771331058021,0.08068259385665529,,,0.0520136518771331,,0.020614334470989763,,0.0027303754266211604,0.02552901023890785,0.04109215017064846,,7325.0
27709000,0.027584876543209878,,,0.030864197530864196,0.1863425925925926,,0.0015432098765432098,0.3011188271604938,0.11361882716049383,,,0.17959104938271606,,,0.014853395061728395,0.011381172839506173,0.039544753086419755,,0.02700617283950617,5184.0
27711000,,,,,0.20414201183431951,,,0.12721893491124261,0.21597633136094674,,,,,,,,0.07100591715976332,,,338.0
27712000,,,,0.04325259515570934,0.27854671280276816,,,0.16262975778546712,,,,0.19377162629757785,,,0.020761245674740483,,0.07958477508650519,,0.03806228373702422,578.0
27717000,,,,0.020448877805486283,0.1376558603491272,,,0.1002493765586035,0.30972568578553616,,0.006483790523690773,0.256857855361596,,,0.06733167082294264,0.013466334164588529,0.038403990024937655,,,2005.0
27725000,0.00037064492216456633,,0.008524833209785025,0.011304670126019274,0.10378057820607858,0.06486286137879911,0.0007412898443291327,0.06856931060044477,0.04595997034840623,,0.010748702742772424,0.3193106004447739,,,0.0009266123054114158,0.07616753150481838,0.049851742031134176,0.20663454410674573,,5396.0
27730000,,,,0.021593830334190232,0.14104541559554412,0.03273350471293916,0.012167952013710369,0.11808054841473864,0.1893744644387318,,,0.33967437874892886,,,,0.004627249357326478,0.04095972579263068,0.04575835475578406,,5835.0
27734000,,,,0.04670022371364653,0.10961968680089486,,0.002796420581655481,0.1708612975391499,0.41582774049217003,0.010906040268456376,,,,0.005313199105145414,0.007550335570469799,0.01482102908277405,0.04530201342281879,,0.009787472035794184,3576.0
27740000,,,,0.03225806451612903,0.07363253856942496,,,0.037868162692847124,,,,,,,,,0.023842917251051893,,,1426.0
28502000,0.011198208286674132,,,0.036394176931690926,0.22284434490481522,0.060470324748040316,0.005599104143337066,0.20100783874580067,0.1517357222844345,,,,,,,,0.031914893617021274,,,1786.0
28506000,0.020895522388059702,,,0.04776119402985075,0.26865671641791045,,,0.1925373134328358,0.2253731343283582,,,,,,,0.034328358208955224,0.03283582089552239,0.034328358208955224,,670.0
28510000,,0.09034543844109831,,0.0566873339238264,0.2887511071744907,0.07794508414526129,,0.16563330380868024,0.18954827280779452,,,,,,,,0.05225863596102746,,,1129.0
28514000,,,,,0.22666666666666666,0.08592592592592592,,0.19555555555555557,0.16444444444444445,,,,,,,0.03111111111111111,0.03111111111111111,,,675.0
28516000,0.015107212475633527,0.0341130604288499,,0.032651072124756333,0.22319688109161792,,0.008771929824561403,0.25877192982456143,0.13304093567251463,,,,,,,0.014132553606237816,0.04873294346978557,0.1783625730994152,,2052.0
28518000,0.020509977827051,0.08813747228381374,,0.046008869179600884,0.2876940133037694,0.05044345898004435,0.008869179600886918,0.1402439024390244,0.13414634146341464,,,,,,,0.013303769401330377,0.05931263858093126,,,1804.0
28526000,0.002267178235088943,,,0.011161492849668643,0.04185559818625741,0.011510289501220789,,0.022846180676665506,0.02598535054063481,,,,,,,,0.01569584931984653,,,5734.0
28528000,0.00881488736532811,,,0.049111515321113755,0.21393591716804253,,0.005736672729816706,0.13488176857422696,0.12760598852665453,0.00867496851825941,,0.21197705330908073,,,,0.010074156988946412,0.05820624038057926,0.07723520358192248,,7147.0
28532000,0.008339651250947688,,,0.039423805913570885,0.2001516300227445,,0.006065200909780136,0.332827899924185,0.11827141774071266,,,,,,,,0.024260803639120546,,,1319.0
28536000,,,,0.03577817531305903,0.3220035778175313,,,0.17531305903398928,0.23255813953488372,,,,,,,0.0518783542039356,,,,559.0
28538000,0.012589928057553957,,,0.0341726618705036,0.210431654676259,,0.0044964028776978415,0.12679856115107913,0.07793764988009592,,,0.3723021582733813,,,,,0.05515587529976019,,,3336.0
28540000,0.010526315789473684,,,0.047719298245614036,0.3410526315789474,,,0.16982456140350877,0.15087719298245614,,,,,,,,0.047719298245614036,,,1425.0
28542000,0.014583333333333334,,,0.05,0.23541666666666666,,,0.23333333333333334,0.25833333333333336,,,,,,,0.03958333333333333,,,,480.0
28544000,0.027696793002915453,0.027696793002915453,,0.05612244897959184,0.31924198250728864,0.08163265306122448,,0.12099125364431487,0.16034985422740525,,,,,,,,0.053206997084548104,0.07507288629737609,0.026239067055393587,1372.0
28546000,0.01226158038147139,,,,0.2956403269754768,,,0.2220708446866485,0.18392370572207084,,,,,,,0.02316076294277929,0.04495912806539509,,,734.0
28547000,0.016570008285004142,,,,0.28417564208782103,,,0.1988400994200497,0.18144159072079535,,,,,,,,0.03811101905550953,0.115990057995029,,1207.0
28548000,0.01614108503960544,0.056194888656404124,0.042669257211179194,0.020026901808399344,0.13809594978329098,0.04438798385891496,0.006575997608728143,0.12584068151247946,0.1014048722164101,0.006127634135405769,,0.26632790315348975,,0.001942908384396951,,0.006874906590943058,0.04102525780899716,0.11261395904946944,,13382.0
28549000,0.018032786885245903,,,,0.26721311475409837,0.09836065573770492,,0.2180327868852459,0.2573770491803279,,,,,,,,0.03934426229508197,,,610.0
28550000,0.031678082191780824,,0.0017123287671232876,0.059075342465753425,0.3107876712328767,0.08732876712328767,,0.15325342465753425,0.1404109589041096,,,,,,,,0.0273972602739726,0.1309931506849315,,1168.0
28551000,,,,0.050716648291069456,0.25248070562293273,0.05292171995589857,,0.1378169790518192,0.16207276736493936,,,,,,,,,0.0639470782800441,,907.0
28552000,0.01901469317199654,,,,0.317199654278306,0.08297320656871218,,0.17891097666378566,0.16076058772687987,,,,,,,,0.027657735522904063,,,1157.0
28553000,0.024855907780979826,0.004682997118155619,,0.04719020172910663,0.28206051873198845,0.03494236311239193,0.006844380403458214,0.10698847262247839,0.09438040345821326,,,,,,,,0.05223342939481268,0.011527377521613832,,2776.0
28604000,0.008171912832929782,0.19612590799031476,,0.02587772397094431,0.15587167070217917,0.06416464891041163,0.0069612590799031475,0.16162227602905568,0.10063559322033898,0.0034806295399515737,,0.13937651331719128,,,,0.01074455205811138,0.03480629539951574,0.0475181598062954,0.022548426150121065,6608.0
28608000,0.09177962939932845,,,0.017410769804750655,0.13978360900385525,0.06441984827757742,0.00373087924387514,0.11864195995522944,0.06690710110682752,,,0.0744932222360403,,0.005969406790200224,0.006964307921900261,0.005223230941425196,0.026489242631513494,0.3224723293122746,0.011938813580400448,8041.0
28620000,0.0075102196026238235,0.10048483696168838,,0.01464017492157049,0.14041258674778972,,,0.060366955033748455,0.0779541781538169,0.01131286243939538,0.012453655290426847,0.3223690464873087,,,0.0015210571347086224,0.00779541781538169,0.1578096777260196,0.07548246030991539,,10519.0
28622000,0.006426735218508998,,,0.04755784061696658,0.25578406169665807,0.0689802913453299,0.005569837189374464,0.10025706940874037,0.22879177377892032,,,0.11311053984575835,,,,0.05398457583547558,0.050556983718937444,0.015852613538988862,0.04284490145672665,2334.0
28630000,0.015013966480446927,0.0717877094972067,0.00803072625698324,0.02276536312849162,0.16291899441340782,0.06319832402234637,0.004259776536312849,0.059916201117318435,0.11215083798882682,0.049720670391061456,,0.29364525139664804,,,0.0125,0.032681564245810056,0.045251396648044694,0.027583798882681563,0.017667597765363127,14320.0
28634000,0.02066115702479339,,,,0.20764462809917356,0.047520661157024795,,0.10692148760330579,0.09349173553719008,,,,,,,,0.02737603305785124,0.0506198347107438,,1936.0
28654000,,0.107981220657277,,,0.25143453312467395,0.09598330725091289,,0.030777256129368807,0.13458528951486698,0.03442879499217527,,,,,,,,,0.03025560772039645,1917.0
28655000,0.010146003464488988,,,0.025736203909923285,0.17718386537985648,0.031180400890868598,0.002722098490472655,0.23385300668151449,0.1056669141301658,,,0.2979460529571888,,,,0.014105419450631032,0.03761445186834942,,0.009156149467953477,4041.0
28657000,0.013613861386138614,,,0.06435643564356436,0.36014851485148514,,,0.2079207920792079,0.16336633663366337,,,,,,,,0.038366336633663366,,,808.0
28701000,0.0318685465335666,0.002624266748996604,0.0054800864464340845,0.020453843778944117,0.1209992796130493,0.04119069671709375,0.03325786422421186,0.11545916092072313,0.12185688312579328,0.004871187952385853,0.04361771465815924,0.2279338616170972,,0.0018352715172721347,0.012066481424307914,0.0321258275873898,0.10864121299440843,0.06167026860142019,,116604.0
28714000,0.0057466260339573355,0.02002612102742708,,0.029168480626904657,0.1865041358293426,,0.006269046582498911,0.11066608619939051,0.15254680017414018,0.027862429255550717,,0.2039181541140618,,,,0.006704397039616891,0.056769699608184586,0.11066608619939051,,11485.0
28750000,0.02079722703639515,,,0.03254380897361833,0.12699788176391297,0.03581744656268053,0.010880030810706721,0.13778162911611785,0.09397265549778548,0.009050645099171962,,0.3207202002695937,,0.00048141729250914694,0.009146928557673791,0.02339688041594454,0.04024648565376468,0.10610437126901598,0.018005006739842094,10386.0
28751000,0.1048936393167767,,0.009011841140102693,0.01089804044849628,0.09252855496175207,0.4877920989206748,0.0023053547102588287,0.065493031541444,0.08362150267211568,0.024730168710049252,0.020748192392329456,,,0.0034580320653882428,0.004086765168186105,0.005029864822382898,0.030912710887561562,,0.01896678193440218,9543.0
28752000,0.00908108108108108,0.022486486486486486,,0.028972972972972973,0.1602162162162162,0.05254054054054054,0.0058378378378378375,0.1254054054054054,,0.012324324324324324,,0.3667027027027027,,,,0.007783783783783783,0.05556756756756757,0.06702702702702702,0.015351351351351352,4625.0
28758000,0.01709211986681465,0.013318534961154272,0.003551609322974473,0.01620421753607103,0.17780244173140955,,0.005549389567147614,0.12608213096559379,0.17669256381798001,0.06215316315205328,,0.18823529411764706,,,,0.016870144284128745,0.02885682574916759,,,4505.0
28759000,0.011179828734538535,,,0.032112274024738346,0.14676498572787822,0.09990485252140818,0.006422454804947669,0.19362511893434825,0.17507136060894388,,0.0049952426260704095,0.17649857278782113,,0.009039010466222646,,0.008087535680304472,0.05827783063748811,0.008087535680304472,0.03591817316841104,4204.0
29602000,,0.03821656050955414,,0.016075219896875947,0.1737943585077343,,,0.1067637245981195,0.0670306339096148,,,0.4764937822262663,,,,,0.04670912951167728,0.02335456475583864,0.01637852593266606,3297.0
29604000,,,,0.04768211920529802,0.18543046357615894,,,0.22913907284768212,,,,,,,,,0.038410596026490065,,,755.0
29606000,0.008839043862567125,,0.00632039157914746,0.007555956850258993,0.07085491612412678,,0.00014256522358979234,0.0483771325381362,0.03549874067385829,0.0022810435774366774,0.0033740436249584185,0.6487668108159483,,,0.005274913272822316,0.019578957372998147,0.08487382977712303,0.044385306277622015,0.008078696003421565,21043.0
29608000,0.0020128087831655993,0.11482159194876487,,0.011344922232387923,0.09752973467520586,0.038517840805123514,0.0019213174748398901,0.09213174748398902,0.08746569075937786,0.006404391582799634,,0.37831655992680696,0.04711802378774017,,0.0012808783165599268,0.010247026532479414,0.03595608417200366,0.05535224153705398,0.018298261665141813,10930.0
29610000,,,,,0.27303465765004226,,,0.20963651732882502,,,,0.12510566356720204,,,,0.054945054945054944,0.05409974640743871,,,1183.0
29612000,,,,0.03244495944380069,0.3290845886442642,,,0.24449594438006952,,,,,,,,0.04982618771726535,0.04982618771726535,,,863.0
29613000,0.028791469194312795,0.052725118483412325,,0.01966824644549763,0.1330568720379147,0.020023696682464454,0.00035545023696682463,0.07345971563981042,0.04869668246445498,0.0259478672985782,0.0015402843601895735,0.23661137440758293,,,0.016350710900473932,0.22203791469194312,0.05639810426540284,0.044668246445497634,0.018957345971563982,8440.0
29614000,,,,0.018770597506806132,0.15088121507379282,0.04957730333858719,0.0007164350193437455,0.10373979080097435,0.14815876200028658,0.010316664278549936,,0.26909299326551084,,0.0038687491044562257,,,0.041266657114199745,0.12967473850121794,,6979.0
29615000,0.05761316872427984,,,,0.2962962962962963,,,0.3662551440329218,,,,,,,,,0.06378600823045268,,,486.0
29616000,,0.035748180955393866,,0.012337867763366024,0.17352103764631446,0.051249604555520405,0.0037962670041126224,0.1597595697564062,0.07307813982916798,0.009016134134767479,0.006643467257197089,0.29911420436570707,,0.002847200253084467,0.004112622587788674,0.00585257829800696,0.03701360329009807,0.04602973742486555,,6322.0
29618000,0.027168234064785787,,,0.054336468129571575,0.22675026123301986,,,0.1922675026123302,,,,,,,,0.054336468129571575,0.03657262277951933,,,957.0
29620000,0.009945094789184709,,,0.00859836320314928,0.11820159535895576,0.040919921267999586,0.0007251631617113851,0.07438102144411064,0.06847612141303222,,,0.39645705998135294,,,0.002279084222521496,0.01139542111260748,0.026623847508546565,0.023308815912151663,,9653.0
29623000,0.011915581137029183,0.029788952842572956,0.016863576693931133,0.013935171160254469,0.145208522669898,0.0322124608704433,,0.0697768353024336,0.05543774613753408,0.010501868120771484,0.003029385034837928,0.43996768655962837,,,0.0025244875290316065,0.013834191659093205,0.10320105018681208,0.036655558921538926,0.012218519640512977,9903.0
29625000,,,,0.012907852276801721,0.10182861240588024,,,0.10326281821441377,,,,0.3219792040157763,,,,0.013624955181068482,0.08497669415561133,0.03979921118680531,,2789.0
29627000,,,,0.04961832061068702,0.3791348600508906,,,0.24936386768447838,0.035623409669211195,,,,,,,0.06361323155216285,0.07506361323155217,,,786.0
29629000,,0.1782065834279228,,0.05902383654937571,0.24858115777525538,,,0.2213393870601589,,,,,,,0.007945516458569807,,0.04767309875141884,0.011350737797956867,,881.0
29632000,,,,0.029014844804318488,0.2834008097165992,,,0.18488529014844804,,,,,,,,0.04048582995951417,0.0398110661268556,,,1482.0
29634000,,,,0.034224598930481284,0.18181818181818182,,,0.17967914438502675,,,,,,,,0.07165775401069518,0.031016042780748664,,,935.0
29636000,0.004093118444614991,0.11332821693527756,,0.014325914556152468,0.15400358147863905,,,0.1731900741877718,0.1435149654643131,,0.012023535431056536,0.10335124072652853,,,,,0.043233563571245845,0.1841903300076746,,3909.0
29638000,0.0071465033180193975,,,0.012761613067891782,0.1990811638591118,0.12046962736089842,,0.20724859622256253,,0.00816743236345074,,0.08626850433894845,,,0.03522205206738132,0.08473711077080143,0.06636038795303727,,,1959.0
29642000,,,,0.056666666666666664,0.21666666666666667,,,0.27166666666666667,,,0.06,,,,,,0.05333333333333334,,,600.0
29644000,,0.2877019748653501,,0.02423698384201077,0.20107719928186715,,,0.15350089766606823,,,,0.1992818671454219,,,0.013016157989228007,,0.03007181328545781,,0.0058348294434470375,2228.0
29646000,,0.1972093023255814,,0.014883720930232559,0.2427906976744186,,,0.18511627906976744,,,,,,,,0.046511627906976744,0.04093023255813953,0.11906976744186047,,1075.0
29650000,,,,0.017475728155339806,0.22006472491909385,,,0.19546925566343043,,,,,,,,,0.04789644012944984,0.11779935275080906,,1545.0
29701000,0.014732122842412015,0.004976462676529926,0.020183815288052007,0.023528356870656804,0.09547635059403721,0.043927370544720915,0.025877605917955616,0.12171262048867967,0.11474557274153777,0.005370993050885451,0.03320331764178435,0.30199506837032053,1.7933198834342077e-05,0.0034073077785249945,0.0066621833669580814,0.027195696032279757,0.09129791526563551,0.051728312037659714,0.013952028693118136,111525.0
29715000,0.0141287284144427,,0.00040952835983891885,0.017029554296635042,0.14995563442768411,0.02788205583236639,0.033478943416831615,0.041567128523650264,0.10842263326735377,0.007610402020339908,0.0016381134393556754,0.3072827793324688,,0.002866698518872432,0.008361204013377926,0.17524401064773737,0.07282779332468774,0.023547880690737835,0.007712784110299639,29302.0
30501000,,,,0.18545454545454546,,,,0.13090909090909092,,,,,,,,,,,,275.0
30604000,0.006227758007117438,,,0.0800711743772242,0.18149466192170818,0.09697508896797152,,0.13790035587188612,0.08718861209964412,,,,0.19306049822064056,,,0.027580071174377226,,,0.023131672597864767,1124.0
30607000,0.019191024505462062,0.04440507824033068,0.0662533215234721,0.03938588721582521,0.1796279893711249,0.06058458813108946,0.0037791555949217596,0.17183348095659876,0.1230587540596398,0.03460289341600236,,0.027753173900206672,,0.0001771479185119575,0.00684971951579569,0.029937998228520814,0.020667257159728374,0.12051963389430174,0.01393563625627399,16935.0
30610000,,0.01122586439155815,,0.061517736865738665,0.23349797934440952,0.1414458913336327,0.006286484059272564,0.26493039964077236,0.13022002694207455,,0.0058374494836102376,,,,,,0.003592276605298608,0.057925460260440056,0.029636281993713515,2227.0
30613000,,0.3523035230352303,,0.009678668215253582,0.05110336817653891,,,0.04916763453348819,0.028648857917150602,0.012388695315524584,,0.1997677119628339,0.11691831204026326,,,0.10065814943863724,0.023228803716608595,,0.005420054200542005,2583.0
30616000,0.015503875968992248,0.23169681309216192,,0.017800746482917025,0.1024978466838932,0.09560723514211886,,0.10623026126902096,0.04995693367786391,0.0008613264427217916,,0.3006029285099053,,,0.034453057708871665,0.012919896640826873,,0.012632787826586276,0.012632787826586276,3483.0
30619000,0.012982054219167621,0.045437189767086675,,0.021382206949217258,0.23444062619320352,0.13631156930126,0.004581901489117984,0.1981672394043528,0.1034746086292478,0.026345933562428408,,,,0.008018327605956471,0.048491790759831996,0.026727758686521573,,0.02787323405880107,0.01718213058419244,2619.0
30701000,0.024889032652254388,0.1296386148399734,0.008374216040397505,0.02077380631480583,0.12872212338490843,0.062033892213416715,0.024313979190252844,0.22861969198698942,0.1149028698761838,0.003773788344385142,0.0216184160871206,0.050460941290635615,0.009254766654087372,0.0016712491239419915,0.019893255701115962,0.036875303250849104,0.04785523029094111,0.04997573993207181,0.016371053246356498,55647.0
30824000,0.009969788519637462,0.13293051359516617,,0.013293051359516616,0.0809667673716012,0.10634441087613293,,0.04652567975830816,0.0404833836858006,,,0.3879154078549849,,,,0.1365558912386707,,0.023867069486404834,,3310.0
30827000,,0.03470857891290111,,0.030124426981008513,0.2318271119842829,,,0.12049770792403405,0.10019646365422397,,,,,,,,,0.045841519318926,,1527.0
30829000,,0.021629778672032193,,0.026156941649899398,0.11921529175050302,,,0.07344064386317907,0.0437625754527163,,,,,,,,,,,1988.0
30832000,,,,0.030381944444444444,0.23177083333333334,,,0.1293402777777778,0.20572916666666666,,,,,,,0.042534722222222224,,0.09288194444444445,,1152.0
30851000,,,,0.08272058823529412,0.23345588235294118,,,0.16084558823529413,0.2509191176470588,,,,,,,,,0.05330882352941176,,1088.0
32501000,0.03262708450817691,,0.04898090711351003,0.011359059050994925,0.0651736083138645,0.010956255538548296,,0.021670828969628617,0.05131716748570048,0.0084588737613792,0.0016917747522758398,0.008056070248932571,0.5667445420124063,,,0.0016112140497865142,0.024248771449287037,0.11568516877467172,,12413.0
32502000,0.029075962855838026,,,0.049931496422590954,0.1730857055868473,0.04277667833764652,0.005175825848683209,0.10458212817780484,0.15816714872887808,0.01324402496574821,0.0077637387730248135,0.004262444816562643,0.28086466737707416,,,0.012635104277667834,0.044298980057847465,0.04155883696148577,,6569.0
32504000,,,,0.0559748427672956,0.25031446540880503,0.04591194968553459,,0.20251572327044026,0.17672955974842766,,0.011320754716981131,,,,,0.06729559748427673,0.03207547169811321,0.0610062893081761,,1590.0
32507000,0.021792077938725805,0.04813485450583259,,0.011536982438148956,0.08774516087681067,0.03320087168311755,,0.03852070247404179,0.052236892706063326,0.010062812459941034,,0.016536341494680168,0.5364055890270478,,0.0006409434687860531,0.0037174721189591076,0.046532495833867454,0.06185104473785412,,15602.0
32510000,0.03584,,,0.0352,0.22784,0.08928,0.00416,0.15168,0.22848,0.00608,0.0112,,,,,0.03584,0.04032,0.04192,,3125.0
32513000,,0.0546343537414966,,0.025085034013605442,0.1324404761904762,0.02699829931972789,,0.047619047619047616,0.11670918367346939,,,0.008503401360544218,0.19068877551020408,,,0.012755102040816327,0.002976190476190476,0.035076530612244895,,4704.0
32516000,0.0862570064355408,,0.0036329665767074943,0.030932115424538095,0.15123520863608056,0.05563628814614906,0.005812746522731991,0.1902636495744239,0.17209881669088645,0.015569856757317833,0.008303923603902844,0.14054390699605562,,0.0019721818559269256,0.004255760847000208,0.007162134108366203,0.03861324475814822,0.08075565704795516,,9634.0
32519000,0.011322696860524962,0.051329559101046494,0.05970149253731343,0.004734945959855893,0.04436438497169326,0.02672842683136044,,0.019214273460284783,0.01471950591868245,0.00929833590667353,0.0009264024704065877,0.06786755875793446,0.4660490650197289,,0.0023674729799279463,0.006416194887630812,0.03300737690856065,0.17495282209641447,0.006862240521530279,29145.0
32522000,0.03058103975535168,0.019146390107698443,0.044940832336125516,0.011257368257767141,0.06133936090058946,0.023711385897265434,0.0006648052120728626,0.021318087133803128,0.0419713690555334,0.0033683464078358375,0.0018171342463324913,0.020431680184372646,0.6017816779683552,,,0.017063333776536807,0.007268536985329965,0.09338297212250143,,22563.0
32525000,0.0321656050955414,0.0945859872611465,0.058439490445859874,0.030414012738853503,0.21847133757961784,0.06369426751592357,0.0070063694267515925,0.10477707006369427,0.14363057324840764,0.02308917197452229,0.004936305732484076,0.06480891719745223,,,,0.034394904458598725,0.03773885350318471,0.056687898089171976,,6280.0
32528000,0.05067664843075151,,,0.05096458393319896,0.17160955945868125,0.04981284192340916,0.005182839044054132,0.13705729916498705,0.1957961416642672,0.00806219406852865,0.011229484595450619,,,,,0.020155485171321624,0.02620213072271811,0.034840195796141664,,3473.0
32531000,0.013638920134983128,,,0.02221597300337458,0.16633858267716536,0.0735376827896513,0.003937007874015748,0.09195725534308212,0.09983127109111362,0.003515185601799775,0.005343082114735658,0.23340832395950506,,0.000421822272215973,0.035573678290213726,0.02080989876265467,0.04499437570303712,0.17899325084364454,0.005061867266591676,7112.0
32534000,,,,0.04173813607775872,0.25157232704402516,0.10577472841623785,0.0031446540880503146,0.15809033733562036,0.1918238993710692,0.003430531732418525,0.008290451686678102,,,,,0.025728987993138937,0.03230417381360778,0.062321326472269865,0.015437392795883362,3498.0
32537000,,0.2874176341386884,,0.03326011923438971,0.13680577345465955,0.08346407279573266,,0.20834640727957326,0.09601506118606841,0.006903043614684657,0.01004079071226859,0.0671477878882962,,,,0.03326011923438971,0.018198933165986822,,,3187.0
32540000,0.03518029903254178,,,,0.22999120492524186,0.17766051011433598,,0.06464379947229551,0.1218117854001759,0.010114335971855761,,,,,,0.026824978012313105,,0.08047493403693931,,2274.0
32543000,0.04565935716431361,,,0.033042955842595374,0.19825773505557223,0.08531090417542805,0.006007810153199159,0.1829378191649144,0.14178431961550014,0.01021327726043857,,0.09131871432862722,,,,0.017122258936617604,0.036046860919194956,0.04776209071793331,0.006908981676179033,3329.0
32546000,0.02879177377892031,0.07420736932305055,0.005655526992287918,0.017994858611825194,0.15252784918594686,0.06203941730934019,0.0035989717223650387,0.06958011996572408,0.09751499571550985,,0.0155955441302485,0.38217652099400173,,,,0.009597257926306769,0.022964867180805485,0.03581833761782348,0.01696658097686375,5835.0
32627000,0.03541076487252125,,0.011709159584513693,0.02927289896128423,0.16118980169971672,0.07771482530689329,0.00424929178470255,0.10217186024551464,0.11520302171860246,0.005760151085930123,0.013031161473087818,0.009348441926345609,0.32332389046270066,,,0.008593012275731822,0.030689329556185082,0.06100094428706327,0.010387157695939566,10590.0
32701000,0.023603033203268793,0.0007877493926231318,0.03383641316351321,0.025539277037473312,0.13967459324155193,0.04799381579916072,0.03139218140322462,0.14072737981300154,0.14078627696385188,0.009408819848339836,0.03600088345726275,0.13008171979680483,0.007870131782375028,0.003261429728336892,0.010321725686519914,0.03734079363910771,0.10872414046970477,0.06124567474048443,0.011403960833394684,135830.0
32704000,0.0137016093953893,,0.018558793678410904,0.012686675366101203,0.15927214731042483,0.08496447730897491,0.005147165434246774,0.11649992750471219,0.18515296505727127,0.0097868638538495,0.00645208061476004,0.14172828766130202,0.05226910250833696,0.0018123821951573148,0.010511816731912425,0.01232419892706974,0.047629404088734235,0.10026098303610265,0.017543859649122806,13794.0
32707000,0.017255147033295143,,0.025587612401485955,0.023122591396729508,0.11578655001215152,0.08776863521160991,0.0091309932993091,0.07339513245148074,0.10696802416414956,0.004687011769607332,0.003714890809985071,0.04596743394785265,0.2219907648508836,0.0006943721140159012,0.00569385133493039,0.013505537617609276,0.07651980696455231,0.1468249835086623,0.02121306808318578,28803.0
32710000,0.0262091326668468,,,0.022156174007025128,0.15901107808700352,0.08268035666036207,0.006890029721696838,0.10443123480140502,0.09889219129964874,0.0035125641718454473,0.006484733855714671,0.03445014860848419,0.28924614968927315,,0.0033774655498513915,0.02715482302080519,0.05012158875979465,0.06133477438530127,0.024047554714941907,7402.0
32715000,,,0.01781701444622793,0.022953451043338683,0.13531300160513643,0.14301765650080256,0.0044943820224719105,0.06821829855537721,0.13643659711075443,0.0022471910112359553,0.004975922953451044,0.02391653290529695,0.31027287319422153,,,0.008507223113964686,0.03274478330658106,0.05778491171749599,0.01765650080256822,6230.0
32716000,0.05541638663163683,,0.012403006048756644,0.011730921977149141,0.14883607258507972,0.0887761960041547,0.004460194293395246,0.06012097513288935,0.10936640801613001,0.004276898637502291,0.0064764465082177555,0.058043624366102525,0.26247937923871206,0.00036659131178591066,0.0017107594550009166,0.00947027555446936,0.053644528624671596,0.09531374106433678,0.016741003238223254,16367.0
32719000,0.016798252981689903,,0.02603729212161935,0.019108012766672264,0.1000755921384176,0.07282042667562573,0.00617335797077104,0.08667898538551991,0.13346211993952628,0.00037796069208802284,0.023601545439274316,0.1324542247606249,,0.0002099781622711238,0.003485637493700655,0.01243070720645053,0.05245254493532672,0.1211154039979842,,23812.0
32725000,0.04242194499965539,,0.031669997932317874,0.02012543938245227,0.09683644634364877,0.05286373974774278,0.006134123647391274,0.04593700461782342,0.06844027844785995,0.010372872010476255,0.003997518781445999,0.0556206492521883,0.33651526638638085,0.00461782341994624,0.005375973533668758,0.04559239092976773,0.043180095113377906,0.11603142876835068,0.013750086153422015,29018.0
32728000,0.02235904082955282,,0.027867790019442645,0.020630805789587384,0.1363145387772737,0.14549578742709007,0.0037805141499243898,0.05573558003888529,0.1458198314970836,0.009073233959818535,0.004536616979909268,0.01901058543961979,0.2119248217757615,,0.009829336789803413,0.01101749837977965,0.04136962626917261,0.11201123352775978,0.0225750702095485,9258.0
32731000,0.026727324424225193,0.0017222470449652708,0.03524107396726106,0.01517527113205248,0.13899021081278687,0.033738169706324386,0.016101385109062106,0.06017303708517811,0.11416385718347617,0.010374101303870994,0.014671595109468296,0.2425118810674682,0.04776798407733864,0.0032089036922701977,0.006133474145984808,0.025533124822291725,0.07822413583004996,0.10498395548153865,0.024574515618018603,123095.0
32732000,,,,0.03316020775069916,0.1644027167399121,0.060727127447063524,0.0033959248901318418,0.03835397522972433,0.10487415101877746,0.0075908909308829405,0.008190171793847383,,0.4143028365960847,,,0.013184178985217739,0.05073911306432281,,0.001797842588893328,5006.0
32734000,0.016039481801357187,,,0.025663170882171498,0.19432449105490437,0.07402837754472548,0.006169031462060457,0.08871067242442937,0.1267119062307218,,0.005922270203578038,0.09216533004318322,,,0.01431215299198026,0.010117211597779148,0.04959901295496607,0.06773596545342381,0.034299814929056135,8105.0
32737000,0.0177432982563945,,0.019164298333205314,0.040056840003072434,0.16975190106767032,0.08752592365004992,0.007297027421460942,0.09885551885705507,0.19594438896996696,0.0018434595591059221,0.006106459789538367,0.045279975420539215,0.09236500499270298,0.0018434595591059221,0.007335432828942315,0.014248406175589524,0.0597204086335356,0.10864889776480528,0.026307704124740764,26038.0
32740000,0.025992779783393503,,,0.011552346570397111,0.11010830324909747,0.047111913357400725,0.0037906137184115524,0.06444043321299639,0.09458483754512635,0.009386281588447653,0.012996389891696752,0.009386281588447653,,0.003249097472924188,0.005595667870036101,0.006498194945848376,0.03267148014440433,0.5422382671480145,,5540.0
32749000,0.017055791388720435,0.002122498483929654,0.016221952698605217,0.014554275318374773,0.21513038204972712,0.0272892662219527,0.006594906003638569,0.17866889023650698,0.17806246209824136,0.01485748938750758,0.005988477865372954,0.16934505761067314,,0.0021983020012128563,0.007731958762886598,0.011143117040630686,0.06519102486355367,0.0467707701637356,0.02099757428744694,13192.0
33502000,,,,0.05202312138728324,0.20809248554913296,,0.006936416184971098,0.24739884393063583,0.1676300578034682,,,,,,,,0.07745664739884393,0.058959537572254334,,865.0
33503000,,,,0.038295577130528585,0.319848975188781,0.06040992448759439,0.005393743257820928,0.18284789644012944,0.12998921251348436,,,,,,,,0.11812297734627832,0.028586839266450916,,1854.0
33506000,,,,,0.170767004341534,0.04341534008683068,,0.2706222865412446,0.1736613603473227,,,,,,,,0.03328509406657019,0.06657018813314038,,691.0
33507000,0.005886681383370125,0.028513612950699044,,0.020235467255334805,0.14164827078734363,0.04727740986019132,0.004415011037527594,0.290103016924209,0.09069168506254599,,0.00459896983075791,0.30500367917586463,,,,0.0014716703458425313,0.02612214863870493,0.029433406916850625,,5436.0
33516000,,,,0.040625,0.23645833333333333,0.07083333333333333,0.009375,0.203125,0.15625,,,,,,,0.04479166666666667,0.09270833333333334,0.06666666666666667,,960.0
33521000,,,,0.04567901234567901,0.24814814814814815,0.06419753086419754,0.007407407407407408,0.2740740740740741,0.21358024691358024,,,,,,,,0.03950617283950617,0.05925925925925926,,810.0
33522000,,0.027204502814258912,,0.038461538461538464,0.24390243902439024,0.0225140712945591,0.009849906191369606,0.20966228893058161,0.12288930581613508,,,,,,,0.03142589118198874,0.05065666041275797,0.06660412757973734,,2132.0
33524000,,0.11898996886890349,,0.020754064337599448,0.09062608094085092,0.016603251470079558,0.0034590107229332413,0.09443099273607748,0.06641300588031823,,,0.2670356278104462,,,,0.00588031822898651,0.039778623313732275,0.2310619162919405,,2891.0
33526000,0.005867014341590613,0.49478487614080835,,,0.14732724902216426,0.022816166883963495,0.00651890482398957,0.13298565840938723,0.0710560625814863,,,,,,,,0.02998696219035202,0.044980443285528034,,1534.0
33529000,,0.15217391304347827,,0.03511705685618729,0.2633779264214047,0.027591973244147156,,0.2148829431438127,0.16304347826086957,,0.020903010033444816,,,,,,0.019230769230769232,0.07023411371237458,,1196.0
33531000,,0.3257443082311734,,0.030356100408639813,0.18388791593695272,0.049620548744892,0.005253940455341506,0.138353765323993,0.09457092819614711,0.0017513134851138354,,0.07005253940455342,,,,,0.02918855808523059,0.030939871570344425,,1713.0
33533000,,,,0.03843074459567654,0.24979983987189752,0.06244995996797438,0.005604483586869495,0.1977582065652522,0.1633306645316253,,,,,,,0.044035228182546036,0.07365892714171338,0.04483586869495596,,1249.0
33534000,,,,,0.2772511848341232,0.041469194312796206,,0.23104265402843602,0.16824644549763032,,0.022511848341232227,,,,,,0.052132701421800945,0.10426540284360189,,844.0
33540000,,0.03188662533215235,,0.02745792736935341,0.2949512843224092,0.03720106288751107,0.006200177147918512,0.1913197519929141,0.20372010628875112,,0.015943312666076175,0.03897254207263064,,,,0.03454384410983171,0.03454384410983171,0.06908768821966342,,1129.0
33543000,,0.10070257611241218,,0.047619047619047616,0.2185792349726776,0.039032006245121,,0.22170179547228727,0.14363778298204527,,,0.05698672911787666,,,,,0.0468384074941452,0.05932864949258392,,1281.0
33605000,0.0179959100204499,0.024948875255623722,,0.05521472392638037,0.25685071574642127,0.03190184049079755,0.0081799591002045,0.14683026584867076,0.20245398773006135,,,,,,,0.014723926380368098,0.05276073619631902,0.14846625766871166,,2445.0
33608000,,0.18518518518518517,,0.05202821869488536,0.23633156966490299,0.024691358024691357,,0.2072310405643739,0.17548500881834214,,,,,,,,0.04585537918871252,0.04409171075837742,,1134.0
33610000,,,,0.04857966241251544,0.3573487031700288,0.05804857966241252,,0.0531082750102923,0.09633594071634417,,,,,,,,0.04775627830382874,0.059283655825442566,,2429.0
33612000,,0.08051118210862619,,0.030031948881789138,0.2159744408945687,0.0268370607028754,0.0076677316293929714,0.18083067092651758,0.1194888178913738,,,0.11565495207667732,,,,,0.12651757188498403,0.05686900958466454,,1565.0
33614000,0.016120365394948953,0.2184309511015583,,0.027673293927995703,0.14965072541644278,0.05830198817839871,0.006448146157979581,0.12332079527135949,0.11257388500806018,0.008328855454056958,,0.08839333691563675,,,0.0053734551316496505,0.011821601289629231,0.04056958624395486,0.12654486835034928,,3722.0
33617000,0.0171898355754858,,,0.05605381165919283,0.3333333333333333,0.04633781763826607,0.01195814648729447,0.23766816143497757,0.14723467862481315,,0.02391629297458894,0.005979073243647235,,,,,0.045590433482810166,0.053811659192825115,,1338.0
33618000,,0.21579112928593897,,0.033972947467757156,0.22743000943692984,0.028939918213274615,,0.04340987731991192,0.26926706511481596,0.016042780748663103,,0.10034602076124567,,,,,0.019502988361119848,0.023277760301981754,,3179.0
33619000,,,,0.07088414634146341,0.26753048780487804,0.03277439024390244,,0.06707317073170732,,,,0.09222560975609756,,,,,0.04496951219512195,0.040396341463414635,,1312.0
33620000,0.002165022853019004,0.36492662978109214,,0.019966321866730814,0.14072648544623526,0.035121481837863844,0.004330045706038008,0.09526100553283617,0.19148424344479192,0.007697859032956459,,0.06134231416887178,,,0.0012027904738994466,,0.031272552321385615,0.024055809477988934,0.006976184748616791,4157.0
33623000,0.012379227053140096,0.1497584541062802,,0.028079710144927536,0.2506038647342995,0.03260869565217391,0.006340579710144928,0.14855072463768115,0.19202898550724637,0.002113526570048309,,,,,,,0.027777777777777776,0.12318840579710146,,3312.0
33625000,,0.03525954946131244,,0.050930460333006855,0.29187071498530853,0.03525954946131244,0.00881488736532811,0.29187071498530853,0.16552399608227228,,,,,,,,0.04603330068560235,0.05778648383937316,,1021.0
33627000,0.008672699849170438,0.058069381598793365,,0.03129713423831071,0.2812971342383107,0.04524886877828054,0.008295625942684766,0.19796380090497737,0.14969834087481146,,,0.05015082956259427,,,,,0.05392156862745098,0.07239819004524888,,2652.0
33628000,0.007447459702101612,0.0028565598857376046,0.0022444399102224035,0.010508059579677617,0.14364415425423382,0.03489083860436645,0.005509079779636809,0.16721077331156906,0.09253213629871455,0.013058559477657621,0.002652519893899204,0.4410324423587023,,,0.001836359926545603,,0.029891858804325648,0.028055498877780045,0.015098959396041623,9802.0
33630000,0.0049597024178549285,0.14197148171109733,,0.016119032858028518,0.19466831990080596,0.036371151064269476,0.0035131225459805746,0.12089274643521389,0.14879107253564786,0.009092787766067369,,0.15747055176689398,,,0.0037197768133911966,0.014052490183922298,0.04277743335399876,0.06075635461872288,0.030171523041950817,4839.0
33632000,,,,0.03683241252302026,0.1841620626151013,0.03268876611418048,0.006906077348066298,0.13996316758747698,0.21408839779005526,,0.009668508287292817,0.24125230202578268,,,,0.01979742173112339,0.01979742173112339,0.06353591160220995,,2172.0
33635000,,0.08865062761506276,,0.02850418410041841,0.25627615062761505,0.026673640167364017,,0.051255230125523014,0.14958158995815898,0.019351464435146442,,0.25993723849372385,,0.0002615062761506276,0.011767782426778242,,0.057792887029288705,0.012290794979079499,0.005230125523012552,3824.0
33636000,0.001960399921584003,0.19800039207998432,,0.019996079200156832,0.19251127229954912,0.03685551852577926,0.007841599686336012,0.11448735542050578,0.13977651440893943,,0.010782199568712018,0.16271319349147226,,,,0.009801999607920015,0.042540678298372867,0.027053518917859242,0.008429719662811214,5101.0
33637000,,0.45110410094637227,,0.02444794952681388,0.12460567823343849,0.027602523659305992,,0.17034700315457413,0.08990536277602523,,,0.007097791798107256,,,,,0.030757097791798107,0.04416403785488959,,1268.0
33638000,,,,0.04479283314669653,0.1858902575587906,0.07054871220604703,0.011198208286674132,0.24188129899216126,0.23628219484882418,,,,,,,,0.1276595744680851,0.043673012318029114,,893.0
33641000,0.007909045971329708,0.15768660405338605,,0.028917449332674247,0.19846762234305487,0.0439940682155215,0.007167572911517549,0.16287691547207117,0.17647058823529413,0.010133465150766189,0.008403361344537815,0.061789421651013345,,,0.0,0.006920415224913495,0.04473554127533366,0.07563025210084033,0.003213049925852694,4046.0
33645000,,0.24176356589147288,,0.041666666666666664,0.2999031007751938,0.02422480620155039,0.00436046511627907,0.12936046511627908,0.10513565891472869,0.01308139534883721,,0.040697674418604654,,,,0.014534883720930232,0.05571705426356589,0.018410852713178296,,2064.0
33647000,,,,0.053003533568904596,0.24823321554770317,0.037985865724381625,0.007067137809187279,0.2623674911660777,0.1413427561837456,,0.011484098939929329,,,,,,0.061837455830388695,0.1413427561837456,,1132.0
33649000,0.007064142413111049,0.042667420175190734,,0.02175755863238203,0.15964961853630968,0.021474992935857588,0.005086182537439954,0.13789205990392767,0.20062164453235376,0.012432890647075446,0.004803616840915513,0.1274371291325233,,,,0.007629273806159932,0.14184797965526985,0.09663746821135914,0.009889799378355468,3539.0
33650000,,0.06505803298717165,,0.03665241295051924,0.21319486866218693,0.10109957238851558,0.00885766646304215,0.177153329260843,0.17073915699450215,0.012522907758094075,0.007330482590103849,0.010079413561392792,,,,,0.058338423946243126,0.08766035430665853,,3274.0
33701000,0.013328855554311727,0.00956005821112728,0.01538117093921415,0.01698570842195604,0.13759468636889435,0.042329937684241946,0.025777081234374416,0.10704130751147431,0.1261017202134408,0.011664614351281764,0.01979924624053136,0.27657002126945035,0.00041792604201649315,0.0017164819582820255,0.006470390686219635,0.025605433038546215,0.08478674577409605,0.06983842680697042,0.009015261763498638,133995.0
33704000,0.017261983800292126,0.002390120833886602,,0.014207940512548135,0.14619572433939715,0.060948081264108354,0.00942769884477493,0.10224405789403798,0.1002522905324658,0.0029212587969725135,0.006639224538573895,0.4045943433806931,,,0.018589828708006906,0.014739078475634045,0.046209002788474306,0.04793520116850352,,7531.0
33707000,0.007624695541671079,0.00037064492216456633,0.00953086942708885,0.009583818701683787,0.10896960711638251,0.04310070952027957,0.004712485438949487,0.11950651276077517,0.09679127395954676,0.006459811500582442,,0.4498040876839987,,0.0009001376681139468,0.007148152070316637,0.006883405697341947,0.05988562956687493,0.05099015143492534,0.015937731653076354,18886.0
33710000,0.013518966908797418,0.005246166263115416,,0.018765133171912834,0.14689265536723164,0.07788539144471347,0.010895883777239709,0.1771589991928975,0.15556900726392253,0.005851493139628733,0.004640839386602098,0.15415657788539144,,,,0.00423728813559322,0.059322033898305086,0.12610976594027443,0.018159806295399514,4956.0
33713000,0.011914113642314742,,0.04346687614558785,0.012699659596753076,0.15278868813825608,0.06258182770358732,0.005760670332547788,0.12411626080125687,0.11586802827965435,0.014401675831369469,0.003142183817753339,0.2939251112856769,,0.0017020162346163916,0.004713275726630008,0.011914113642314742,0.060487038491751764,0.059832416863053156,,7638.0
33787000,,,,,0.20613614573346117,,,0.3969319271332694,,,,,,,,,0.02109300095877277,,,1043.0
34512000,,,,0.10414052697616061,0.205771643663739,,,0.2572145545796738,0.25094102885821834,,,,,,,0.05144291091593475,0.026348808030112924,,,797.0
34522000,,,,0.06595744680851064,0.24680851063829787,0.06170212765957447,,0.24893617021276596,0.16382978723404254,,,,,,,,0.031914893617021274,,,470.0
34524000,0.022857142857142857,0.07376623376623377,,,0.18701298701298702,0.07376623376623377,0.005194805194805195,0.32155844155844154,0.13974025974025975,0.007272727272727273,0.006233766233766234,,,,,,0.042077922077922075,0.06805194805194806,,1925.0
34534000,,,,0.03731343283582089,0.36716417910447763,0.03880597014925373,,0.21791044776119403,0.15074626865671642,,0.026865671641791045,,,,,,0.011940298507462687,,,670.0
34536000,,,,,0.20812182741116753,0.06852791878172589,,0.3248730964467005,,0.021573604060913704,,,,,,,0.025380710659898477,0.12436548223350254,,788.0
34538000,,,,0.041379310344827586,0.23103448275862068,0.08275862068965517,,0.2396551724137931,,0.015517241379310345,,,,,,,0.041379310344827586,,,580.0
34602000,0.01694915254237288,,,0.06174334140435835,0.2179176755447942,0.07263922518159806,0.007263922518159807,0.1973365617433414,0.14891041162227603,0.01694915254237288,0.01694915254237288,,,,,0.0387409200968523,0.031476997578692496,0.12832929782082325,,826.0
34604000,,,,0.058902275769745646,0.3119143239625167,,,0.04685408299866131,,0.024096385542168676,,,,,,,,0.18206157965194109,,747.0
34606000,,0.012413793103448275,,0.027586206896551724,0.21241379310344827,0.09724137931034482,0.002758620689655172,0.15931034482758621,0.1386206896551724,,0.006896551724137931,0.006206896551724138,,,,0.041379310344827586,0.03586206896551724,0.1724137931034483,,1450.0
34608000,,,,,0.24114832535885167,,,0.03349282296650718,,,,,,,,,,0.042105263157894736,,1045.0
34610000,,,,0.047619047619047616,0.25502645502645505,,,0.22116402116402117,0.23174603174603176,,,,,,,0.039153439153439155,0.05291005291005291,,,945.0
34614000,0.007917383820998278,0.05679862306368331,,0.016867469879518072,0.28278829604130806,,0.0017211703958691911,0.07641996557659209,0.1925989672977625,0.019793459552495698,,0.10654044750430293,,,0.02530120481927711,0.03769363166953529,0.09759036144578313,0.012220309810671256,,5810.0
34616000,0.007766533301953401,,,0.02494704636385032,0.13532595904918804,0.035067074605789596,0.0025888444339844667,0.09861143798540833,0.0487173452577077,0.010120028241939279,0.002824193927983055,0.5116497999529301,,0.0037655919039774064,,0.021181454459872913,0.06401506236761591,,,4249.0
34618000,,,,0.044107013738250184,0.2762111352133044,,,0.23644251626898047,0.1836587129428778,0.01735357917570499,0.010845986984815618,0.0021691973969631237,,,,0.08459869848156182,0.03109182935647144,,,1383.0
34626000,0.017059301380991064,0.0008123476848090983,,0.03635255889520715,0.16043866774979693,0.054833468724614136,0.005483346872461413,0.09382615759545085,0.1492688870836718,0.013403736799350122,0.004264825345247766,0.3361088545897644,,,,0.015434606011372868,0.05239642567018684,0.03168155970755483,0.023761169780666124,4924.0
34628000,,,,0.04310344827586207,0.30603448275862066,0.08405172413793104,,0.25862068965517243,,0.01939655172413793,0.021551724137931036,,,,,,,,,464.0
34630000,,,,0.06736429038587312,0.2328319162851537,0.07259646827992151,0.005886200130804447,0.2544146500981033,0.210595160235448,,0.013080444735120994,,,,,0.04643557880967953,0.032701111837802485,,,1529.0
34632000,,,,0.06841046277665996,0.27364185110663986,0.10261569416498995,,0.25553319919517103,0.15492957746478872,,,,,,,0.04426559356136821,,,,497.0
34640000,,,,0.037138927097661624,0.21801925722145804,0.04332874828060523,0.0068775790921595595,0.14718019257221457,0.13411279229711143,,0.01925722145804677,,,0.006189821182943604,,0.0515818431911967,0.028198074277854195,0.06671251719394773,0.011691884456671253,1454.0
34642000,0.010309278350515464,0.017338331771321464,,0.02999062792877226,0.17619493908153702,0.042642924086223055,0.005154639175257732,0.13823805060918462,0.20290534208059982,0.019681349578256794,,0.2661668228678538,,,,,0.035145267104029994,,0.016869728209934397,2134.0
34644000,,0.003599712023038157,,0.03095752339812815,0.14974802015838734,0.054715622750179986,,0.10511159107271419,0.21166306695464362,0.011519078473722102,,,,,0.06335493160547156,,0.010079193664506839,,0.01655867530597552,1389.0
34646000,,,,0.0410958904109589,0.3304794520547945,0.08732876712328767,0.009417808219178082,0.21147260273972604,0.11301369863013698,,0.0136986301369863,,,,,0.04452054794520548,0.04708904109589041,,,1168.0
34648000,,,,,0.3711340206185567,0.05743740795287187,,0.0662739322533137,,0.048600883652430045,,,,,,,,,,679.0
34701000,0.025798104501808205,0.007170470133433096,0.0212152388078314,0.02810512532734755,0.14585671530115973,0.05027123082678638,0.03851789499937648,0.15711123581493952,0.127930539967577,0.00968013468013468,0.03424678887641851,0.1806802593839631,,0.003616411023818431,0.0030240678388826535,0.023116972191046265,0.0763343309639606,0.051237685496944754,0.014185060481356778,64152.0
34705000,0.01367299942429476,0.020149683362118594,,0.009355210132412205,0.1141335636154289,0.060736902705814624,0.002446747265400115,0.0994530800230282,0.08347725964306275,0.00489349453080023,0.00791594703511802,0.20869314910765688,,0.0028785261945883708,0.0014392630972941854,0.01180195739781232,0.027777777777777776,0.3065630397236615,0.020437535981577434,6948.0
34706000,,,0.02925925925925926,,0.08777777777777777,0.1574074074074074,0.001851851851851852,0.04962962962962963,,0.007962962962962963,,0.49092592592592593,,,,0.010925925925925926,0.02259259259259259,0.02,,5400.0
34708000,,0.004076378459558035,,0.013087320317528427,0.12207680755202746,0.05599656726024458,0.007723664449688908,0.12336408496030894,0.10684402488736322,0.00815275691911607,0.006650933276121004,0.36966316241149966,,,,0.031752842737609956,0.040120145891439606,0.08903668740613602,,4661.0
34714000,,,,0.01948441247002398,0.17296163069544365,0.06294964028776978,0.0035971223021582736,0.12919664268585132,0.12140287769784172,0.011990407673860911,0.006294964028776978,0.15047961630695444,,,,0.022182254196642687,0.03776978417266187,0.15827338129496402,,3336.0
34730000,,0.014338059582603155,,0.013700812490043015,0.20232595188784452,0.0750358451489565,0.017524295045403857,0.13238808347936912,0.15978970845945514,,0.008443523976421858,0.16472837342679625,,0.005735223833041262,0.014019436036323085,0.012426318304922733,0.05607774414529234,0.0745579098295364,,6277.0
35604000,0.005489742848887605,0.13030915920254263,0.012616777424636424,0.026870846576134064,0.2839256476933449,,0.0029856496195704517,0.09303669459693731,0.1638254839641722,0.01444669170759896,,0.09794856977752095,,0.0009631127805065973,0.008090147356255418,0.037368775883655975,0.02484830973707021,,0.05220071270345757,10383.0
35607000,0.009609224855861628,,,0.017616912235746317,0.2930813581037796,0.0411595131326073,0.003683536194746957,0.10249839846252402,0.17905188981422165,0.0006406149903907751,0.003042921204356182,,,,0.005445227418321589,0.042120435618193466,0.15871236386931453,0.014894298526585522,,6244.0
35611000,,,0.03101145038167939,0.03244274809160305,0.4949904580152672,,,0.08015267175572519,0.01359732824427481,,,,,,,0.03315839694656489,0.04961832061068702,,,4192.0
35616000,,0.15965376292377975,0.008415484491464294,,0.3255590286126473,,0.0036066362106275548,0.1370521760038471,0.19139216157730224,,,,,,,,0.044241404183698006,,,4159.0
35620000,0.007066111702642532,0.19039783176846384,0.0017423289129803504,0.02013357854999516,0.203852482818701,0.03823444003484658,0.002129513115864873,0.0759848998160875,0.1424837866615042,0.003194269673797309,,0.1041525505759365,,,0.010744361630045494,0.020714354854321944,0.0762752879682509,0.07404897880166489,0.026231729745426386,10331.0
35623000,,0.1767537826685007,,,0.5405777166437414,,,0.027510316368638238,,,,,,,,,0.019944979367262722,,,1454.0
35627000,0.023818181818181818,0.052,0.03654545454545455,0.027090909090909093,0.2901818181818182,0.05909090909090909,0.0023636363636363638,0.1409090909090909,0.13927272727272727,,,,,,0.021636363636363638,0.015818181818181818,0.04109090909090909,,0.060181818181818184,5500.0
35631000,,0.13501038541426263,0.04984998846065082,0.02446342026309716,0.30994691899376875,,0.005308100623124856,0.14631894761135472,0.1555504269559197,,,0.027925225017309024,,,,0.021232402492499424,0.03877221324717286,,,4333.0
35635000,,0.21815068493150686,,0.03356164383561644,0.3071917808219178,,,0.16643835616438357,0.1410958904109589,,0.004452054794520548,,,,0.007876712328767124,0.01643835616438356,0.015753424657534248,,,2920.0
35639000,0.004810776138550353,0.11321359846055164,0.005452212957023733,,0.29698524695317513,,0.0022450288646568314,0.16869788325849905,0.15266196279666452,,,,,,0.006414368184733804,0.010262989095574085,0.023733162283515075,,0.055163566388710714,3118.0
35643000,0.0032035485460818135,0.022671266633809757,0.0034499753573188764,0.05741744701823558,0.5029571217348447,,,0.03548546081813701,,0.013553474618038443,,,0.024149827501232134,,0.018482010842779693,0.014785608674223755,0.05470675209462789,0.0527353376047314,0.07663873829472646,4058.0
35647000,0.0037174721189591076,0.040391764369459536,0.0010008578781812983,0.035887903917643696,0.3331426937374893,0.04653989133543037,,0.05104375178724621,0.17407778095510437,0.005862167572204747,,0.05154418072633686,,0.00021446954532456392,0.006791535601944524,0.006362596511295396,0.040892193308550186,0.10959393766085215,0.09143551615670575,13988.0
35652000,0.008043875685557587,,,0.029250457038391225,0.40621572212065815,,,0.18062157221206582,0.17550274223034734,,0.003656307129798903,,,,,,0.033272394881170016,0.016819012797074956,,2735.0
35656000,0.02600915522263837,,0.005409904286308781,0.015397419891801914,0.21702039117769456,,0.004577611319184353,0.09841864336246359,0.09134415314190596,0.035164377861007075,0.0024968789013732834,,0.06658343736995423,,,0.007282563462338743,0.34769038701622973,0.014773200166458594,,4806.0
35701000,0.05296542411428165,0.006911623609679827,0.056909846842685054,0.02196972389040901,0.16332042215983797,0.043317579332646315,0.03610390533385452,0.148093529014605,0.13687324544259266,0.003953306563377279,0.025070182296293663,0.045574073416012224,0.0008439643225187449,0.0034380441348921503,0.014818236736434384,0.023808677730002486,0.10279485448278312,0.10541558580007818,0.007800007107067979,112564.0
35703000,,,,0.048998030812000465,0.15197497972894705,,0.0034750376462411676,0.06880574539557512,0.32271516274759643,0.05571643692806672,,,,,0.022240240935943473,0.008455924939186841,0.05710645198656319,,,8633.0
35706000,0.03549102641661625,,,0.009074410163339383,0.14640048396854205,,0.0024198427102238356,0.06735228876789676,0.06311756402500504,,,,,,,,0.032667876588021776,,,4959.0
35709000,0.029408729749251884,,0.0056753688989784334,,0.10587142709730678,0.07491486946651532,0.014755959137343927,0.08440821380662471,0.17965122278402643,,0.0030956557630791456,0.19874109998968115,,,0.0163037870188835,0.0037147869156949746,0.04953049220926633,,0.02301104117222165,9691.0
35712000,0.011637704054765666,0.004581358609794629,0.02022116903633491,0.024960505529225907,0.18009478672985782,0.06392838335966299,0.009689310163243812,0.13707214323328068,0.3193786203264876,,0.006529752501316482,0.04049499736703528,,0.001579778830963665,0.014375987361769352,0.011058451816745656,0.06176935229067931,0.05376513954713007,,18990.0
35715000,0.04484407011154109,,0.021716366947416344,0.01921238333712725,0.16608240382426587,,0.008513544274982927,0.08718415661279308,0.1440018210789893,0.007102208058274528,,0.2098793535169588,,,0.02613248349647166,0.009697245618028682,0.044388800364215796,0.13817436831322558,,21965.0
35718000,0.04253683536194747,,0.010249839846252402,,0.0763613068545804,,0.008456117873158232,0.12325432415118513,0.1033952594490711,,0.007559256886611147,0.414862267777066,,,0.007046764894298526,0.012812299807815503,0.028187059577194105,0.016271620755925687,,7805.0
35721000,,,0.0069084628670120895,0.00757273814268633,0.0996412913511359,,0.0031885213232363493,0.1068154643284177,0.4195562641158496,,,0.0596519197555467,,,0.021655373986980204,0.019795403215092336,0.046897834462601304,,0.05819051414906337,7527.0
35723000,,,0.013489027582041473,0.03402456210992551,0.17153211193879606,,0.0036239178578618887,0.10469096033823233,0.16408294745319107,0.021542178377290114,0.0042279041675055366,0.06341856251258304,,,,,0.06019730219448359,0.020535534527884036,,4967.0
35726000,0.02074391988555079,,0.030978320677891493,0.022339606030593154,0.13568834598877516,0.04880598657422692,0.010179377132166831,0.17882689556509299,0.12925057774843182,0.011224826675470452,0.006107626279300099,0.08495653130846263,,,0.018873115439639043,0.020358754264333662,0.16672169032684053,0.07373170463299218,,18174.0
35729000,0.007864984433884975,,0.018777650335900377,0.038440111420612814,0.18869408487629036,,0.0064558413894805836,0.07776503359003768,0.28572833032934625,0.11502539734556776,0.0030476814681304277,0.03821071604129117,,,0.03303293462231689,0.03254137309519908,0.04509257742094052,0.03391774537112895,,30515.0
36602000,0.016713091922005572,,,0.0403899721448468,0.20612813370473537,0.0807799442896936,,0.12534818941504178,0.2681058495821727,,0.013231197771587743,,,,0.06128133704735376,,0.0403899721448468,0.06197771587743733,,1436.0
36604000,0.02447223342745731,0.09681323114158935,0.018690332123167945,0.011832728250638698,0.1398413338711846,0.03307785397337636,0.004437273093989512,0.063735377168213,0.12827753126260588,0.0022858679575097486,0.004437273093989512,0.17130563399220117,,,,0.03200215140513648,0.04975124378109453,0.13486620949307515,0.024875621890547265,7437.0
36606000,0.0056595559425337396,,,0.026556377884196777,0.19808445798868088,0.023944275141488898,,0.10622551153678711,0.1654331737048324,,,,,,,0.007400957771005659,0.04092294296909012,0.053983456682629515,,2297.0
36608000,0.0356071964017991,0.12818590704647675,,,0.20164917541229385,0.04572713643178411,0.010869565217391304,0.11544227886056972,0.18328335832083958,,0.010494752623688156,,,,0.005622188905547227,0.034857571214392806,0.04460269865067466,0.05772113943028486,,2668.0
36610000,,,,0.027008310249307478,0.19286703601108032,0.03150969529085872,0.0031163434903047093,0.0997229916897507,0.13434903047091412,,0.012119113573407203,0.07929362880886427,0.054016620498614956,,0.003808864265927978,0.036357340720221606,0.12950138504155126,0.12430747922437674,0.02943213296398892,2888.0
36612000,0.01667344448962993,,,0.04514030093533957,0.26880845872305814,0.061000406669377796,0.005286701911346075,0.1886945912972753,0.20780805205368036,,0.008946726311508743,,,,0.010980073200488003,0.01870679137860919,0.04392029280195201,0.06994713298088653,0.015860105734038225,2459.0
36614000,0.011157903877045978,0.004385012807710676,0.05822081361524769,0.015716580558329352,0.14956801111448792,,0.0024747101984109753,0.06994312508140495,0.05240307385056224,0.003560109408240351,0.008162202057916903,0.25359267138453523,,,0.017105891546910956,0.004385012807710676,0.14188338470889594,0.171666739026614,0.012026223244909477,23033.0
36615000,,,,0.015957446808510637,0.1950354609929078,,,0.2828014184397163,0.24556737588652483,,,,0.0726950354609929,,,,0.03368794326241135,0.05851063829787234,,1128.0
36616000,,,,0.03855421686746988,0.236144578313253,0.051807228915662654,0.007228915662650603,0.1427710843373494,0.2548192771084337,,,,,,,0.02710843373493976,0.03433734939759036,0.04397590361445783,,1660.0
36617000,0.008390541571319604,,,0.02593440122044241,0.28527841342486654,0.06102212051868802,,0.13119755911517925,0.2349351639969489,,0.02364607170099161,,,,,0.07093821510297482,0.02440884820747521,0.04576659038901602,,1311.0
36618000,0.01069078947368421,0.07867324561403509,,,0.24259868421052633,0.08360745614035088,,0.026041666666666668,,,0.008223684210526315,0.265625,0.08717105263157894,,,0.012609649122807017,0.017543859649122806,0.10855263157894737,0.00356359649122807,3648.0
36620000,0.01951451689671585,0.14707282246549264,,0.029668411867364748,0.205140409328891,0.04125019831826115,0.00475963826749167,0.09773123909249563,0.16722195779787402,,0.008567348881485007,,0.01285102332222751,,0.007774075836903062,0.015548151673806123,0.035062668570521975,0.12295732191020149,,6303.0
36622000,0.009587727708533078,0.10546500479386385,,,0.18791946308724833,0.06567593480345159,0.00862895493767977,0.14381591562799617,0.22195589645254074,,0.026366251198465963,,,,,0.010546500479386385,0.024928092042186004,0.11697027804410355,,2086.0
36624000,0.033404190707561496,0.08017005769814758,,,0.18220467658669906,0.04949893713938658,0.0072881870634679624,0.08928029152748254,0.1548739750986942,,0.005769814758578804,0.11387792286668691,0.12663225022775584,,,0.013058001822046765,0.033707865168539325,0.03765563316125114,0.023079259034315215,3293.0
36626000,0.017107942973523423,0.11038696537678208,,0.021588594704684317,0.20936863543788187,0.04969450101832994,0.003258655804480652,0.10835030549898167,0.19714867617107942,,0.009775967413441956,,,,0.06435845213849287,0.021181262729124236,0.020366598778004074,0.11568228105906314,,2455.0
36628000,0.033715220949263505,0.028477905073649754,0.10245499181669394,0.018439716312056736,0.14871794871794872,0.04375340971085652,0.003927986906710311,0.12067648663393345,0.1286415711947627,0.0019639934533551553,0.004691762138570649,0.07735951991271141,0.024004364429896344,,,0.003600654664484452,0.17905073649754502,0.04888161483906165,0.02269503546099291,9165.0
36630000,0.06966395580788706,0.019640939082399878,,0.00951357986803744,0.12183520024551174,0.04541967162804972,0.004143010587693724,0.09053245358293693,0.10725794077029308,,0.01273592143624367,0.19165260088998004,0.14316403253030535,,0.010894583397268683,0.0322234156820623,0.030842412152831056,0.05554703084241215,0.024704618689581095,6517.0
36632000,,,,,0.17361668003207698,0.04570970328789094,0.0056134723336006415,0.11226944667201283,0.25060144346431434,,,,0.05172413793103448,,0.037289494787489975,0.03608660785886127,0.02285485164394547,0.0545308740978348,,2494.0
36634000,,,,0.03328509406657019,0.36227689339122043,,,0.056439942112879886,0.1297636275928606,,,,0.03135552339604438,,,,0.013024602026049204,,,2073.0
36636000,0.03219575016097875,0.1703155183515776,,0.022537025112685124,0.2189311010946555,0.049581455247907275,0.0035415325177076628,0.11461687057308435,0.2578879587894398,,,,,,,0.009658725048293626,0.04410817772054089,0.02865421764327109,0.04249839021249195,3106.0
36638000,0.028717948717948718,0.04974358974358974,,0.012512820512820513,0.12482051282051282,0.04041025641025641,0.004205128205128205,0.07292307692307692,0.18635897435897436,,0.006358974358974359,0.008923076923076922,0.29620512820512823,0.006564102564102564,0.009846153846153846,0.00676923076923077,0.030153846153846153,0.08923076923076922,0.025435897435897435,9750.0
36640000,0.00997192370994288,0.07580598315422597,0.11733952948010457,0.013747700648659116,0.15538774324716817,0.027979475263820313,,0.03640236228095653,0.0896504985961855,0.012585923129054119,,0.12595604608384162,,,0.008519701810436636,,0.20834543518249588,0.10581856907735503,0.003872591732016652,10329.0
36642000,0.017723880597014924,0.14427860696517414,0.005286069651741294,,0.19247512437810946,0.0021766169154228856,,0.11225124378109452,0.14894278606965175,0.024564676616915422,0.0236318407960199,,,,0.040733830845771146,,0.02394278606965174,0.13961442786069653,,3216.0
36644000,0.025688930406352173,0.09528257823446988,,0.02148528724894909,0.21952358710882766,0.03269500233535731,0.005137786081270434,0.13591779542269966,0.22559551611396544,,0.02382064455861747,,,,,0.008407286314806165,0.018682858477347034,0.10742643624474545,0.01914992993928071,2141.0
36646000,0.010956175298804782,,,,0.20717131474103587,0.055278884462151394,,0.14790836653386455,0.20069721115537847,,0.00846613545816733,,,,0.013944223107569721,0.01195219123505976,0.02888446215139442,0.09860557768924302,0.01444223107569721,2008.0
36648000,0.007956240676280457,0.030333167578319244,,0.02486325211337643,0.21979114868224764,0.05668821481849826,,0.14221780208851317,0.23421183490800596,,,,,,,0.0174042764793635,0.02734957732471407,0.08652411735454997,0.011934361014420686,2011.0
36650000,,0.036197763390229544,0.24896998234255444,0.026486168334314303,0.1524426133019423,0.023543260741612712,0.003237198351971748,0.09947027663331372,0.279576221306651,,,,,,0.034137728075338436,0.011477339611536198,0.028546203649205414,0.039729252501471454,,3398.0
36701000,0.03142418244301692,0.0031299712200512455,0.02010042623468409,0.015652891959829506,0.10999829991863896,0.03460272741624063,0.057590256105113605,0.09277283269985064,0.11168016612223584,0.010746942889409708,0.04122090128599012,0.1923672418608605,0.019635939719972312,0.004869518755540443,0.010230846761952178,0.05212874473278364,0.09212619461074209,0.08848619898237987,0.01123268042113444,329396.0
36704000,0.036096134515215206,,0.01562642785342228,0.028237229278991135,0.1345152152060678,0.1430137987754729,0.004203600475189619,0.06296262450881843,0.11048158640226628,0.008315818331353376,0.005117426665448232,0.3249565932559627,,,0.0005482957141551677,0.0021018002375948093,0.042492917847025496,0.010234853330896463,,10943.0
36708000,0.020333057318980587,0.008096421013892723,0.06854356426534179,0.01278866501058055,0.1554880853804398,,0.006164320544668323,0.07617996135799061,0.10709356886558101,,0.005060263133682952,0.046738430398380715,,0.002668138743214647,0.01564081332229276,0.025209310884165975,0.09991719569417609,0.2863188885822063,,10869.0
36713000,0.022207000973358808,,0.12329211579364793,0.018421716716536286,0.09156782868884963,0.03518511842532175,0.004109737193121598,0.05010995349507913,0.08825119867334799,0.014167778218392876,0.02646093947150222,0.3352680341757093,,0.003929485561844335,0.011824507011788457,0.04095317062619417,0.04030426475359602,0.06723385846641912,,27739.0
36718000,0.0129002533978346,,,0.023727251785302925,0.1326883206634416,0.025109421792213777,0.0027643400138217,0.06219765031098825,0.10389311218613223,,,,,,,0.006910850034554251,0.023727251785302925,0.5054134991937341,,4341.0
36724000,0.039019123997532386,,,0.013726095003084516,0.09785626156693399,0.040484268969771746,0.00431832202344232,0.04827267119062307,0.07387415175817397,,0.011104256631708822,0.1863047501542258,0.34855027760641577,0.0030845157310302285,0.02513880320789636,0.022671190623072178,0.03192473781616286,0.0330814312152992,0.018661320172732882,12968.0
36727000,,0.019392608854738383,,0.029820709842663738,0.1522136845956824,0.057446030003658985,0.005305525064032199,0.11928283937065495,0.21020856201975852,,0.011708744968898645,0.01664837175265276,0.08251006220270765,0.0021953896816684962,0.013721185510428101,0.010062202707647273,0.05360409806073912,0.1840468349798756,0.018111964873765093,5466.0
36735000,,,0.03270886075949367,0.01782278481012658,0.1319746835443038,0.03939240506329114,0.01081012658227848,0.08718987341772153,0.12969620253164557,0.01091139240506329,0.01410126582278481,0.3324050632911392,,0.002531645569620253,0.014911392405063291,0.005949367088607595,0.054253164556962025,0.07270886075949368,,39500.0
36740000,0.010015651600856719,,0.019056510516777418,0.011718106430885826,0.1162474600472294,0.0215895985501675,0.02294195178208578,0.057670657367235985,0.101337250810039,0.012905705969575484,0.019900873194574113,0.42898429348124556,,0.0020731506397935087,0.005024987643473008,0.025852600362458126,0.09313388983469713,0.041215882256027236,,145672.0
36750000,0.026113556666417966,,,0.020592404685518168,0.12653883458927107,0.08274266955159293,0.004327389390434977,0.07990748339923898,0.12504663135119004,0.0028351861523539506,0.004103558904722823,0.3526076251585466,,,0.009102439752294262,0.005297321495187644,0.04939192718048198,0.08468253376109826,0.015145862866522421,13403.0
37502000,0.0708502024291498,,,,0.3491902834008097,0.06781376518218624,,0.18218623481781376,0.18724696356275303,,,,,,0.019230769230769232,,0.022267206477732792,,,988.0
37504000,0.09658762290341237,,0.0821283979178716,,0.23828802776171198,0.07807981492192019,,0.20589936379410065,0.15789473684210525,,,,,,0.019664545980335454,,0.03412377096587623,,,1729.0
37509000,0.09895337773549001,,,,0.2940057088487155,0.05137963843958135,,0.17221693625118933,0.24262607040913417,,,,,,,,0.049476688867745006,,,1051.0
37510000,0.033521210323346186,0.020765351527736578,,0.024621773954316226,0.3144467517057253,0.03292791456541086,0.002373183031741323,0.12815188371403144,0.17146247404331058,,0.0071195490952239695,0.10649658854939187,,,0.01661228122218926,0.016908929101156926,0.04776030851379413,0.07119549095223969,,3371.0
37514000,0.04024444775674467,0.08078700253390968,0.01565061857206737,,0.282903562378894,0.015203458041436876,0.004322551796094798,0.14786108212848412,0.1393650320465047,0.0034282307348338053,0.005664033387986287,0.16202116559844984,,,0.00655835444924728,0.02325234759278581,0.0323446117156059,,,6709.0
37516000,0.043144520910534674,0.1413446267866596,,0.0277924827951297,0.2744838538909476,0.0614081524616199,0.007411328745367919,0.14266807834833245,0.183430386447856,,,0.004235044997353097,,,0.008470089994706194,0.015087347803070408,0.047114875595553204,,,3778.0
37518000,0.046103896103896105,0.005844155844155844,,0.045454545454545456,0.3181818181818182,0.09480519480519481,,0.17987012987012987,0.1538961038961039,,,,,,0.014935064935064935,,0.048701298701298704,,0.008441558441558441,1540.0
37520000,0.035803497085761866,,0.09866777685262282,,0.26186511240632804,0.07285595337218984,,0.15736885928393005,0.12323064113238967,,0.010407993338884263,,,,,0.01623646960865945,0.04121565362198168,,,2402.0
37522000,0.04340425531914894,0.09276595744680852,0.014893617021276596,,0.2348936170212766,0.059574468085106386,,0.12340425531914893,0.19659574468085106,,0.005957446808510639,,,,0.012340425531914894,0.01148936170212766,0.03702127659574468,0.07446808510638298,,2350.0
37524000,0.029571984435797664,0.007782101167315175,,0.08326848249027237,0.309727626459144,0.08949416342412451,,0.15797665369649805,0.16964980544747083,,,,,,,0.031906614785992216,0.030350194552529183,,,1285.0
37526000,0.01637107776261937,,,,0.22737608003638018,0.06093678944974989,0.0050022737608003635,0.21145975443383355,0.1869031377899045,,0.010459299681673489,,,,,,0.0723055934515689,0.15688949522510232,,2199.0
37528000,0.10450038138825324,,,,0.28756674294431733,0.04881769641495042,,0.15331807780320367,0.21662852784134248,,,,,,,,0.03966437833714721,,,1311.0
37532000,0.04979811574697174,0.17631224764468373,,,0.23755047106325708,0.04845222072678331,,0.1655450874831763,0.17362045760430686,,,,,,0.03230148048452221,,0.026917900403768506,,,1486.0
37534000,0.013681592039800995,0.0845771144278607,,0.049129353233830844,0.31467661691542287,0.09266169154228855,,0.17412935323383086,0.16106965174129353,,,,,,,,0.03296019900497513,,,1608.0
37536000,0.05597579425113464,,,,0.28290468986384265,0.09682299546142209,,0.20726172465960666,0.1664145234493192,,,,,,0.025718608169440244,,0.018154311649016642,,,661.0
37538000,0.1375432525951557,0.1513840830449827,,,0.29498269896193774,0.032439446366782004,,0.10077854671280277,,,,,,,0.019896193771626297,,,,,2312.0
37540000,0.14357682619647355,0.040806045340050376,,0.03324937027707808,0.1924433249370277,0.07355163727959697,,0.15365239294710328,0.12795969773299748,,,,,,0.015113350125944584,0.02065491183879093,0.034760705289672546,,,1985.0
37542000,0.058706184098033624,,0.002849814762040467,,0.18922770019948704,0.09233399829011114,0.007124536905101168,0.14990025648332858,0.13337133086349387,,0.004274722143060701,0.051581647192932456,,,0.009119407238529496,,0.05471644343117697,0.18124821886577372,,3509.0
37544000,0.02540786306499064,0.05990906659534635,0.005883926183471516,,0.22679860925381118,0.03771061781224926,,0.20540251404118748,0.12222519390211287,,0.008290986894891682,0.13051618079700456,,,0.02246589997325488,0.008023535704733886,0.030756886868146562,0.055897298742979405,,3739.0
37546000,0.018751749230338653,0.05765463196193675,0.017352364959417856,,0.20235096557514692,0.02406940945983767,,0.17380352644836272,0.11642877134061014,,0.009235936188077247,0.09403862300587741,,,0.009795689896445563,0.01343408900083963,0.030226700251889168,0.1950741673663588,,3573.0
37606000,0.062066447608616286,0.01533406352683461,0.03431909456005842,0.03322380430814166,0.21139101861993428,0.056955093099671415,0.0036509675063891934,0.140197152245345,0.10295728368017525,,,0.11025921869295363,,,0.004381161007667032,0.013873676524278934,0.04235122307411464,0.15845198977729097,,2739.0
37608000,0.06441092539747248,,0.07480635955972278,0.014064410925397473,0.19078679168365267,0.04300856094578068,0.0038728088055442317,0.10762331838565023,0.15022421524663676,0.008968609865470852,,0.10517733387688545,,,0.006318793314309009,,0.03852425601304525,0.08214431308601712,0.0110069302894415,4906.0
37612000,0.02891566265060241,0.02469879518072289,,0.02108433734939759,0.23132530120481928,0.03313253012048193,0.002710843373493976,0.13042168674698795,0.14487951807228916,,,0.22710843373493975,,,0.0051204819277108436,0.006024096385542169,0.04879518072289157,0.02078313253012048,0.016265060240963854,3320.0
37630000,0.04169769173492182,0.06924795234549516,,,0.31347728965003724,0.08190618019359643,,0.19657483246463142,0.13998510796723754,,,,,,0.00967982129560685,0.018615040953090096,0.0387192851824274,,,1343.0
37701000,0.01915143092890954,0.004288444000521127,0.008642028922569158,0.01485213010813393,0.1147348764493855,0.03914969383766882,0.01699092369826725,0.12332262127068225,0.12674251965084465,0.00656837625396274,0.030659660398662438,0.3217635818821384,,0.0019216571850436445,0.005786685195639901,0.02377643635731967,0.06835454032223043,0.06017935467060408,0.012431059191384028,92108.0
37705000,0.010792220113851992,0.004091555977229601,0.005040322580645161,0.014943074003795066,0.170303605313093,0.05799335863377609,0.00954696394686907,0.07851043643263757,0.15103178368121442,0.004981024667931689,0.013223434535104365,0.33497390891840606,,0.0004743833017077799,0.004684535104364326,0.004684535104364326,0.053842504743833015,0.06931925996204934,0.01144449715370019,16864.0
38602000,0.00827266710787558,0.30244870946393115,,0.01654533421575116,0.21906022501654535,,0.004632693580410324,0.08868299139642621,0.157180675049636,0.008603573792190603,,0.11151555261416281,,,,,0.022170747849106553,,,3022.0
38603000,0.0054894784995425435,0.3202195791399817,,0.029734675205855442,0.21637694419030193,0.024702653247941447,0.0036596523330283625,0.09835315645013723,0.12031107044830741,0.01463860933211345,,0.12076852698993595,,,,,,0.022872827081427266,,2186.0
38604000,0.008743169398907104,0.23224043715846995,,0.021311475409836064,0.2773224043715847,0.02185792349726776,0.004644808743169399,0.1051912568306011,0.13387978142076504,0.004644808743169399,0.006557377049180328,0.1284153005464481,,,,,0.025683060109289616,,0.007377049180327869,3660.0
38606000,0.009932279909706547,0.27313769751693,,0.011738148984198645,0.12347629796839729,0.014221218961625282,0.002934537246049661,0.06523702031602709,0.05891647855530474,0.006772009029345372,,0.32528216704288937,,,,,0.02347629796839729,0.05349887133182844,,4430.0
38608000,0.00984009840098401,0.3726937269372694,,0.01886018860188602,0.24764247642476425,0.01845018450184502,0.004100041000410004,0.12013120131201312,0.07339073390733908,0.006970069700697007,0.004510045100451004,,,,,0.02870028700287003,0.026650266502665027,0.043870438704387046,0.016400164001640016,2439.0
38610000,,0.4178917735376916,,0.021895527056615578,0.16984673131060368,0.0178292148889584,,0.030340944635595873,0.059430716296528,,,0.14857679074132,,,,,0.06474820143884892,0.04128870816390366,,3197.0
38612000,0.0057379662097545425,0.16544469238125598,,0.03251514185527574,0.2327064073956009,0.01944532993305706,0.004462862607586867,0.10360216767612368,0.09148868345553077,0.010519604717883328,,0.19381574752948677,,,,0.023589416640102008,0.03315269365635958,0.06503028371055149,0.007969397513547976,3137.0
38614000,0.027890466531440162,0.15086206896551724,0.007606490872210953,0.01293103448275862,0.1533975659229209,0.02535496957403651,,0.0829107505070994,0.0603448275862069,0.006085192697768763,0.005070993914807302,0.3504056795131846,,,,0.009634888438133874,0.019016227180527385,0.07327586206896551,0.010649087221095335,3944.0
38616000,0.027559055118110236,,,0.02099737532808399,0.11854768153980752,0.012248468941382326,0.003937007874015748,0.09230096237970253,0.06605424321959755,0.010061242344706912,,,,,,,0.01399825021872266,0.04286964129483815,,2286.0
38618000,0.017538161740824943,0.24033777200389736,,0.02013640792465086,0.23091912958752842,0.016239038648911984,0.004871711594673595,0.07924650860669048,0.09873335498538487,0.01136732705423839,0.007469957778499512,,,,,0.018837284832737902,0.025008119519324457,0.015914257875933743,0.005196492367651835,3079.0
38620000,0.007700157714073661,0.2179237406067353,,0.011596623063363948,0.14045829854346414,0.004916968178866314,,0.06429167826328973,0.2559606642545691,0.011967715001391595,,0.05195287132387049,,,,0.019482326746451433,0.09416457927451526,0.0951850821040913,0.021245013452082753,10779.0
38621000,0.015143603133159269,0.10182767624020887,,0.027154046997389034,0.30913838120104437,0.018276762402088774,,0.10757180156657964,,0.01671018276762402,,,,,,0.045953002610966055,0.04386422976501306,,0.025065274151436032,1915.0
38622000,0.0036855036855036856,0.2493857493857494,,,0.5503685503685504,,,0.04176904176904177,,0.030712530712530713,,,,,,,,,,814.0
38623000,0.024685816876122084,0.30565529622980253,,,0.2289048473967684,0.02064631956912029,,0.13824057450628366,0.08662477558348294,0.00763016157989228,,,,,,0.02154398563734291,0.013016157989228007,0.026032315978456014,,2228.0
38624000,0.047153536515238646,0.23116733755031627,,0.017538815411155838,0.20759056929269695,0.01897642323174238,0.0037377803335250145,0.07331799884991375,0.06612995974698102,0.014951121334100058,,0.08683151236342726,,,,0.016101207590569294,0.017251293847038527,,,3478.0
38626000,0.007744433688286544,0.21418199419167475,,0.030977734753146177,0.2850919651500484,0.023233301064859633,0.007502420135527589,0.09583736689254599,0.11786060019361085,,,,,,,0.01718296224588577,0.04816069699903194,0.08857696030977735,0.009922555663117135,4132.0
38628000,0.009191814082552896,,,0.00711064862989941,0.12261533125216788,0.00711064862989941,,0.05497745404092959,0.05064169268123483,0.0060700659035726676,,,,,,,0.019424210891432536,,,5766.0
38630000,0.027901077996195307,0.10843373493975904,,0.039315155358275206,0.2714013950538998,0.025364616360177554,0.006975269499048827,0.1553582752060875,0.17628408370323398,0.012682308180088777,,,,,,0.029169308814204185,0.03424223208623969,0.06594800253646163,,1577.0
38632000,0.014026139623844438,0.3532036978004463,,0.035384124960153016,0.17277653809372012,0.020720433535224736,0.003825310806503028,0.09499521836149187,0.07554988842843481,0.003825310806503028,,,,,,0.011475932419509085,0.020401657634682817,0.07491233662735097,,3137.0
38634000,0.021780664883454336,0.13393198318685517,0.01757737867787543,0.020634314100114636,0.29996178830722203,0.025601834161253344,0.00554069545280856,0.11043179212839128,0.10546427206725258,0.015093618647306076,0.0022927015666794038,0.12094000764233856,,,,0.014520443255636225,0.04012227741688957,0.04165074512800917,0.02254489873901414,5234.0
38636000,0.006974716652136007,0.16477768090671316,0.16419645451903517,0.04097646033129904,0.2040104620749782,0.03458297006684104,0.004359197907585004,0.07759372275501308,0.0964835803545481,0.009009009009009009,0.005812263876780006,,,,,0.00929962220284801,0.02063353676256902,0.06015693112467306,0.008718395815170008,3441.0
38638000,0.01788532351394003,0.17885323513940032,,0.03682272488164124,0.29563387690689114,0.026301946344029457,0.005786428195686481,0.1457127827459232,0.17096265123619148,,,,,,,0.02524986849026828,0.01788532351394003,0.07206733298264072,,1901.0
38640000,0.01122334455667789,0.17714178825289936,0.06958473625140292,0.023943135054246164,0.20632248410026188,0.03666292555181444,0.007295173961840628,0.12888140665918443,0.1122334455667789,0.0074822297044519264,,0.10437710437710437,,,,0.018518518518518517,0.021885521885521887,0.05574261129816686,0.015151515151515152,5346.0
38642000,0.03113941967445152,0.06086341118188252,,0.04175513092710545,0.3078556263269639,0.03255484784147204,0.006369426751592357,0.15498938428874734,0.16843595187544233,0.012738853503184714,,,,,,,0.03326256192498231,,0.01556970983722576,1413.0
38644000,0.02330264672036824,0.33429228998849253,,0.02531645569620253,0.238204833141542,0.014384349827387802,0.00431530494821634,0.10356731875719218,0.09148446490218642,0.01380897583429229,,,,,,,0.030782508630609898,0.04344073647871116,0.010069044879171462,3476.0
38646000,0.005909389363099146,0.26001313197636244,,,0.2862770847012475,0.040709126723571895,0.007222586999343401,0.13328956007879186,0.10242941562705186,0.011818778726198293,0.010505581089954037,,,,,,0.021667760998030205,0.036769533814839134,0.019041365725541694,1523.0
38648000,0.017490952955367914,0.15078407720144751,,,0.19662243667068757,0.025331724969843185,,0.12545235223160434,0.17913148371531967,,,,,,,,0.06272617611580217,0.12062726176115803,0.013268998793727383,1658.0
38650000,,0.3600283486888731,,,0.369950389794472,,,0.03401842664776754,0.11693834160170093,0.022678951098511695,,,,,,,0.023387668320340185,0.01700921332388377,,1411.0
38701000,0.009806069902487126,0.0036339067236404806,0.015065191190971841,0.02324604652861473,0.16461232241335233,0.050491216537014716,0.026806909901026257,0.12970673094481575,0.13037325152477997,0.006747379569774661,0.030084730287425587,0.20166356232423943,,0.0028395602790256018,0.007824769000401738,0.03853036777327344,0.10579416383623681,0.04131514553887732,0.011458675724042218,109524.0
38705000,0.026141548595149063,0.0014065662629935847,0.011972966482555148,0.012659096366942263,0.1156814985076675,0.024117465436207075,0.004699989708051734,0.042059761912930115,0.06247212597344677,0.01300216130913582,0.008782462520155066,0.2542454286596453,,0.0019211636762839206,,0.01811382894781982,0.04830354386085286,0.10161583587773165,0.01396274314727778,29149.0
38708000,0.021305020390943608,,0.5014765855716495,0.0040430319223737875,0.03969202643791309,0.22612853325833215,0.0021094079594993673,0.026613697089017015,0.04018422162846295,,0.0047110111095485865,0.03578962171283926,,0.0024961327520742513,,0.02893404584446632,0.020144846013218958,0.016453382084095063,0.011250175783996626,28444.0
38710000,0.014170602945262572,0.05557099194220617,,0.02389552653514865,0.21644901361489302,0.027229786051681023,0.007224228952486802,0.19560989163656572,0.144206724090025,0.008057793831619895,,0.05195887746596277,,,,0.019171992220061128,0.05140316754654071,0.12586829674909697,0.008335648791330925,3599.0
38715000,0.03100338218714769,,,0.02733934611048478,0.1355693348365276,0.03635851183765502,0.005636978579481398,0.1414881623449831,0.16770011273957158,0.004509582863585118,,0.262119503945885,,,,0.02790304396843292,0.060879368658399095,0.07130777903043968,0.019165727170236752,3548.0
40301000,0.022797527047913446,,0.003974387281960698,0.01010156767498344,0.19960256127180392,,,0.07750055199823361,0.06855818061382203,,,0.44860896445131376,,0.003311989401633915,,0.035824685361006844,0.00789357474056083,0.10670125855597262,,18116.0
40302000,0.0011272462038326371,,0.07545918705656124,0.01823486506199854,0.14674093229891916,,0.03938730853391685,0.05092500497314502,0.05563291558915191,0.013725880246667993,0.03985146873549499,0.10927657317154035,,0.0037795902128506067,0.04979775876931238,0.20058351568198396,0.1052980571580134,0.08268682448113521,,15081.0
40303000,0.027192370841861407,,0.006567553586289107,0.0936776050921032,0.053012752749600774,,0.04075481882998583,0.2027844627876116,0.02525809136096804,0.014911945300375611,0.028766784372821125,0.031848136569128,0.004543307617912328,0.007354760351768966,0.011313285801039113,0.058838082814151725,0.055329389802298644,0.1773239468298059,,44461.0
40304000,0.022474540559522416,,0.003043427367435327,0.01989933278707714,0.03596511764017324,,0.04544656443872176,0.02507901205665457,0.05299660540793632,0.003862811658667915,0.04401264192906473,0.06718951188107222,,0.00237036169963713,0.01135432517850872,0.07763666159428773,0.02853213156970619,0.4984197588669086,,34172.0
40305000,0.051225584067407126,,0.006941784756798162,0.018335886633473766,0.184076981999234,0.013500574492531597,0.005936422826503256,0.04691689008042895,0.01627728839525086,0.003303332056683263,0.03049597855227882,0.10211604749138262,,0.006319417847567982,0.0023937188816545384,0.08492914592110302,0.31056108770585983,0.11657410953657603,,20888.0
40306000,0.03810845431255337,0.007365499573014517,0.07498932536293766,0.0178800170794193,0.06116567036720751,,0.018200256191289496,0.029248505550811273,0.13604824935952178,0.012649444918872758,0.02962211784799317,0.18467122117847992,,0.0011742100768573867,0.011315115286080273,0.10263663535439795,0.15963919726729292,0.11395175064047823,,18736.0
40307000,0.013400853585723446,,0.021759801861966785,0.02080891621149466,0.26310784812365934,,0.0077839941620043785,0.03281661175117755,0.08571239026116186,0.0563897304349749,0.03717299484752659,0.16605117091616728,,0.00024324981756263683,0.00621392715773645,0.21337431724198935,0.04272351341191039,0.023307755246456292,,45221.0
40308000,0.009785550697480742,,0.04032202095912277,0.010340759247692415,0.11478936775626344,,0.004580470539246304,0.0025678395447289886,0.09639808453050178,0.20903601915469497,0.08043583871191616,0.16746477895759596,,0.0034006523700464988,0.005066278020681519,0.05753348601568464,0.09098480116593796,0.09730029842459574,,14409.0
40309000,0.012867219595380203,,0.020928610185256956,0.023486551430121697,0.08650492209906209,,0.00310053484226029,0.014960080613905899,0.09038059065188746,,0.008603984187272304,0.15533679559724053,,,0.07503294318269901,0.30532516859158204,0.05464692659483761,0.010076738237345942,,12901.0
40310000,,,,,0.24415941365093907,,,0.010994044892349977,,0.07191937700412276,,0.031149793861658268,,,,0.445716903344022,,,,2183.0
40311000,0.04605958166068033,,0.016796957532220578,0.01405028523135432,0.14293260088738644,,0.006338474540460596,0.07320938094231988,0.06961757870272554,,0.1861398690048595,0.15487006127192054,,0.0034861609972533275,0.028206211705049652,0.06444115782801606,0.11451510669765476,0.0042256496936403974,,9466.0
40312000,,,,0.05327102803738318,0.07757009345794393,,,0.1102803738317757,,,,0.37383177570093457,,,,,0.059813084112149535,,,1070.0
40313000,,,,0.014187808103883611,0.1930984730070939,,,0.003246362871227606,,,,0.2943369003246363,,,0.05374534086810148,0.0007214139713839125,0.28327521943008294,0.10977515931225201,,8317.0
40314000,0.009175323672776197,,0.06208782725688701,0.006374203224596925,0.09755398222281038,0.010366351264915415,0.015262798032598866,0.04208297492225237,0.19217450759831492,0.023379430512362426,0.08398950131233596,0.22111206687399368,,0.003374578177727784,0.006197754692428153,0.09634089856415007,0.11409603211363285,0.01457905997044487,,45339.0
40315000,0.011924342105263159,,0.15830592105263158,0.010573308270676691,0.07665648496240601,0.025875234962406016,0.0001468515037593985,0.03624295112781955,0.10094572368421052,0.032454182330827065,0.023907424812030075,0.17249177631578946,,,0.0329828477443609,0.23575540413533835,0.0776844454887218,,,34048.0
40316000,,,,0.002174208452235358,0.20858812338632968,,,0.006386737328441364,0.6953390406305204,,,,,,,,0.0019024323957059384,,,7359.0
40317000,,,,0.0034259611724400457,0.28149980966882376,,,,,,,0.20860296916634946,,,,,0.2360106585458698,0.07594213932242101,,5254.0
40318000,,,0.13998057052018018,,0.14678088845712267,,0.0009714739909917866,0.015102004769054137,0.03718095910977656,,,0.41711560540492804,,0.00017663163472577938,0.0036209485118784772,0.01121610880508699,0.14448467720568753,0.03673938002296211,,11323.0
40319000,,,0.006337470293108001,0.0052812252442566675,0.34050699762344866,,0.0011882756799577502,0.003036704515447584,0.12701346712437286,,0.003432796408766834,,,0.0027726432532347504,,,0.46831264853446,,,7574.0
40320000,,,,,0.050724637681159424,,,,,,,,,,,,,,,2898.0
40321000,,,0.014172185430463577,,0.03867549668874172,,,,0.031788079470198675,,0.09986754966887418,0.1256953642384106,,,,0.04847682119205298,0.5197350993377483,0.05801324503311258,,7550.0
40322000,0.045081057073062404,,0.029535864978902954,0.007594936708860759,0.1665556295802798,,0.06018210082167444,0.013324450366422385,0.08980679546968688,,0.06644459249389296,0.09118365534088385,,,0.03379968909615812,0.021185876082611594,0.3593604263824117,0.013546524539196091,,22515.0
40323000,0.01361848078281045,,0.0560375264803793,,0.22959749823464137,,0.006607485120548775,0.049228286088974074,0.08690608292141633,,0.040502370624432564,0.08675476646827399,,0.0033794007868455564,0.05154847170382326,0.2739332190053465,0.07031171189347321,0.0181579743770806,,19826.0
40324000,0.12159928807526062,,0.13176964149504194,0.019768624459699975,0.11473429951690821,,0.003432494279176201,0.0021612001017035343,0.0830790744978388,,0.008771929824561403,0.03121027205695398,,,0.05485634375794559,0.1282100177981185,0.22552758708365114,0.07214594457157386,,15732.0
40325000,0.007990314769975786,,0.06276029055690073,0.024358353510895884,0.10145278450363196,,0.05012106537530266,0.05578692493946731,0.05263922518159806,,0.003389830508474576,0.03719128329297821,,,0.03767554479418886,0.025569007263922517,0.2872639225181598,0.01602905569007264,,20650.0
40326000,,,0.012217632064691923,0.010723389294190033,0.207260261931968,,,0.023292607893117694,,,0.013799771468752747,0.1469631713105388,,,,0.2956842752922563,0.11110134481849346,0.15830183703964137,,11377.0
40327000,,,0.006377257011140991,0.0006915097963887822,0.15059546676911256,,,0.0033038801383019592,0.4357280061467537,,,0.2759124087591241,,,0.0021513638109873223,0.07575873991548214,0.026815213215520554,0.014905877833269304,,13015.0
40328000,0.001416048550236008,,,0.03378287255563048,0.10283209710047202,,,,,,,0.4559676331759946,,,0.002157788267026298,0.10748482805124747,0.20161834120026972,,,14830.0
40329000,,,,0.09272459137274179,0.4399655892835197,,0.0005530293720044242,0.018802998648150424,0.25396337716603173,,,0.0598500675924788,,,0.02205972717217648,0.08959075826471673,0.0034410716480275287,,,16274.0
40330000,0.0737741221132553,0.004239164821259096,0.04340398608035432,0.0034166403037013604,0.050954339344089425,0.022397975324264473,0.014109459031951915,0.05555204049351471,0.07552462300959611,,0.07206580196140462,0.28263207845618477,,0.006516925023726669,0.02366339765896868,0.05382262996941896,0.07944743224717916,0.11907624169566593,,47415.0
40331000,0.037539490800966364,,0.016353837576658613,,0.2505110574242706,,0.001486712506968965,0.010406987548782755,0.15759152573871027,,,0.07452146441181937,,,,0.0892027504181379,0.07489314253856161,,,5381.0
40332000,,,0.05826045852044434,0.01678090285984401,0.28586622547861024,,,0.01867170881588277,0.15303710706688725,,,0.13684708106830537,,,0.01004490664145592,0.1329472937839754,0.1803356180571969,,,8462.0
40333000,,,,,0.40254777070063696,,,,,,,,,,,,0.17229299363057324,,,3140.0
40334000,,,,0.09302805280528052,0.3811881188118812,,,0.008457095709570957,,,,,,,,0.030734323432343235,0.0492986798679868,,,4848.0
40335000,,,0.016181229773462782,0.013907110994489635,0.14729292399195312,,,0.02344091664480014,0.08116854718796467,,,0.040934138021516665,,,0.008221814047056766,0.1393335082655471,0.3536254701303245,0.1131811423073559,,11433.0
40336000,,,,,0.5286980867942137,,,0.005132991133924405,0.3133457769482035,,,,,,,,0.04129724685020999,,,4286.0
40337000,,,,0.22375915378356387,0.6187957689178194,,,,,,,,,,,,0.01627339300244101,,,2458.0
40338000,0.03755334281650071,,0.04625889046941679,0.013143669985775248,0.08170697012802276,0.01689900426742532,0.005177809388335704,0.007795163584637269,0.013769559032716927,,0.07038406827880513,0.3159601706970128,,0.001251778093883357,0.03334281650071124,0.0541678520625889,0.045860597439544806,0.23072546230440968,,17575.0
40339000,0.06564932692577917,,0.045667875108900316,0.009049265098502094,0.04173341202259506,0.006014107860495181,0.0012927521569288706,0.05502627659275497,0.053030941741843016,,0.018154736812522835,0.40395694573251273,,,0.03555068431554394,0.09608520922912626,0.07084843886125397,0.08343872073743079,0.006070314476013827,35583.0
40340000,,,,,0.5990818668706962,,,0.02448355011476664,,,,,,,,,0.090283091048202,,,1307.0
40341000,0.06751666183714865,,0.02182942142374191,,0.12353907080073409,,,0.16613541968511542,0.003960204771563798,,,0.0856756495701729,,,,0.08113590263691683,0.026658939437844104,0.4004636337293538,,10353.0
40342000,0.011990935985396866,,,0.032007301567319194,0.14584251274627053,0.008623402782148926,0.0007553345502612199,0.07074966954113426,0.11163215207402279,,,0.36750173097501104,,0.001825391829797948,0.012620381443947882,0.018474224208472338,0.11594385346509725,0.08475483099389437,,31774.0
40343000,,,,,0.10113622175053065,,,0.024347608939942565,,,,0.45461355974528656,,,,,0.05531277313022849,0.145586215507554,,8009.0
40344000,,,,,,,,0.06355140186915888,,,,0.04299065420560748,,,,,0.42429906542056073,0.41495327102803736,,535.0
40345000,,,,,0.08712613784135241,,,0.024447334200260077,,,,0.6837451235370611,,,,,,,,3845.0
40346000,,,,,,,,,,,,0.9837251356238698,,,,,,,,553.0
40347000,,,,,,,,,,,,,,,,,,,,217.0
40348000,0.05459770114942529,,,,0.15188834154351397,,0.018883415435139574,0.018267651888341542,0.09708538587848933,,0.010057471264367816,0.18944991789819376,,,0.01816502463054187,0.011802134646962233,0.11863711001642036,0.21089901477832512,,9744.0
40349000,0.1259649927386685,,0.0233126958648628,0.016892150118474357,0.11136589467247573,,,0.10914927768860354,0.09500879003286708,0.06420545746388442,0.02369487120690973,0.15531605900787282,,,0.056791255828173966,0.021554689291446917,0.18000458610410455,0.015898494229152335,,13083.0
40350000,,,0.010440473717016414,0.027010180760440473,0.09858715977560772,,0.20813421982131727,0.011219613546644504,0.056721379596925,,0.0897049657178475,0.10482027841263246,,,0.0013505090380220236,0.01495948472885934,0.26402451693330564,0.07407022646997714,,19252.0
40351000,,,,0.015016322089227421,0.32557127312295975,,0.0036996735582154514,0.004243743199129488,0.1809575625680087,,,0.11131664853101197,,,0.004896626768226333,0.021545157780195865,0.1647442872687704,0.15690968443960826,,9190.0
40352000,0.012801307367560943,,,0.018929592809478413,0.1103091379545145,,,0.03881247446547732,0.04923055971673703,,,0.507353942530301,,,0.036565436470107585,0.08777066594035135,0.07483317445185891,,,14686.0
40353000,,,0.010761259465922678,0.013949780789159028,0.20964527700278995,,,0.11744386873920552,,0.0018599707718878703,,0.3734555599840574,,,,,0.06563039723661486,0.02696957619237412,,7527.0
40354000,,,,,0.4740331491712707,,0.0013812154696132596,0.0071823204419889505,,,,,,,,,0.4011049723756906,,,3620.0
40355000,,,,0.00018864365214110544,0.3395585738539898,,0.0007545746085644218,,0.17242029805697037,,,,,,0.06461045085832862,0.009054895302773062,0.3904923599320883,0.005942275042444821,,10602.0
40356000,,,,,0.4560742244128733,,,,,,,0.23557552913888083,,0.06059727457233981,0.09727457233980864,0.0007248477819657872,0.05508843142939983,,,6898.0
40357000,,,,,0.17802102837390177,,,0.212732248307648,0.5065533630995247,,,,,,,0.02131643381823419,0.04090450813769264,,,6943.0
40358000,,,,,0.3150105708245243,,,0.05470401691331924,0.261892177589852,,,,,,,,,,,3784.0
40359000,,,0.02050580997949419,,0.12132604237867396,,,0.01674641148325359,,,,0.20095693779904306,,,0.04477101845522898,,0.24060150375939848,0.12098427887901572,,2926.0
40360000,,,,0.0577012563983248,0.21048549713044826,,,0.22956413835892664,0.1892353032418179,,,0.14937180083759888,,0.01659686675973321,0.04637816038467504,0.009616876066387467,0.016286644951140065,,,6447.0
40361000,,,,0.0818301803783546,0.1847778266608007,,,0.06335239771227452,0.4923009238891333,,,,,0.02287725472943247,,,,0.1491421029476463,,2273.0
40362000,0.08810331618693225,,,0.053628105505089195,0.13461748932910145,,,0.09609280945605779,0.3700339279851155,,0.01565065119842399,0.16022764583561344,,,0.02298347378789537,,0.024187370033927985,,,9137.0
40363000,,,,,,,,,,,,,,,,,,,,29.0
40364000,,,,,,,,0.4114114114114114,,,,,,,,,,,,333.0
40365000,,,,,,,,,,,,,,,,,,,,261.0
40366000,,,,,0.05743145743145743,,,0.004617604617604618,0.8816738816738817,,,,,,,,,,,3465.0
40367000,,,,,,,,,,0.34017595307917886,,,,,,,,,,341.0
40369000,,,,,,,,,1.0,,,,,,,,,,,590.0
40370000,,,,,,,,,,,,,,,,,,,,388.0
40371000,,,,,,,,,0.8306636155606407,,,,,,,,,,,437.0
40372000,,,,0.03794421633866629,0.1703242248336401,,,0.23304544810986833,0.15191844825145123,,,0.15630751805181933,,,,0.13096417952711312,0.009344471187880505,,,7063.0
40373000,0.019278644726455765,0.005419272572712369,0.03134677272451272,0.006299714615337908,0.03784382779768049,0.026929382476167343,0.007574837573623171,0.030861011597546905,0.031528933147124905,0.004113789543991742,0.11085979719472949,0.15603558200255024,0.007377497115793308,0.002398445564393709,0.016925739267715102,0.10496994353026899,0.24064909830590808,0.13970186410832472,0.019901026170380715,65876.0
40374000,0.002505050505050505,,0.128,0.013333333333333334,0.16597979797979798,,0.004282828282828283,0.005333333333333333,0.08581818181818182,,0.004525252525252525,0.0581010101010101,,,0.003393939393939394,0.13923232323232324,0.2408080808080808,,,12375.0
40375000,0.008027152246525159,,0.24991918974248464,0.011744424092231441,0.10300614157957116,,0.025320547354810905,0.029576554250619544,0.15375498329921344,,0.022896239629350286,0.07617713608447366,,,0.014653593362784182,0.04008188772761556,0.0885141687318177,0.12800344790432067,,18562.0
40376000,0.04544138929088278,,0.10148335745296672,0.001772793053545586,0.094356005788712,,0.004341534008683068,0.029413892908827784,0.02637481910274964,0.02963096960926194,,0.05350940665701882,,0.001121562952243126,0.05224312590448625,0.040882778581765554,0.13505788712011577,0.3773878437047757,,27640.0
40377000,0.00273224043715847,,0.03377514242529939,0.010754563422857808,0.09190791768399023,,0.04092547378211836,0.023543773979769794,0.10585978374607603,0.008371119637251482,0.03487966515521451,0.12858969887222416,,0.001220788280432508,0.022381118474595976,0.13515870247645623,0.19358214161144052,0.16364376235321473,,17202.0
40378000,0.08497862812945248,,0.02506954338828957,0.003053124363932424,0.02910645226948911,0.0254427030327702,0.004986769794422959,0.04033516520795169,0.02411968247506615,,0.10377230476965874,0.23939887373634575,,,0.022966279937580568,0.04935884388357419,0.15255444738449012,0.16931270778207477,0.009668227152452677,29478.0
40379000,,,,0.03016607105318478,0.05434097120033635,0.016186672272440614,,0.032898885852428,0.037733865881858314,,,0.3896363254151776,,,0.00840866092074837,0.08440193399201178,0.016396888795459322,0.19360941770023124,,9514.0
40380000,0.006276675872457946,,,0.036781320612603564,0.23060507155410495,,,0.10281195079086115,0.17737886015566157,,,0.33266382124027116,,,,0.03163444639718805,0.05109214160180768,,,7966.0
40381000,0.0003738084854526198,,,0.0113388573920628,0.07451249143355554,,,0.0510248582642826,0.04628995078188275,,0.010528939006915457,0.5457603887608249,,,0.0038003862687683012,0.12273378605694349,0.07706684941748178,0.037318547131019876,,16051.0
40382000,,,0.016339543688353095,,0.21341038158812395,,,0.02879346418252466,0.2863405400019926,,,0.1468566304672711,,,,,0.175450831921889,,,10037.0
40383000,,,,,0.34483734087694484,,,0.01074964639321075,,,,,,,,,0.37086280056577087,,,3535.0
40384000,,,,0.047619047619047616,0.4846938775510204,,0.04223356009070295,,0.14058956916099774,,,,,,,,0.2548185941043084,,,3528.0
40385000,,,,0.04175030108390205,0.6350863107185869,,,,0.24969891609795264,,,,,,,,0.06182256122039342,,,2491.0
40386000,,,,0.08538210003633281,0.2010415405110815,,0.00024221872350732712,0.08247547535424489,0.4393847644422914,,,0.026280731500544992,,,,0.006661014896451495,0.0744822574785031,0.022405231924427758,,8257.0
40387000,,,,0.14507772020725387,0.37026703866082106,,,,0.3451574332403348,,,,,,0.07293742526903149,,,,,2509.0
40388000,,,,,,,,,,,,,,,,,,,,396.0
40389000,0.00122040517451794,,0.030998291432755676,0.03734439834024896,0.10300219672931413,,0.024530144007810593,0.039663168171833046,,,,0.06492555528435441,,,0.008298755186721992,0.11142299243348792,0.06529167683670979,,,8194.0
40390000,,,0.1090528172896681,0.1948395633476679,0.2823905612526188,,0.021942882346454955,0.002315580549123387,,,0.09560039695666557,0.034513176755981916,,,0.06329253500937258,0.10629617377880693,0.0591024368728636,0.008049399051714633,,9069.0
40391000,0.027278308920270153,,0.04240856065257433,0.012455047802824314,0.034996930093851415,,0.014472414700464871,0.05008332602403298,0.034382948864134726,,0.15928427330935882,0.039207087097623015,,,0.026269625471449874,0.12121743706692395,0.2268222085781949,0.1975703885624068,,22802.0
40392000,0.05622418617044899,,0.03481813740729227,0.003597282053559533,0.20722121064084914,,0.01056979171292801,0.010525380823377893,0.2211662299595861,0.005418128525114358,0.10019096682506551,0.06572811653417418,,0.0021317226984056492,0.021406048763156726,0.13714082693076343,0.10081271927876716,0.0015099702447040014,,22517.0
40393000,0.009130300216651191,,0.01918910554008047,0.0716496440730424,0.10755184153512844,,0.024760136180748994,0.04503249767873723,0.05648406066233364,,0.041627978953884245,0.3130609718353451,,,0.006809037449705973,0.009749303621169917,0.11590838749613123,,,6462.0
40394000,0.01885480572597137,,0.03631901840490798,0.06719836400817995,0.11206543967280164,,0.025848670756646215,0.14282208588957054,0.15668711656441717,,0.09558282208588957,0.06961145194274028,,0.006134969325153374,0.01427402862985685,0.11983640081799592,0.12192229038854806,0.007607361963190184,,24450.0
40395000,,,,0.14240570160693874,0.14892758690244065,,,0.06286559537416796,0.20009413030323406,,0.013312714314529685,0.10885497209708868,,,0.03301284206279836,0.018220937268876487,0.026558192698177906,0.2067504874604989,,14873.0
40396000,,,,,0.0892243026366068,,,0.04719144058081773,,,,0.6358425678257547,,,,0.06878104700038212,,,,5234.0
40397000,0.046421245816690056,,0.0778905322249811,0.07502968800604556,0.28408722875958115,,0.0005397819281010472,0.07540753535571629,0.2744791104393825,,0.000971607470581885,0.057486775342761524,,0.0020511713267839793,0.03001187520241822,0.030497678937709164,0.018730432905106335,0.014358199287487855,,18526.0
40398000,,,,,,,,,,,,,,,,,,,,106.0
40901000,0.049824188947123996,,0.005771910037815962,0.002123001393219664,0.19352484575068002,,0.0031845020898294964,,,,,0.10236847342931069,,,0.009752537650102833,0.007894911431035627,0.39103031911364694,0.19923041199495786,,15073.0
40902000,0.002704749540192578,,0.0725954776587688,0.009701035017490714,0.1245266688304663,,0.015471167369901548,0.04745933859857911,0.1075408417180569,0.016120307259547766,0.05770132352410833,0.19200115402647047,,0.01085506148797288,0.03162753795665188,0.032817627754336616,0.10699989181001839,0.1660716217678243,0.0007933931984564896,27729.0
40903000,,,,0.054609306409130816,0.30816505706760317,,,0.08340649692712906,,,,0.08691834942932397,,,,,0.012818261633011413,,,5695.0
40904000,,,,,0.31504237288135595,,,,0.46567796610169493,,,,,,,,0.1444915254237288,,,4720.0
40905000,,,,,0.6377805486284289,,,,0.2855361596009975,,0.026184538653366583,,,,,0.014027431421446385,,,,3208.0
40906000,,,0.020442930153321975,,0.12936541737649063,,,0.03939522998296423,0.13692504258943783,,,0.1823892674616695,,0.024808347529812605,,0.00042589437819420784,0.39107751277683134,0.017248722316865417,,9392.0
40907000,,,0.0058562555456965395,0.03921916592724046,0.3318544809228039,,0.001419698314108252,,0.3932564330079858,,,,,,0.009050576752440106,,0.20212954747116238,,,5635.0
40908000,0.03752015242561923,,0.0031877473252235086,0.2698226586545508,0.061812985490253554,,0.11219404953832625,0.05957789828521178,0.113659680492452,0.018357027700425032,0.0810127509893009,0.016818115198592994,,0.0010625824417411695,0.015242561922907813,0.07903414920123113,0.039938443499926715,0.06500073281547707,,27292.0
40909000,0.0013792508943580018,,0.00633593379595707,0.14016637213913194,0.32567561743028317,,0.02185250635748459,0.05042886082496444,0.026033360631007283,0.022283522261971465,0.16025171328822033,0.004870479720701694,,0.002025774751088315,0.0190509029783199,0.04094651092625318,0.0720227576397569,0.10378862980043964,,23201.0
40910000,0.003709296218487395,,0.03571428571428571,0.032530199579831935,0.10051207983193278,,0.01756171218487395,0.11781118697478991,0.3084296218487395,0.011817226890756302,0.08853072478991597,0.042673319327731093,,0.003742121848739496,0.04264049369747899,0.05265231092436975,0.11095063025210083,0.02071297268907563,,30464.0
40911000,0.04269473210265646,,0.02454975236380009,0.009252588923908149,0.03770823953174246,0.0008329581269698334,0.1565623592976137,0.2146217919855921,0.07454975236380008,0.021116614137775776,0.09627420081044574,0.04371904547501126,0.003703286807744259,0.008138226024313373,0.01234804142278253,0.06647906348491671,0.050832958126969835,0.039723097703737054,0.09455200360198109,88840.0
40912000,0.016117587430309173,,0.013127217435377597,0.01946274708565636,0.04287886467308667,0.011049163710086162,0.051241763811454635,0.11033958438925494,0.1742524075012671,0.004004054738976179,0.07663456664977192,0.07136340598074,,0.0010643689812468323,0.004156107450582869,0.07562088190572731,0.09305625950329448,0.21996958945767867,,19730.0
40913000,0.02542610975838172,,0.06209027907847912,0.0806799026034838,0.07726165948679528,,0.17283199100955235,0.04902603483798464,0.03970781045139539,0.03249672223262783,0.06883311481550852,0.028984828619591684,,0.0030904663794718112,0.016622963101704438,0.07646563026784042,0.16000187300992696,0.10596553661734408,,21356.0
41603000,0.026720313628391622,0.02960899618281234,,0.023109460435365728,0.14618797070050552,0.05034561023418962,0.000722170638605179,0.07211389662643145,0.1057464149386155,0.004126689363458166,0.0019601774476426287,0.3614979882389353,,,0.0017538429794697204,,0.046218920870731456,0.06943154854018364,0.01918910554008047,9693.0
41606000,,0.13674698795180723,,0.023644578313253013,0.19864457831325302,,,0.09518072289156626,0.11912650602409638,,,0.14578313253012049,,,0.0015060240963855422,0.016867469879518072,0.08042168674698795,0.12274096385542169,,6640.0
41609000,0.007087920374000905,0.04222590861106922,0.034434223093550494,0.01970542401849897,0.12687880158849846,0.022570753531392953,0.0006534962046951189,0.055697984215553206,0.11431156688282311,0.005077162821092847,,0.2452118835771377,,0.0013572613482129392,0.0021615643693761624,0.019604886140853567,0.0762077112552154,0.20348866435429547,0.02106268536671191,19893.0
41612000,0.015414419311229112,0.023065880614904322,0.0399576312525261,0.01679419102172792,0.1413638834301961,0.027679056737885187,0.017937032236484508,0.07722540452397876,0.07676548062047915,0.013700157489094228,0.005128848378419813,0.21500745634207188,0.0025644241892099065,0.004306560187314463,0.015093866287577874,0.029602374879792615,0.21764156597120599,0.05045225850510794,0.010327382196763808,71751.0
41615000,0.011651382841575247,0.032473060738002,0.03412711926248449,0.03312981926978181,0.11673274792634575,0.12612196249179053,0.0031378463185035635,0.0913380846975262,0.09610566515044636,0.00941353895551069,0.0014108146238233077,0.18029237916859234,0.04962175573447496,0.0018973024251416897,0.007662182870764515,0.008464887742939846,0.05978935078202914,0.11087056992045924,0.025686555909610567,41111.0
41618000,0.016269487277515822,0.02289622360987214,0.014081814706257169,0.032985004885094094,0.11790068391317277,0.026145873157469947,0.007964827322543647,0.05768658935474279,0.1876725712586551,0.0045452614587315745,0.022938702688925703,0.23204196933010493,0.0001486767766874814,0.0033346077057049405,0.01410305424578395,0.055668833099698396,0.07877745210483837,0.09260439233677414,0.012276453846480608,47082.0
41621000,0.00660995164942775,0.013097496786829059,0.34824652671522127,0.010190342126201114,0.0621213048534182,0.021390537976620355,0.001254666748271008,0.07353571209988372,0.04633086480200747,0.007650407001652488,0.0006120325601321991,0.14590856233551625,,0.001958504192423037,0.004743252341024543,0.015821041679417346,0.048932003182569316,0.183273150131587,0.0077728135136789275,32678.0
41624000,,0.017802489287900427,0.08447255662109773,0.01821056927157723,0.09411344623546215,0.0636604774535809,0.001326259946949602,0.0646296674148133,0.06814935727402571,0.028055498877780045,0.008467659661293614,0.3641093654356254,,0.0067333197306672105,0.032391348704346054,0.008314629667414813,0.07355641705774332,0.05560089777596409,,19604.0
41625000,0.00989433237271854,0.1675792507204611,0.032036503362151775,0.019596541786743516,0.12867435158501442,0.0590297790585975,0.009702209414024976,0.0776176753121998,0.0628242074927954,,0.015802113352545628,0.22886647454370798,0.0024975984630163303,0.0009125840537944285,0.010758885686839578,0.021853986551392892,0.06887608069164265,0.07146974063400577,0.011863592699327569,20820.0
41627000,0.014964610717896865,0.06268958543983821,0.0014155712841253793,0.05298281092012133,0.1783619817997978,0.033367037411526794,0.0012133468149646107,0.10353892821031345,0.21840242669362994,,,,,0.0074823053589484325,,,0.06430738119312437,0.15672396359959556,,4945.0
41630000,0.0379032671693081,0.05267477047750936,0.05452120839103452,0.017900189772785558,0.09924603785197723,0.016002461917218033,,0.05688054572498333,0.016925680873980612,0.006462532697338052,0.007539621480227727,0.3725188490537006,,0.0014361183771862338,0.01897727855567523,0.014771503308201261,0.18941375596245577,0.02523465148484382,0.01148894701748987,19497.0
41633000,,0.05719666931007137,,0.024187153053132435,0.18011498810467882,0.007930214115781126,0.0006938937351308486,0.12837034099920697,0.17208564631245044,0.04867168913560666,,0.1828905630452022,,0.0030729579698651863,0.004163362410785091,0.014968279143536876,0.10695876288659793,0.021015067406819986,0.03142347343378271,10088.0
41636000,,,,0.036281179138321996,0.21516754850088182,0.0045351473922902496,0.0012597631645250692,0.12597631645250693,0.2053413958175863,,,0.1325270849080373,,0.009574200050390527,,0.011337868480725623,0.06979087931468884,0.05215419501133787,0.03854875283446712,3969.0
41639000,0.017293100405858478,0.11055232045173813,,0.04737956590788777,0.16013763896241398,0.005205576142579848,0.0004411505205576143,0.10649373566260809,0.09617081348155991,0.01208752426327863,,0.10755249691194635,,,0.005823186871360508,0.022851596964884417,0.07358390682901006,0.029910005293806247,,11334.0
41642000,,0.050094033168062914,,0.03658745084629851,0.174046845614635,0.05573602325183792,0.0018806633612583347,0.09300735168404856,0.17216618225337665,,,0.21302786801162593,,,,,0.07317490169259702,0.005641990083775005,0.053513421097623526,5849.0
41645000,0.011239724878376111,0.01923614606050439,0.0042498462226695745,0.01850919868031091,0.11234132975451547,0.04551808980596097,0.0013979757311413073,0.05071855952580663,0.10154895711010457,,0.00033551417547391375,0.48492982161829673,,0.0020130850528434826,0.025443158306771796,0.014930380808589163,0.054129620309791425,0.029133814236984846,,17883.0
41648000,0.019423841330983894,0.03261894029422612,0.025816497971560874,0.016227513010695405,0.11072409130024997,0.025078883743801992,0.002048928410441339,0.08875957874031881,0.07072900872843503,0.0014342498873089373,0.0077039708232594355,0.24009343113551612,0.0007376142277588821,0.00114739990984715,0.007785927959677089,0.005081342457894521,0.17756013604884646,0.15280908085071507,0.01426054173667172,24403.0
41754000,0.06985371611652122,,0.15066818430926185,0.015766620294254036,0.0762615404072341,0.27422958559925803,0.0010960752076219383,0.030816576029678345,0.04586653176510265,0.0201087643859871,0.005691159731883141,0.07213018000927449,,0.0008852915138484887,0.005058808650562793,0.13022216601323722,0.04025968551072889,0.033851861220016016,0.02714893975802032,23721.0
42603000,,0.17991373998767715,,0.027726432532347505,0.215033887861984,,,0.16327788046826863,0.21565003080714726,,,,,,,0.031423290203327174,0.04374614910659273,0.0529882932840419,,1623.0
42606000,0.002818035426731079,0.05233494363929147,0.0042941492216854536,0.009796027911969941,0.10285829307568438,0.05280461621041331,0.003421900161030596,0.06031937734836285,0.13325281803542674,0.004830917874396135,0.0030193236714975845,0.3796967257112185,,0.0017444981213097155,,0.00644122383252818,0.049516908212560384,0.10473698336017176,0.027241009125067096,14904.0
42609000,0.008222454776498729,0.26042756764837793,,0.017640902975033637,0.16340260128569292,0.03139482732844969,0.004335476154881148,0.08521453132007774,0.09508147705187621,,0.004036477799372103,0.14785468679922262,,,,0.018836896397069817,0.04739123934818359,0.026909851995814024,,6689.0
42612000,,0.3142166556800703,,0.01955614150736102,0.17051197539002416,0.023071852340145024,0.0035157108327840037,0.1078883761810591,0.14414414414414414,,,,,,,0.02812568666227203,0.03493737640079104,0.032520325203252036,0.015820698747528016,4551.0
42615000,,0.2722680138261101,,0.014623770273863334,0.19276788088274396,,0.00425418771603297,0.10927944695559691,0.18665248604094656,0.022866258973677212,,0.01728263759638394,,,,0.014889657006115395,0.04706195160861473,0.013826110077107153,,3761.0
42618000,,0.2561065877128053,,0.02701702442635085,0.20244263508512214,,,0.1154700222057735,0.14211695040710584,,,,,,,0.01924500370096225,0.035159141376757956,0.03626943005181347,,2702.0
42621000,0.014246068455134136,0.4001850138760407,0.005550416281221091,0.03089731729879741,0.16503237742830712,,,0.03441258094357077,0.11026827012025901,0.01942645698427382,,0.07530064754856615,,,,0.012210915818686401,0.009990749306197965,0.09602220166512489,,5405.0
42624000,,0.2441306566859476,,0.043382102756039466,0.15634569581490304,,0.00374276964954066,0.10003402517863219,0.17029601905410002,0.010888057162300102,,0.07604627424293978,,,,0.010037427696495406,0.04678462061925825,0.05495066349098333,,5878.0
42627000,,0.24536256323777403,,0.03541315345699832,0.22006745362563238,,,0.12563237774030353,,0.01854974704890388,,,,,,,0.07251264755480608,0.050590219224283306,,2372.0
42630000,0.01947782842934107,0.21094073767094904,,0.027766266058847907,0.1632822213012847,,,0.10567757977621219,0.12432656444260257,,,,,,,,0.04268545379196022,0.18814753418980523,,2413.0
42633000,,0.15541789940828402,,0.00970784023668639,0.09892751479289941,0.044101331360946745,0.004530325443786982,0.05667529585798817,0.06453402366863906,0.0028661242603550295,0.002496301775147929,0.3849852071005917,,,0.012481508875739645,0.006009615384615385,0.10401257396449703,0.027921597633136095,0.014330621301775148,10816.0
42636000,0.013139204545454546,0.30113636363636365,,0.018465909090909092,0.18039772727272727,0.02130681818181818,,0.10085227272727272,,0.012428977272727272,0.014204545454545454,,,,,0.019886363636363636,0.045099431818181816,0.08913352272727272,,2816.0
42640000,,0.18266641015775298,0.014717198922662562,0.01058099268949596,0.11158137745286649,0.008368603308964986,,0.025971527510580992,0.0762793382070027,0.0020200076952674104,0.0020200076952674104,0.38928434013081953,,,0.001250480954213159,0.00865717583686033,0.055886879569065025,0.052712581762216236,,10396.0
42642000,,0.1621928166351607,,0.02608695652173913,0.1765595463137996,,,0.1614366729678639,,,0.03213610586011342,,,,,0.017013232514177693,0.04612476370510397,0.20945179584120982,,2645.0
42645000,,0.17464114832535885,,0.015876468029578077,0.1674641148325359,,0.0039147455415398,0.10156589821661592,,,,0.25097868638538495,,,,,0.04371465854719443,0.03697259678120922,,4598.0
42648000,,0.2849379963773164,,0.017834749895499512,0.2091403093214435,0.02145743346802285,0.005016023408109238,0.13167061446286749,0.14184199526264457,,0.004319353490316288,0.06674097812456459,,,,0.011007384701128605,0.039988853281315316,0.035948167758116205,,7177.0
42652000,0.03251514185527574,0.14376793114440548,,0.031240038253108064,0.18871533312081606,,0.004781638508128785,0.12209116990755499,0.11380299649346509,,,,,,,0.02295186483901817,0.08383806184252471,0.1526936563595792,,3137.0
42656000,0.015323383084577114,0.18109452736318407,,0.030248756218905472,0.167363184079602,,0.0029850746268656717,0.09950248756218906,0.12298507462686567,0.011940298507462687,0.003582089552238806,0.13592039800995026,,,0.006567164179104477,0.011940298507462687,0.06945273631840795,0.10845771144278607,,5025.0
42701000,0.02224480225105518,0.007526965765202439,0.0367437861497577,0.02088478974519306,0.11685164921056745,0.03496170079724871,0.020009379396592152,0.1058152258871346,0.11663279662341723,0.004674065968422698,0.029537283101453808,0.3204392684070658,,0.002188525871502267,0.007136157573862748,0.02248710332968579,0.0923088947944349,0.035196185712052526,0.00436923557917774,127940.0
42715000,0.02364280774550484,,0.014522821576763486,0.021222337482710928,0.13805325034578148,0.04426002766251729,0.005791839557399724,0.09634336099585063,0.13303941908713693,0.0071317427385892114,0.0058350622406639005,0.28341113416320884,0.020401106500691563,0.002117911479944675,0.008255532503457815,0.00907676348547718,0.06103042876901798,0.10204875518672199,0.018888312586445365,23136.0
44502000,,,,0.04660797514241326,0.2610046607975142,,,0.22320041429311238,0.16727084412221646,,0.005178663904712584,,,,,0.02848265147591921,,,,1931.0
44504000,0.014765489287782282,,0.13954834973943253,0.01563404748118124,0.06398378691372322,,,0.07845975680370584,0.028372900984365953,,0.0028951939779965257,,0.549218297625941,,,0.059640995946728434,,,,3454.0
44507000,,,,0.017857142857142856,0.09415584415584416,,,0.10064935064935066,,,,,0.5827922077922078,,,0.007034632034632035,,0.046536796536796536,,1848.0
44510000,,,0.5032369443245576,0.011652999568407424,0.0440224428139836,0.11221406991799741,,0.06991799741044454,0.041864479930945185,,,,,,,,0.003884333189469141,0.13465688390159689,,2317.0
44513000,,,,0.008817921830314586,0.05767397521448999,0.15705433746425168,0.002621544327931363,0.05338417540514776,0.04790276453765491,,,,0.5617254528122021,,,0.06553860819828408,0.00786463298379409,,,4196.0
44516000,0.05162116040955631,,0.047212741751990896,,0.023179749715585892,0.040244596131968145,,0.03128555176336746,0.01678043230944255,,,,0.6397895335608647,,,0.036973833902161544,,0.0641353811149033,,7032.0
44519000,,,,0.04644808743169399,0.2,0.0994535519125683,,0.24043715846994534,0.13169398907103824,,0.004918032786885246,,0.12076502732240438,,,0.02459016393442623,0.012021857923497269,,0.04590163934426229,1830.0
44522000,,,,0.021417531463899315,0.06270699933760213,0.17332744535217487,0.002870390814749393,0.0633693972179289,0.09825568558180614,,0.003311989401633915,,0.4862000441598587,,,0.020534334290130272,,0.013027158313093399,0.005961580922941047,4529.0
44701000,0.036318600012867526,0.026667953419545778,0.021746123656951683,0.032876536061249434,0.13578459756803707,0.06263269639065817,0.01753200797786785,0.2207424564112462,0.13276072830212957,0.013543074052628192,0.030110017371163866,0.01595573570095863,,0.003538570417551309,0.012964035257028888,0.07971434086083767,0.0436852602457698,0.09499453130026378,,31086.0
45301000,,,0.14649070185962806,0.014037192561487702,0.15944811037792442,,,0.009838032393521295,0.1596880623875225,,0.05158968206358728,0.12813437312537493,,,0.10065986802639472,0.10917816436712657,0.0874625074985003,,,8335.0
45302000,,,,0.014666666666666666,0.1849230769230769,,,,0.4363076923076923,,0.03743589743589744,0.07733333333333334,,,0.08564102564102564,0.09117948717948718,0.03641025641025641,,,9750.0
45303000,0.057660626029654036,,,0.004530477759472817,0.11182042833607908,,,0.07773887973640857,0.4874382207578254,,0.02934514003294893,0.01915156507413509,,,,0.02018121911037891,0.1914126853377265,,,9712.0
45304000,,,,,0.3741217798594848,,,0.2529274004683841,,,,,,,,,0.006440281030444965,,,1708.0
45305000,0.0047810905183991404,,0.136986301369863,0.00381412839108246,0.10969648133225893,,,0.008863819500402902,0.04824066612946548,,0.08192318023099651,0.11856030083266184,,,0.09062583937684662,0.10926672038678485,0.2482406661294655,0.014504431909750202,,18615.0
45306000,,,,0.004140786749482402,0.3960366755397811,,0.006802721088435374,0.013901212658976633,0.1668145519077196,,,0.07749186631174208,,,,,0.03785862170955338,,,3381.0
45307000,0.03395986561336602,,0.0474893307908835,0.019431580858984835,0.1982202851175883,,0.001997639153727413,0.34268591664396625,0.06446926359756651,0.07663670207936076,0.029238173068192135,0.019794787977844366,,0.003178062290020884,0.08526287115227459,0.03977117951511849,0.03541269408880414,,,11013.0
45308000,0.0004897959183673469,,,,0.21518367346938774,,,,0.09044897959183673,,,0.08326530612244898,,,0.15542857142857142,0.08963265306122449,0.20669387755102042,,,6125.0
45309000,,,0.026435216700703427,0.002836396641706376,0.12298615838438848,,,0.01168595416383027,0.2493759927388246,,,0.0371000680735194,,,0.09303380984796913,0.07068300431132289,0.26514635806671205,,,8814.0
45310000,,,,0.04019838162359697,0.424693291568781,,,0.01331245105716523,0.17854346123727485,,,0.06369094231271208,,,0.19890368050117463,0.038893239363090575,0.04019838162359697,,,3831.0
45311000,,,,,0.08124168514412416,,,,0.16620842572062083,,,0.277960088691796,,,0.06368070953436807,0.03929046563192905,0.11707317073170732,,,11275.0
45312000,0.004011082165157342,,0.045651904230244386,0.006698920729438035,0.05632055576231237,,0.003928379440102552,0.019890005375677127,0.21254600339081173,0.009304056568663937,0.0024810817516437165,0.24930736467766612,,0.0012818922383492537,0.05681677211264111,0.11772732911549436,0.10842327254683042,0.09560435016333788,,24183.0
45313000,,,,,0.4223189147683645,,0.0017916560020476069,0.06833887893524443,0.06961863322242129,,,,,,0.20168927565907346,0.010749936012285641,0.12490401842846173,,,3907.0
45314000,0.03991691687574549,,0.05577263192530745,0.0020770781063628512,0.06323777403035413,0.02340311767367252,0.046086455805536136,0.0025912063505120716,0.08590054703245177,0.04071895693661827,0.09202895570271048,0.2523547073582034,,0.009994653066260848,0.01717188335458397,0.18366717393986756,0.05396290050590219,0.03076543412988936,,48626.0
45315000,0.03726034004582178,,0.06555729731902407,0.03975240162385948,0.10281763736484585,0.010973109851682141,0.01181719522488846,0.034929056634109085,0.2331685357128502,0.01945415812532658,0.09333172555167009,0.05136862414084167,,0.0009646689979500784,0.03303991317979019,0.05526749467422324,0.16584267856425097,0.04377185578198481,,24879.0
45316000,0.1283270530534123,,0.08520246426221664,0.040492852443327954,0.0322686763562414,,0.06537472336862253,0.11917578802559961,0.09438363538489145,,0.129613015132484,0.05735988994557091,,0.001256055984209582,0.027065015850230276,0.08364734732938572,0.10413302230994677,0.028829475447096117,,33438.0
45317000,0.011908262275801235,,0.005954131137900618,,,,,0.04483975301381946,,,,0.012937371361364304,,,0.02837400764481035,0.026389297265510144,0.034107615407233165,0.7663922375771832,,13604.0
45318000,0.03820796460176991,,0.04756637168141593,0.022809734513274338,0.030575221238938053,0.012345132743362831,0.07966814159292035,0.02853982300884956,0.08066371681415929,0.12674778761061947,0.09860619469026549,0.03829646017699115,0.022898230088495574,0.0013938053097345133,0.05951327433628319,0.10190265486725664,0.111570796460177,0.09769911504424779,,45200.0
45319000,0.010944995575427321,,0.011597037865027245,0.037166410507195755,0.06702063248102091,,0.23040380047505937,0.08695449676307578,0.07852452144753388,0.02496390480182572,0.03451166689953891,0.05998789064319315,,0.0009780634343998882,0.040333473056681106,0.1008802570909599,0.20376321549997672,0.006194401751199292,,21471.0
45320000,0.014607862702055477,,0.02546397924565955,0.004430253442426662,0.12440630612652165,,0.04885252444621832,0.02203153063260826,0.23747754939133905,0.006625424067052485,0.028337657154260627,0.11614448213929356,,0.00015964877270005986,0.04781480742366793,0.08541209339453203,0.22869686689283575,0.008700858112153263,,25055.0
45321000,0.03631421824176803,,0.0799135587933877,0.005502829390010248,0.08314396471060019,0.03736131533217484,0.018870026288820566,0.029652898453860894,0.04573809205542931,0.0018045715813393931,0.1556832865481442,0.12707748518469011,0.006304861203938868,,0.03426458138395045,0.12237668760860848,0.18061310876442543,0.02713540970458495,0.006995499710377401,44886.0
45322000,,,0.018867924528301886,0.006115810019518542,0.27364996746909565,,0.0023422251138581654,,0.15042290175666884,,,0.152765126870527,,,0.13636955107351983,0.06480156148340924,0.1206245933636955,0.06206896551724138,,7685.0
45323000,0.014890377588306943,,0.32767965895249695,0.0008221680876979294,0.04068209500609014,0.011845310596833131,0.006181485992691839,0.05097442143727162,0.09186967113276492,0.016504263093788062,0.050243605359317906,0.13949451887941536,,0.0024969549330085264,0.032612667478684534,0.02518270401948843,0.11702192448233861,0.06650426309378807,,32840.0
45324000,0.00682991837414626,,0.059470264867566215,0.005205730468099284,0.13126769948359154,,0.0034566050308179243,0.0189072130601366,0.09070464767616192,0.005997001499250375,0.18590704647676162,0.17108112610361487,0.015742128935532233,0.0019573546560053305,0.025195735465600534,0.02811094452773613,0.16899883391637516,0.08125104114609362,,24012.0
45325000,0.017475363287122098,,0.1385919492233172,0.014427092032737598,0.3826624352764323,,0.014009520628027393,0.106710372473693,0.058606146651077336,0.008936028060798396,0.06965091030566227,0.007203106731251044,0.004071321195924503,0.000918657090362452,0.027872891264406213,0.02603557708368131,0.11842325037581426,0.0037372640721563388,,47896.0
45326000,,,0.08888183477501786,0.001904610745178954,0.15609872232362512,0.0807872391080073,,0.05348781842710896,0.18173160860249188,,,0.17197047853344974,,,,0.01666534402031585,0.11435600349178636,0.025077374811522894,,12601.0
45327000,0.03410722414819484,,0.08152116818993592,0.008509297195083518,0.3306719893546241,0.32107714395769865,0.0014707427250761635,,0.018734460902755892,0.01922470847778128,0.003361697657316945,0.006828448366425045,,0.0018559372483103968,0.04331687502188605,0.06275168960324964,0.037258815701929474,0.027874076408586336,,28557.0
45328000,0.008606288723012835,,0.37711192404474425,0.010509399251443192,0.01983464084075194,0.010192214163371465,0.02537480704573809,0.06128015901545748,0.13205472500052864,0.0006978071937577975,0.03036518576473325,0.115582246093337,0.0001691653803049206,0.0009515552642151784,0.01833329809054577,0.060899536909771415,0.1009917320420376,0.026389799327567614,,47291.0
45329000,,,0.03754478890792958,0.03450693254400997,0.19193020719738277,,0.0041283689048138335,0.04400997040037389,0.0688580775821779,,0.01604611310172924,0.008646206574232746,,0.0019473438230253933,0.0688580775821779,0.12073531702757438,0.27527652282286963,0.012307212961520486,,12838.0
45330000,,,,0.0002966478789676654,0.31326016018985464,,0.0005932957579353308,0.04093740729753782,0.08676950459804213,,0.001928211213289825,0.031444675170572534,,,0.36547018688816374,0.014090774250964106,0.04746366063482646,,,6742.0
45331000,,,0.003588271478367849,,0.09103957350830429,,,0.01824892351855649,0.06479393069509945,,,0.36620873487799877,,,0.002563051055977035,0.11810539265942177,0.027373385277834734,0.3037728111543982,,9754.0
45332000,,,,,0.002034587995930824,,,0.1861648016276704,,,0.010681586978636826,0.3913190912173618,,,,0.18769074262461852,0.12580535774838927,,,5898.0
45333000,0.04975642722383353,,0.008306817221862417,0.024526229831329373,0.06071016247571312,,0.025765212738996988,0.021625883479289273,0.06859459916087067,0.0069270408019598455,0.07861909723199954,0.020077154844704757,,0.008532086841438347,0.025314673499845126,0.28637400388590095,0.17444316165911075,0.1379494832878101,,35513.0
45334000,0.012093859633658305,,0.04075948028136735,0.02141988258731026,0.02473423479012041,,0.08289406413624104,0.007898030781164607,0.10895051390088677,0.006452409075683585,0.1685559649524884,0.08793611057243093,0.0035787951977152123,0.0010401424466265888,0.02036211060769,0.1464309010454313,0.21324683109144438,0.052835710382031977,,56723.0
45335000,,,,,0.2248447204968944,,,,0.20766045548654244,,0.16666666666666666,0.051759834368530024,,,0.14306418219461697,0.08405797101449275,0.05010351966873706,,,4830.0
45336000,0.007192891730525128,,0.16835127638568945,0.01671289549151427,0.05914155422876217,,0.0476235249870716,0.10885712942503878,0.04642470969865074,0.028607023647219218,0.09964270603168633,0.10718819049409994,0.005547458981712191,,0.022612947205114944,0.08003855013868648,0.1537069249212543,0.03281463024775516,,42542.0
45337000,,,,,0.13972567619535958,,0.0006409434687860531,0.055762081784386616,0.11331880528137418,,0.012049737213177798,0.3477759261633124,,,,0.08357902832970132,0.13216254326368415,,,7801.0
45338000,0.03903753081910328,,0.025796730892155968,0.001415395854259885,0.0862934891790704,,0.003378686877910693,0.040452926673363164,0.023285544699114237,0.02337686056067939,0.02757739019267647,0.08834809606428637,,0.0017350013697379236,0.03693726600310474,0.2317596566523605,0.23687334490000914,0.08560862021733175,,21902.0
45339000,0.0015750098438115237,,0.029400183751148445,,0.13164457277857985,,,0.009318808242551517,,,,0.030318939493371833,,,0.08938180863630397,0.12810080063000392,0.03727523297020607,0.11510696941855887,,7619.0
45340000,,,0.07108357832843343,0.000629987400251995,0.11549769004619907,,,,0.18143637127257456,,0.009134817303653927,0.24622007559848802,,0.008084838303233935,0.07045359092818143,0.01375472490550189,0.2653296934061319,,,9524.0
45341000,0.004455398615982558,,0.018200777324864918,0.003886624324580529,0.1706322874206086,,0.003507441463645843,,0.05687742914020286,,0.08882358517395014,0.13413593705564508,,,0.07441463645843208,0.2459000853161437,0.12276045122760451,0.07166556071665561,,10549.0
45342000,0.007405840033855269,,0.07247143461701228,0.02814219212865002,0.07469318662716885,,0.0010579771476936098,0.01629284807448159,0.14293271265340668,,,0.004972492594159966,,,0.043377063055438,0.004020313161235718,0.2375158696572154,0.3369657215404147,,9452.0
45343000,,,,,0.34035087719298246,,,,,,,0.24210526315789474,,,0.1256140350877193,0.03508771929824561,0.12210526315789473,0.10666666666666667,,1425.0
45344000,0.0012609457092819614,,0.018423817863397546,0.004371278458844133,0.0131138353765324,,0.49867600700525394,0.0009106830122591944,0.017485113835376532,,0.2180875656742557,0.04082661996497373,,0.00018213660245183888,0.007901926444833625,0.020973730297723293,0.14443432574430823,0.013281961471103328,,71375.0
45345000,0.049937229739154695,,0.09746826614590598,0.00020923420281768727,0.18475380108801787,0.0024061933324034035,0.005893430046031525,,,0.006800111591574836,0.026642488492118845,0.3932556841958432,,0.11399776816850328,0.0020574696610405913,0.0790556562979495,0.023224996512763288,0.006102664248849212,,28676.0
45346000,,,,0.0077430754040430285,0.16748947669282335,,0.00015590084706126902,0.061424933742139996,0.08008106844047186,,0.31039858649898666,0.016993192329678324,,0.013251572000207868,0.061684768487242116,0.11962791664501377,0.13942732422179493,0.008834381333471912,,19243.0
45347000,0.032254718937979675,,,0.013897531632441402,0.07410288321924911,,,,0.02229827836548434,,0.016438498236880317,0.02981746525617092,,0.00010371292263015972,0.04786351379381871,0.016801493466085875,0.655154532254719,,,19284.0
45348000,0.2575106400734374,,0.09738796628557123,0.024774680797796877,0.05036301427021614,,0.020529082867395475,0.04865225736459985,0.007103813736126179,0.0016377367937912043,0.14643661854293583,0.037010765250771925,0.0008345155637152632,0.000897104230993908,0.015282066260535758,0.10237419677876992,0.1099369940749395,0.07780814487190187,,95864.0
45349000,0.056910569105691054,,0.07898259705488621,0.013190975283246809,0.10170764358245993,0.010578900969732588,0.0020896594508113754,0.11578019394651778,0.06102458614947595,,0.045613347699742054,0.06549776341136905,,0.0023508668821627977,0.02745943122081823,0.18604499298005028,0.11467006236327423,0.10337284095732524,,30627.0
45350000,,,0.014770309175115784,,0.07773188133683816,,,,0.061083990486919516,,,0.02365752910251596,,,0.06571535861809989,0.20766053323319564,0.0381774940543247,0.46388784578795844,,7989.0
45351000,,,0.04593724859211585,0.003942075623491552,0.09855189058728882,,0.00249396621078037,0.041753821399839096,0.2769106999195495,,0.03185840707964602,0.07337087691069992,,,0.040305711987127915,0.06331456154465004,0.08793242156074015,0.04730490748189863,,12430.0
45352000,,,,0.0030356691120667846,0.4669870984062737,,,0.02200860106248419,,,,,,0.07336200354161397,0.239817859853276,,0.04983556792309638,,,3953.0
45353000,0.017348314606741574,,0.012764044943820226,0.0034157303370786515,0.041662921348314605,0.025573033707865168,0.025797752808988765,0.03977528089887641,0.012134831460674157,0.003146067415730337,0.2880449438202247,0.23892134831460674,,,0.049752808988764045,0.12035955056179776,0.09968539325842697,0.01649438202247191,,22250.0
45354000,,,,0.006543385490753912,0.16230440967283072,,0.0002844950213371266,0.06799431009957325,0.22574679943100995,,,0.08847795163584637,,,0.08648648648648649,0.006401137980085348,0.04608819345661451,0.09743954480796586,,7030.0
45355000,,,0.03116089613034623,,0.25784114052953155,,,,0.2629327902240326,,,0.04460285132382892,,,,0.053767820773930754,0.05926680244399185,,,4910.0
45356000,,,0.009108341323106424,,0.1289549376797699,,,0.007909875359539789,0.1637104506232023,,0.10690316395014382,0.09683604985618409,,,0.07766059443911794,0.31064237775647174,0.05992329817833174,,,4172.0
45357000,0.02979956983884542,,0.05523518593560051,0.014494560643371466,0.12162962501168917,,0.034568747856987,0.010722857766279107,0.11642405161933855,0.016146628845734236,0.11720332907328325,0.11124964932514572,,0.036844238022505534,0.026027866961753063,0.0908949222281101,0.17031888033415418,0.04843988653720271,,32081.0
45358000,0.012151672145820067,,0.02542212430506549,0.05702335668428028,0.01738412020860944,0.004612816055353792,0.0013941720167300641,0.004216940050603281,0.0031670080380040966,0.004406272052875264,0.27041773524501284,0.04903698858844386,,0.0027367080328404964,0.020706036248472434,0.04158419249901031,0.4525034854300418,0.01561128418733541,,58099.0
45359000,0.03722084367245657,,0.049273307337823466,0.002560163850486431,0.09062980030721966,,0.010122493993461736,0.014336917562724014,0.065225097483162,0.02442002442002442,0.029658513529481272,0.04553152940249715,,,0.04434991531765725,0.195557131041002,0.27547363031234,0.07550514002126905,,25389.0
45360000,,,0.043634287578500935,0.003833292553625316,0.33847157654351195,,,,0.19329581600195742,,0.0368648560476307,0.021450126417094855,,0.0003262376641383248,0.0672049588124949,0.17943071527607862,0.09762662099339368,,,12261.0
45361000,,,0.22690565294465234,0.0016742170573173134,0.10990742564506599,,,,,,0.014575536734291905,0.22227693519795155,,,0.028560173330707112,0.021567855032499507,0.3369115619460311,0.011227102619657278,,10154.0
45362000,0.0008732099196646874,,0.029863779252532308,0.028815927348934685,0.26737687740132726,,,,0.08906741180579811,,0.12731400628711143,0.11439049947607405,,,0.15123995808592386,0.032658050995459306,0.07160321341250436,0.06671323786238212,,5726.0
45363000,,,,0.004329004329004329,0.4004329004329004,,,,,,0.0037105751391465678,,,,0.15800865800865802,0.015151515151515152,0.17810760667903525,0.08194186765615337,,3234.0
45364000,,,,0.005529225908372828,0.2533570300157978,,,0.032780410742496054,,,,0.3029225908372828,,,0.10604265402843602,0.007701421800947867,0.13408372827804108,,,5064.0
45365000,0.002443593711818848,,0.08471124867638674,0.006434796774456301,0.23181559012788142,,0.0005701718660910646,0.2798729331269854,0.11704813879612283,0.010100187342184572,0.01800114034373218,0.027775515191007575,,0.016860796611550054,0.05416632727865114,0.003095218701637208,0.12959191985012625,0.017186609106459232,,12277.0
45366000,,,,0.00236096537250787,0.3150577124868835,,0.05823714585519412,,0.21747114375655824,,,0.20802728226652675,,,0.08053515215110178,0.005771248688352571,0.0574501573976915,,,3812.0
45367000,,,,0.0006250781347668458,0.42305288161020127,,0.0008751093886735842,0.007250906363295412,0.21865233154144267,0.00900112514064258,,0.024878109763720464,,,0.13964245530691335,0.04700587573446681,0.11538942367795975,0.0007500937617202151,,7999.0
45368000,0.06085325832161275,,0.019503047351148616,0.011017346460384434,0.05972808251289264,0.0033286451007969995,0.025738396624472575,0.037318330989217066,0.1454758556024379,,0.045663384903891234,0.33820909517112047,,0.020253164556962026,0.029957805907172997,0.09324894514767933,0.057290201593999064,0.03098921706516643,0.01992498827941866,21330.0
45369000,,,,0.00029660388551090017,0.20821592762865193,,,,0.21548272282366898,,,0.0737060655494587,,,0.1355479756784814,0.17677591576449653,0.08275248405754115,,,6743.0
45370000,,,0.008223386951021146,0.017440809687330562,0.19139707211277787,,0.0003614675582866438,0.30372311585035244,0.04599674679197542,,0.00027110066871498283,0.03208024579793964,,0.022139887945056932,0.073558648111332,0.045273811675402134,0.09407193204409904,0.010301825411169347,0.010753659859027652,11066.0
45371000,0.025944339676552946,,0.06597519858277616,0.01577232984741985,0.08286187782158981,,0.0003143036744956855,0.030887479284530544,0.11660666323789931,0.015343733927653008,0.11734956283216184,0.013315046574089948,,0.0012000685753471626,0.15746614092233843,0.02828733070461169,0.2319561117778159,0.08083319046802674,,34998.0
45372000,0.029905867325687945,,0.06833643406547636,0.004387304584455613,0.0637269874767445,,0.0003054452558798212,0.08752394968483602,0.1679393552328326,0.0013328520256574016,0.01771582484102963,0.06569849776469608,0.005303640352095077,0.0031377558104017994,0.03462638491655791,0.3141643295476633,0.10412906450448449,0.031794074362035935,,36013.0
45373000,0.06657202630005978,,0.01972504482964734,0.034369396294082484,0.09257322175732217,,0.0005230125523012552,0.08629707112970711,0.14106395696353854,,0.14375373580394502,0.09384339509862523,,,0.05573819485953377,0.09219964136282129,0.16863419007770472,0.0009713090257023312,,13384.0
45374000,0.01821879646562185,,0.011023568217941926,0.054588026183110865,0.03426706089453265,0.0029737997983285192,0.22553024217668471,0.26938524380031104,0.06168070961015877,0.07497735468544377,0.04964878398933534,0.009041035019056246,0.003383979080856591,0.004494881304370119,0.013382099092478337,0.06824357813060793,0.06429560253627523,0.03483105740800875,,58511.0
45375000,0.05131478172070462,,0.06224368410474799,0.04204802850640145,0.08524217947951918,0.02926686185150381,0.022802948413625276,0.0764534299480171,0.03584484435005079,0.004904969608743122,0.07168968870010158,0.02101586646315298,0.005535065372435483,0.004845219148392984,0.01822932226682383,0.15724691606146693,0.08192331300007061,0.14400404130386368,0.08539427156041043,184099.0
45376000,0.008807994498661244,,0.05000951029306334,0.009780970635141264,0.042094020220346175,0.02581678786193981,0.14277876132090656,0.019891143722475017,0.03148638564969933,0.06712072219702402,0.11603289098277905,0.07413639223374838,0.003606595754019928,0.0055671792470774134,0.027777371354997294,0.0769748489326525,0.2055174330987461,0.053689262147570485,0.0388385737486649,136694.0
45377000,,,,0.06823060410916897,0.17632628028212205,,,0.04676479607482367,0.4053971174486354,,0.013646120821833793,0.09046304814474088,,,0.007513032812020853,0.043851579270162526,0.03403863845446182,,,6522.0
45378000,0.07549936487097077,0.0009718752930545018,0.0920127196310284,0.006300138961116463,0.016274648547728456,0.0077238510132226195,0.2275125960153113,0.09960016709434863,0.025098253182039062,0.012983912906333387,0.0524130640499919,0.04090401452697807,0.00023018099046027672,0.008192738216012073,0.0306566978405613,0.10317223505741736,0.06493661497540473,0.1226097409185074,,117299.0
45379000,0.034370342771982115,,0.008113381441681701,0.019437799043062202,0.02477645305514158,0.00019609381127931602,0.1989126598164562,0.08270256490705154,0.09009530159228175,0.007848654796454625,0.036733273197897875,0.010221389912934347,0.0010294925092164092,0.011804847439014825,0.0090595340811044,0.03858635971448741,0.09822829241509139,0.327697270374147,0.0001617773943054357,203984.0
45380000,0.04762614387742712,3.311587243765937e-05,0.0962181673676193,0.021376295658509122,0.0454404962965416,0.011452572551357199,0.08572595511695422,0.07739731319888289,0.05850470797319822,0.009156538729012816,0.18282721241624444,0.02850172754467883,0.011816847148171453,0.005309578214171386,0.040920179708801095,0.11144594937686966,0.141454449117462,0.024235299312293717,0.0005464118952213796,181182.0
45381000,0.07680650353018573,0.00035243118781057997,0.041046485673672216,0.03211822891580419,0.05456809557933814,0.014355697050150959,0.11204962231124373,0.13301927798597324,0.06427170095038943,0.003935481597218143,0.15288464927222958,0.020065082292682355,0.0005051513691951647,0.009057481526731906,0.040118416879104356,0.08015459981438625,0.1256534661607321,0.037463435264264655,0.0015741926388872572,85123.0
45382000,0.03702441020046366,0.0005503496912197308,0.041471040891469094,0.07595312773957258,0.0330599442831817,0.0030439695310825817,0.03902125421285383,0.21461689817069607,0.038329664335391866,0.019530108511425844,0.1336326975901502,0.023441000564960745,0.0017338450449046385,0.00454890806724981,0.04387212405758703,0.16309832265102958,0.09109017942374004,0.029426662250881534,0.0065262706746410555,205324.0
45383000,0.03230386405924243,0.0016364899905098526,0.06157386996256249,0.029068246863394185,0.08980519043811602,0.00854860524722955,0.10860614393639359,0.1055050327671626,0.10056567256749586,0.011716969429769172,0.23013233898507732,0.00764442584608027,0.0058061768156445455,0.013009721796701613,0.03766168745282948,0.07674316074217437,0.06738751933524133,0.011298506235848845,0.000993850085560778,133823.0
45384000,0.06525566292398575,,0.04059569917713183,0.036761733369847296,0.03702254737034284,0.0023864481045342513,0.13186755865054836,0.15056792248607906,0.07421462384100778,0.009232815617542349,0.09532751718112228,0.03466218066585814,0.05057183469608648,0.0014344770027255062,0.01377097922616486,0.12880299414472568,0.09045029537185556,0.019261113936596116,0.016000938930401783,76683.0
45385000,0.0032829003711104766,,0.053561233228661145,0.0005352554952897516,0.1429132172423637,0.16061233228661148,0.00046388809591778476,0.11490151298886668,0.1295675135598059,,0.01812731944047959,0.0588424207821867,,0.0010348272908935199,0.04010847844704539,0.030402512132457895,0.15550956323151585,0.05213388524122181,,28024.0
45386000,,,0.3895383162120675,,,,,,,,,0.3796197898217027,,,,0.0038965639390719092,0.06683197543983942,0.026449403707639627,,8469.0
45387000,,,,0.015838509316770187,0.4018633540372671,,,,0.25232919254658387,,,,,,0.11816770186335404,0.006987577639751553,0.0781055900621118,,,6440.0
45388000,0.02662379640025858,,0.055697322309550545,0.00704297233847096,0.06583648055527203,0.0011738287230784934,0.003946786431220442,0.03152325541832534,0.046851076860263345,0.018236875233915144,0.07116123983532374,0.06347181109863563,,0.001565104964104658,0.02800176924908986,0.2640093906297846,0.11149671668197747,0.20116702391888674,,58782.0
45389000,0.1239398898973367,,0.10628378713485097,0.009423200912562615,0.13375985716411248,,0.00029757476565987203,0.06368099985121262,0.19302683132470366,,0.03704805832465407,0.02013589247631801,,,0.11238406983087834,0.02926151862322075,0.041462084015275506,0.12696523334821208,,20163.0
45390000,,,0.056074380165289255,0.04202479338842975,0.13677685950413224,,0.0010330578512396695,0.0465702479338843,0.10086776859504132,,0.0008264462809917355,0.013512396694214876,,,0.05508264462809918,0.0036363636363636364,0.5195454545454545,0.00384297520661157,,24200.0
45391000,,,0.012030623405030989,,0.3722201968647466,,0.0005468465184104995,,,,,0.031170251549398467,,,0.13197229310973388,0.012577469923441487,0.06598614655486694,,,5486.0
45392000,0.045345235926398254,,0.023574421570413555,5.465476407360175e-05,0.009801421023865914,,0.18910548369466204,0.019766806339952633,,0.02027691747130625,0.07578793951539442,0.09187465840772455,7.287301876480233e-05,,0.011222444889779559,0.07048642740025506,0.40194935325195846,0.008999817817453088,,54890.0
45393000,0.03396745576165852,,0.021348261302718344,0.00018976232269082974,0.0503818966744153,0.006309597229470089,0.007685374068978604,0.08155035817638408,0.030172209307841927,,0.06485127377959106,0.2662365387352341,,,0.10351534702784762,0.058114711324066606,0.18008444423359743,0.0912282366336164,,21079.0
45394000,0.04203850509626274,,0.04665911664779162,0.027451868629671573,0.06668176670441676,,0.004167610419026048,0.0023556058890147227,0.013499433748584371,0.006930917327293318,0.017168742921857303,0.059479048697621745,,0.006976217440543601,0.04570781426953567,0.10002265005662514,0.3810645526613817,0.1624462061155153,,22075.0
45395000,0.1095159047063574,,0.02117636502310557,0.1957467809233254,0.053883081340571584,,0.00017946072053479296,0.0254385571358069,0.2700883844048634,,0.01170981201489524,0.044910045313831935,0.022208264166180627,0.00152541612454574,0.0354883574857553,0.04890304634573108,0.12059760419938086,0.015343891605724797,,22289.0
45396000,0.06649311205119861,,0.02787721010955635,0.0005965939906714394,0.05824926781646599,,0.039483675018982534,0.014480963228115847,0.14540622627182992,0.015619915392124959,0.05374769497776331,0.07967241566330405,,0.010413276928083305,0.04208699425100336,0.18939147412951512,0.19438116932422173,0.059008569259138735,,18438.0
45397000,0.014887629767654105,,0.024955318097121346,0.001986918659923185,0.016903068791116856,0.032655816252804504,0.5849906833479104,0.03296003346389322,0.029993915655778226,0.04095524204281857,0.04452028748526448,0.015324942008594137,0.017283340304977753,0.001387991025592273,0.011455679355059513,0.08944936684792942,0.03687683005666045,0.0034129368369015477,,105188.0
45398000,0.06986604399655894,,0.02205972717217648,0.02749784933021998,0.12400147474499201,,0.09764040801278112,0.024333292368194665,0.04156937446233255,,0.14544672483716356,0.018342140838146736,,0.007343001106058744,0.04722256359837778,0.25092171562000737,0.0999754209167998,0.02218262258817746,,32548.0
45901000,0.013581684128831975,,0.1810773626838819,0.0004233252195999577,0.07404663632835926,,0.06716760150985995,0.07281193777119271,0.02674004303806399,,0.02571700709069743,0.01590997283663174,,,0.03316047553533002,0.020954598370197905,0.3840265283804283,0.0739760821250926,,28347.0
45902000,0.021780780477967127,,0.03749117676716749,0.0033679540183523243,0.15904003226782293,0.014762528990622165,0.031985479479681354,0.006292225471412726,0.04424725219320359,0.04267419582535041,0.03402238580215791,0.08865584350105879,,0.003388121407683775,0.02569325400826863,0.25451245336291217,0.17017243117878392,0.06189371785822325,,49585.0
45903000,0.02219989037091175,,,0.010323405810341676,0.03361958706376759,,,,0.06404165905353554,,0.1234240818563859,0.14352274803581216,,,0.0719897679517632,0.1586881052439247,0.3425909007856751,,,10946.0
45904000,0.021741447298305447,,0.14206543749333903,0.0006394543323031014,0.2635617606309283,,0.002984120217414473,,0.141852286049238,,0.02163487157625493,0.02994777789619525,0.012256208035809443,,0.07801342854097837,0.07513588404561442,0.10924011510177982,0.05030374080784397,,9383.0
45905000,0.05252061174397382,,0.09173012776134433,0.017055824784442068,0.22200893700044055,0.005821637610925798,0.007615331361319152,0.004594373465919819,0.21807539807413934,0.027220089370004405,0.0301151740197621,0.016237648687771413,0.00025174649128327774,0.001227264145005979,0.026024293536408838,0.1291459500283215,0.09767763861791176,0.052740889923846686,,31778.0
45906000,0.05075445816186557,,0.029949702789208964,0.0027434842249657062,0.33150434385002286,,,,0.16849565614997714,,,,,,0.09442158207590307,0.06973022405121171,0.20759030635573844,,,4374.0
45907000,0.023994914984903862,,,0.055140632448752586,0.43953599237247737,,0.004131574765612585,0.09216589861751152,0.11028126489750517,,0.04671857619577308,0.012076910853329096,,,,0.008898776418242492,0.0778642936596218,,,6293.0
45908000,0.013917709136183079,,0.09690519950198613,0.04702970297029703,0.037988379676290984,,0.23197664077785024,0.019801980198019802,0.034623821663603484,0.004135293768897848,0.04471749570166598,0.05756803225232703,0.02458943499140333,0.0015859370368174542,0.04028576510345645,0.09276990573308828,0.11592162210233,0.10394557419813838,,67468.0
45909000,0.014301517067003793,,0.07838179519595449,0.0020543615676359038,0.3518489254108723,0.004187737041719343,0.007743362831858407,,0.1570006321112516,,0.03705752212389381,0.05191213653603034,,,0.12397281921618204,0.007348293299620733,0.1401706700379267,0.003081542351453856,,12656.0
45910000,,,,0.013428714859437751,0.12826305220883535,0.054154116465863454,0.07630522088353414,0.060554718875502005,0.06959086345381527,0.036646586345381524,0.10422941767068274,0.06419427710843373,,0.0025727911646586344,0.07404618473895583,0.019139056224899597,0.07046937751004016,0.21605170682730923,,15936.0
45911000,,,,,0.19456066945606695,,,,0.031799163179916316,,0.025209205020920503,0.1205020920502092,,,0.15188284518828452,0.050313807531380754,0.40910041841004186,0.0041841004184100415,,9560.0
45912000,,,,,0.11315294458110259,,,,0.1323976269714947,,,0.24902329619447258,,0.0020257560410939083,0.09549992765156996,0.0043409058023440895,0.12849081174938504,0.13413398929243237,0.06670525249602084,6911.0
45913000,,,0.10719640179910045,0.0017491254372813594,0.30059970014992504,,,,0.1619190404797601,,,,,0.029985007496251874,0.15442278860569716,,0.21989005497251374,,,4002.0
45914000,0.027262556069921888,,0.04485593750962298,0.02653377539184792,0.030485614279995483,0.09538815269494882,0.07733286800858113,0.06601110620695318,0.012861439290516613,0.07239563552754483,0.18235940178397297,0.05696806708888045,0.0004516387300740072,0.003705490489925377,0.021103846114367244,0.11530131488457551,0.11003561787257629,0.05497675086991778,,97423.0
45915000,0.09930406852248394,,0.023893647394718057,0.003408279800142755,0.04785867237687366,,0.08752676659528907,0.011598857958601,0.1743576017130621,0.002712348322626695,0.20198072805139186,0.030121341898643825,0.011259814418272663,0.0031227694503925766,0.021109921484653817,0.11429336188436831,0.1456281227694504,0.020324768022840826,,56040.0
45916000,,,,,0.34557506270154065,,,,0.44822644213543533,,,,,,,0.01737728412755285,0.02239340738086707,,,5582.0
45917000,0.0774297974855078,,0.021041933298200706,0.00030113679138748774,0.1102913498456674,0.0040277045848076485,0.04562222389520439,0.15124595347436573,0.26131145072649253,0.0042911992772717,,0.06346457878491304,,0.009598735225476173,0.029172626665662876,0.07385379808778138,0.09967627794925846,0.04016411955130618,,26566.0
45918000,0.01971358927483242,,0.025929311395490554,0.002437538086532602,0.04092017062766606,,0.01416819012797075,0.026538695917123704,0.14853747714808044,0.00036563071297989033,0.05097501523461304,0.18308957952468008,,0.004204753199268739,0.06919561243144425,0.11197440585009141,0.26252285191956126,0.03360755636806825,,32820.0
45919000,,,,,0.187746170678337,,0.004959883296863603,,0.05864332603938731,,,,,,0.13070751276440554,0.015317286652078774,0.12472647702407003,,,6855.0
45920000,0.018204828660436136,,0.03154205607476635,0.034559968847352025,0.08970989096573209,,0.2151479750778816,0.014310747663551402,0.05174260124610592,,0.11803933021806853,0.0579731308411215,0.0008761682242990654,0.0021904205607476634,0.058459890965732085,0.078952492211838,0.1838006230529595,0.019275700934579438,,20544.0
45921000,,,,,0.16773162939297126,,,0.017940525927746375,0.21000245760629146,,,,,,0.0879823052347014,0.3557385106905874,0.08048660604571148,,,8138.0
45922000,,,,0.042570443948915467,0.21396715994323942,,,0.02544090816947091,0.10247314007703223,,,,,,0.10997364686803163,0.008919521589296575,0.0716602473140077,0.34765862558280963,,9866.0
45923000,0.03340160705845281,,0.024814873168426028,0.00031510950055144165,0.11154876319521033,,,0.00582952576020167,0.252796596817394,0.0016543248778950685,0.000787773751378604,0.20300929573026627,,0.011343942019851899,0.08334646289585632,0.036473924688829366,0.19867654009768396,,0.03332282968331495,12694.0
45924000,0.01971003506112006,,0.017341040462427744,0.05211788117123093,0.14033924002653275,,0.14071827916232352,,0.0003790391357907704,,0.09542310243532645,0.054013076850184784,,0.0006633184876338482,0.08471524684923719,0.2125461953946745,0.15047853690893584,0.02416374490666161,,10553.0
45925000,0.04207198443579767,,,0.009727626459143969,0.13241731517509728,,0.013375486381322957,,0.10007295719844359,,0.005593385214007782,0.12743190661478598,,,0.1220817120622568,0.11904182879377431,0.22191147859922178,0.09800583657587549,,8224.0
45926000,,,0.08312655086848635,,0.14985820630981922,,0.0037220843672456576,0.004696915987238568,0.0640730237504431,,0.1238036157390996,0.13107054236086493,,,0.08525345622119816,0.007355547678128323,0.29404466501240695,0.03013115916341723,,11284.0
45927000,,,,0.00032438569459086855,0.1816559889708864,,,0.09350417646581785,0.013218717054577894,,0.02043629875922472,0.3874787121887925,,0.005190171113453897,,0.17865542129592085,0.03957505474008596,,,12331.0
45931000,,,0.09621993127147767,0.03628461693955933,0.11390741863755811,0.03547604608853851,,0.19981807155852033,0.15463917525773196,,0.06145138467758237,0.047099252071962805,,0.005457853244390539,0.0006064281382656155,0.15969274307661208,0.05558924600768142,,,9894.0
45932000,,,0.07914723517654897,0.007195203197868088,0.13337774816788808,,,0.019187208527648235,0.03584277148567622,,,0.3536309127248501,,0.0010659560293137908,0.027448367754830113,0.026115922718187874,0.23704197201865423,,,7505.0
45941000,,,,0.02828802351212344,,,,,0.03710506980161646,0.022777369581190303,,,,,,0.009551800146950772,0.2446730345334313,,,2722.0
45942000,,,,,,,,,,0.43478260869565216,,,,,,,0.245593419506463,,,851.0
45943000,,,,0.05426935524022903,,,,0.329848145382126,0.16853373164052776,,,,,,0.01344286781179985,,,0.03335822753298481,,4017.0
45944000,,,,,0.34175531914893614,,,,,,,,,,0.005984042553191489,,0.024268617021276594,,,3008.0
45945000,,,,,0.21559633027522937,,,,,0.000982961992136304,,,,,,,,0.7673656618610747,,3052.0
45946000,,,,,,,,,,,,,,,,,,,,508.0
45947000,,,,,,,,,,,,,,,,,,,,520.0
45948000,,,,,,,,,,,,0.31602279924002535,,,0.00253324889170361,,,,,1579.0
45949000,,,,,,,,,,,,0.12781954887218044,,,,,0.5451127819548872,0.24774436090225563,,2660.0
45951000,0.08649503161698284,,0.7917795844625113,,0.028229448961156277,,,,,,,,,,,,,,,4428.0
45952000,0.028897908762022414,,0.04570722668313774,0.009838524662490073,0.07389923233036266,0.017338745257213448,0.008514956322244771,,0.034942204182475955,,0.20294714550427953,0.08034059825288979,,0.0017206388423188917,0.028633195093973354,0.021618282890673256,0.27962587134915734,0.13531280331774465,,22666.0
45953000,0.17453676031081888,,,,0.19874476987447698,,,0.16198445905558875,,,,0.05678421996413628,,,0.023311416616855946,0.04871488344291692,0.19695158398087267,,,3346.0
45954000,,,,,,,,,,,,,,,,,,,,233.0
45955000,,,,0.051059730250481696,0.279383429672447,,,,,,,,,,0.027938342967244702,,0.05973025048169557,,,1038.0
45956000,,,,,,,,,,,,,,,,,,,,527.0
45957000,,,0.02380235010545345,0.06206688761675203,0.2247664959325098,,,,,,,,,,0.13618559807170835,0.2208496535100934,0.06086170533293161,0.23470924977402832,,3319.0
45958000,0.03854796025365756,,0.13441853497778,0.012183552204523893,0.12722824187347082,0.037099915114595296,0.03635092624956309,0.0379487691616318,0.16128226893693515,0.006641034603285564,0.005093124282219004,0.04933339991012134,,,0.06136715434163879,0.012682878114545364,0.16307984221301244,0.10830378988365706,,20027.0
45959000,,,,,,,,,,,,,,,,,,0.13121019108280255,,785.0
45961000,,,,0.03119777158774373,,,,,,,,0.45125348189415043,,,,,0.02116991643454039,,,1795.0
46704000,0.0033257085381483103,,0.018818643435375804,0.019678460764750733,0.17240148602391264,0.018899758277769668,0.02881199201829951,0.055693450787625116,0.13205496341720607,0.009620220307911941,0.004964228354504307,0.14169140669359678,,0.006700085981732938,0.006326957706721176,0.04359111630246103,0.22898720007787024,0.07626417481870833,0.030531626677049367,61641.0
46705000,0.002183406113537118,,,0.024017467248908297,0.13973799126637554,,,0.06895924308588064,,0.01455604075691412,0.012190684133915575,0.30367540029112083,,,0.02638282387190684,0.050400291120815136,0.11990538573508006,0.12008733624454149,,5496.0
46707000,0.04017624484768086,,0.12131046572227223,0.017387596531956224,0.10849481214762875,0.016132088880466196,0.0016108400056853178,0.041289619557492774,0.06163831904107642,0.013336807694129909,0.008148955322878666,0.11455915099256171,,0.0012791964751030463,0.021864784194816887,0.08115790969820438,0.27339271331785664,0.057279575496280856,0.008930686502108305,42214.0
46708000,0.04393871113114015,0.07796304641730509,0.005069851284362326,0.0473186119873817,0.1486029743127535,0.08393420459666516,0.002253267237494367,0.16223524109959442,0.11131140153222172,0.00811176205497972,,0.12066246056782334,,,0.02174402884182064,0.009125732311852186,0.0724425416854439,0.04562866155926093,0.023546642631816134,8876.0
46709000,0.007849557792943048,0.011904397588517917,0.029638583713315177,0.016357070722526547,0.06772347522722404,0.02371698748355112,0.0017443461762095664,0.03773296202221746,0.07713376380940723,0.04236925054319552,0.01709153227040426,0.07032469320929094,,0.0031061602962328245,0.019799859228203324,0.019631545123481347,0.23883771460048353,0.29799247176913424,0.01703032714141445,65354.0
46710000,0.02249075427883375,0.010836845273931367,0.038918035606777326,0.03827298529285284,0.1325363378343511,0.03074739829706717,0.0038703018835469167,0.062311860325105356,0.08953298357271867,0.005418422636965683,,0.29457297669218196,,,0.02373785155242109,0.04738969639631891,0.10570224477509246,0.05581835383159887,0.030704394942805538,23254.0
46711000,,,0.06405369572422936,0.02875372886973815,0.07905203844879019,0.06521378853165397,0.00033145508783559825,0.016987073251574412,0.05974477958236659,0.010938017898574744,0.010772290354656945,0.3055187272124627,,,0.028173682466025852,0.07391448458733842,0.13854822671528008,0.04830957905203845,0.055104408352668215,12068.0
46715000,0.019585783687036562,0.04190744055228842,0.028944004091025315,0.045870621324469445,0.11559703400664792,0.03789312196369215,0.001713116849910509,0.047404755816926616,0.08749680388647404,0.010790079263615443,0.002045512656609563,0.27207875223727945,,0.0006647916133981079,0.0057274354385067755,0.021298900536947073,0.13975965226284837,0.08447967271797495,0.031066223472257733,39110.0
46716000,0.005560267646781642,,0.014513240976345302,0.010225237960606917,0.21044199415700687,,0.0013665064555649798,0.012864009047215155,0.0723306003204222,0.006455564979738007,0.012628404485910847,0.22674582979926491,,,0.004853453962868721,0.07299029309207426,0.22848930355291677,0.08269720101781171,0.015644142870605976,21222.0
46718000,,,,0.015196023048243136,0.11411139984182578,0.01553496780024856,0.0018641961360298272,0.07394644672918314,0.08993334086543893,0.005197152864083155,0.019432832448310924,0.4239069031747825,,0.0012427974240198847,0.019319850864309117,0.13874138515421985,0.04779121003276466,0.007739238504123828,0.021014574624336233,17702.0
46722000,0.009913197869402248,0.009370684553166305,0.003501676859341093,0.02697770763464194,0.14130005918327085,0.027766817912803315,0.005326494377589268,0.08512527125665811,0.12719471296113632,0.012181889919116196,0.006756756756756757,0.37601104754389425,,0.0016768593410929177,0.02322943381337542,0.006164924048135727,0.06455908463207734,0.02722430459656737,0.04571907674097455,20276.0
46725000,0.002714735584754045,,0.023129547182104464,0.009193904513700366,0.09490715604300141,0.011184710609186665,0.0032214862272414665,0.07496289861367503,0.07825677778984327,0.006298186556629384,0.005067506424874218,0.0875592717269338,,,0.004922720527020668,0.4269374162956528,0.10446302530133565,0.05816773446266334,,27627.0
46728000,0.02703810753746182,0.0048992476887440295,0.029190496689420496,0.028104052641288974,0.11940635057294549,0.04093639177582355,0.0028903511469159336,0.050857880819137814,0.12506405920095115,0.008609556607834697,0.0014759239899145194,0.29266342783346655,,0.0010659451038271528,0.004325277248221716,0.1138306377221573,0.06783100670315478,0.030071951294508334,0.05173933542422565,48783.0
46729000,0.03340062396770049,0.1567260047715177,,0.06221325013763993,0.18682327032483023,,0.0014681592952835382,0.1024041108460268,0.10992842723435493,,,0.14112681225913012,,,0.059827491282804186,,0.055239493485043124,0.0018351991191044228,,5449.0
46733000,0.03224310537657874,0.0099020704329087,0.05169262664011566,0.02692381134237159,0.11391472762486701,0.018167435009138276,0.002864235249188467,0.03458905043781882,0.060858179437518756,0.05278376387790174,0.010202133173299871,0.22030060830901008,,0.01072042336124826,0.011293270411085955,0.04140865817398183,0.24466024714258436,0.033607026923811345,0.017403638942688017,36659.0
46734000,0.020583046290851045,,0.0028144165336469796,0.018041670167184744,0.11221960850205831,0.053368898596992356,0.002394354364445938,0.04954633285726288,0.09337982021339158,0.015647315802738804,0.02738805343190792,0.22061665126438712,,,0.005691842392674115,0.27142317062925314,0.07344787028480215,0.023817524993699067,0.009388389481643283,47612.0
46735000,0.017276623804813717,0.10247279920870425,0.006726013847675569,0.014441147378832838,0.10214309264754369,0.034091658424002635,0.0011210023079459282,0.08460270359380152,0.06218265743488295,0.010748433893834487,,0.23395977579953842,,0.012199142762940983,0.0035608308605341245,0.007055720408836136,0.08038245961094626,0.13471810089020772,0.061589185624793936,15165.0
46737000,0.021462317210348705,,0.012823397075365579,0.02780652418447694,0.12161979752530934,0.027176602924634422,0.016647919010123736,0.06519685039370078,0.11388076490438695,0.03905511811023622,0.0044994375703037125,0.34735658042744655,,0.001484814398200225,0.002744656917885264,0.00733408323959505,0.09237345331833521,0.07050618672665916,0.02438695163104612,22225.0
46738000,0.008400330922127235,0.023016058208353663,0.021552364184043615,0.026346492437580873,0.11631064254046372,0.06943000784879404,0.0019940179461615153,0.060456927091067224,0.10190704482297787,0.019112874143526866,0.0008697312318364056,0.23652446914575423,,0.0011667126280732272,0.017649180119216817,0.10258585944294775,0.09208544579028871,0.06932394306442374,0.03126789843236249,47141.0
46739000,0.018695892429545037,,0.03868115675078283,0.0108675630871247,0.07570454964081783,,0.0003683919690550746,0.05654816724995395,0.034352551114385704,0.03343157119174802,0.007552035365629029,0.09568981396205563,,,0.022748204089150858,0.024498065942162462,0.4706207404678578,0.09209799226376865,,10858.0
46740000,0.0034079244508314513,,0.005501950318209813,0.01170190925887908,0.07275713405871484,0.009402586737836173,0.0011496612605214535,0.02299322521042907,0.04167522069390269,0.003777458427427633,0.0032026277971669063,0.11332375282282899,,0.0008622459453910902,0.004393348388421269,0.012933689180866351,0.10646684459043318,0.5692055019503182,0.01732703756928762,24355.0
46741000,,,0.020141160268548803,0.014546393527285246,0.0976932346359098,,,0.020829746944396627,0.04415562058874161,0.01368566018247547,,0.3948183852642451,,,0.0030986400413152006,0.21019108280254778,0.09554140127388536,0.029178860389051473,,11618.0
46742000,0.0237215033887862,,,0.015095502156500308,0.18869377695625386,0.02880468268638324,,0.030653111521873076,0.1250770178681454,,,0.3764633394947628,,,0.016019716574245224,0.02264325323475046,0.08964879852125693,,,6492.0
46744000,0.04142779069642838,,0.05396543040538369,0.02693985147719114,0.07494722403797727,0.04854316912954489,0.010362305639794683,0.14717260150665995,0.11681436792078784,0.013384198287594165,0.0332515350571695,0.09605760884707294,,0.006429558825105284,0.05347249756212561,0.03700211103848091,0.16649342577610132,0.06596727354558021,0.007758334315627043,93319.0
46745000,,0.06778276847692936,0.004409963250306247,0.061412821559820335,0.12699060841159657,0.03879134340547162,0.004654961208656595,0.15867701102490814,0.10959575336872193,0.018211514904042467,,0.23274806043282972,,0.0030216414863209473,0.012249897917517355,0.011269906084115966,0.07880767660269498,0.03495304205798285,0.032094732543895464,12245.0
46746000,0.023195086531928217,0.0004929455495010592,0.05286507947081629,0.014894949306545517,0.12965800237146777,0.0346260941392771,0.02439414327395782,0.05640895828614823,0.08638537683688831,0.016999960031441934,0.010018785222291797,0.1669886356066561,,0.0018119079657336228,0.021503084240397555,0.028351030522655512,0.27711533593573057,0.0438987996109727,0.010378502244900677,75059.0
46747000,0.024231062972991737,0.1166423661737138,0.0013885995973061168,0.014927445671040755,0.1273345830729709,,0.0011108796778448934,0.03735332916753454,0.08039991668402416,0.010761646879122405,0.004096368812053044,0.2836908977296397,,0.0033326390335346803,0.004721238630840797,0.12358536416024439,0.055682843851975285,0.04978129556342429,,14403.0
46748000,0.009903385817245373,,0.04111719870720199,0.00926390017110562,0.13289203062617744,0.01947838711350006,0.06057830242486044,0.05459824746366166,0.1310081404794414,0.008520714149916175,0.010249053734077671,0.1487927548004632,,,0.020912908968354103,0.08423927133203132,0.18249537669161237,0.07087920634646296,0.014656319673689487,57859.0
46750000,0.026438346349502043,0.023787346851042487,0.011427957297413483,0.03084473740775238,0.11861431539729168,0.04005158701726732,0.0019703374650712905,0.08203768718205919,0.10793866876835996,0.019739198968259656,0.002579350863366053,0.2455040481478828,,0.002113634735258293,0.002830121086193308,0.016264240166224832,0.17141935946120226,0.07096797306011321,0.025506914093286523,27914.0
46751000,0.009280824334815443,0.010727644858493895,0.022990331004305174,0.018791022655092103,0.07724610064224716,0.07274684169666172,0.0050638718328745854,0.06826522690380409,0.06828287105653187,0.025725174677112005,0.0019055684946008892,0.28011856870633073,,0.0008292751782059426,0.007498764909309055,0.006087232691086174,0.24438915943256403,0.07267626508575058,0.007339967534758981,56676.0
46752000,,0.08384146341463415,,0.08130081300813008,0.21392276422764228,,0.002540650406504065,0.16615853658536586,,,,,,,,,0.07063008130081301,,,1968.0
46755000,0.015279077019020891,0.029884225031936187,0.028043493567498516,0.02628323123811823,0.11412535079513564,0.05244575877365038,0.027057746663045557,0.04915658287817979,0.10396612249414085,0.03232847500930424,0.0609151352384401,0.11136928291942022,,0.0020016697345524408,0.029451703431002747,0.03454137622338232,0.22687266765241357,0.043282336018990716,0.012080428900489855,99417.0
46757000,0.026170067511188652,0.007231535563478217,0.004222609926926092,0.016410023009431337,0.13509823257225215,0.03160636172848871,0.00758552681483729,0.05499506940757035,0.15244380388884674,0.004601886267667956,0.005613289842979595,0.31376267415105313,,,0.015069913272143416,0.007231535563478217,0.0954764975094187,0.08442691344913904,0.03777592353788971,39549.0
46758000,0.009475117945478593,0.03387354665508597,0.018456740164630173,0.01768688683156004,0.11849819380564164,0.018515959651789416,0.0009277719654947788,0.04307230699382143,0.09848200714581812,0.02023332477940741,0.008113069740816044,0.19611520164235377,,0.0206478611895221,0.013995538798634004,0.030715174006593102,0.24149706863538561,0.0927574567204248,0.016956513156596065,50659.0
46759000,0.022146507666098807,,,0.02555366269165247,0.1282867935708466,0.08621583586401008,0.005555144063402711,0.05762536108436412,0.09517813495296645,0.01962817569068958,,0.2959040071105844,,,,0.0072587215761795425,0.09243759721502111,0.03621953929338567,,13501.0
46760000,0.05124683009298394,,0.04037404902789518,0.01661031276415892,0.07626796280642434,0.04629120879120879,0.019843617920541,0.03803888419273035,0.07255917159763313,0.01558537616229924,0.007713440405748098,0.22812764158918006,,0.0015849535080304311,0.013250211327134404,0.036052409129332205,0.2405008453085376,0.08368554522400676,0.01048182586644125,94640.0
46762000,,,,0.01825139829261113,0.14306741242272594,,,0.024138946128937296,,,,,,,,0.47983514866058286,0.10921401236385046,0.006770680011775096,,3397.0
46764000,0.05427782888684453,,0.01523050189103547,0.013646120821833793,0.12644383113564348,0.011499540018399264,0.0013799448022079118,0.17111315547378106,0.06685065930696106,0.019114790963916998,0.005008688541347235,0.09230297454768475,,,0.009046304814474087,0.2192067872840642,0.17346417254420934,0.014208320556066646,0.007257487478278647,19566.0
46766000,0.013743815283122594,0.0014660069635330768,0.007268951194184839,0.03933785352147089,0.10897318428929204,,0.0007330034817665384,0.09211410420866166,0.20365280068413658,0.014354651517928044,,0.1833730376885957,0.05094374198277442,,0.017530999938916377,0.012583226436992242,0.09498503451224727,0.103475658176043,0.032985156679494226,16371.0
46767000,0.01573924897756847,,,0.015119593506010658,0.08662783492378237,,0.24476391126533648,0.09468335605403395,0.05552113025158012,,0.00582476143264345,0.21948196802577766,,,0.01078200520510596,0.20163589044491262,0.03792291485933821,,,8069.0
46768000,0.006224066390041493,0.038198681962411524,0.010617525018306078,0.013947487708776457,0.1183618675686042,0.034153910526866345,0.0026674570243034974,0.039907249206736634,0.06952822622825064,0.003504306286830085,0.005038529934795495,0.21109522647233167,0.0023362041912200564,0.0008717179817985286,0.01865476481048851,0.07392168485651522,0.20856724432511595,0.11984378813766171,0.022525192649673977,57358.0
46770000,0.03435903673072245,0.006628557528581854,0.014929457552906835,0.023504013621989783,0.14056798832400877,0.02687910484067137,0.009517149112138166,0.0717891024081732,0.0983033325225006,0.015142301143274143,0.0060204329846752615,0.35873266845049867,,0.003375091218681586,0.011919241060569205,0.04609584042811968,0.08051568961323279,0.03417659936755047,0.017483580637314523,32888.0
46771000,0.01710959388515627,0.002584119903163507,0.02815330631341294,0.01422626009846857,0.10235834942741343,0.0205641541767538,0.000952044174849713,0.05845551233577238,0.11500693632184533,0.02567799145880369,0.01599434213747518,0.19916764137855997,,0.004678617087832875,0.00799717106873759,0.0540761091314637,0.23069390419715474,0.07956369175529744,0.02274025514783886,36763.0
46772000,,0.06663447609850313,,0.04732013520038629,0.13037180106228874,,,0.19410912602607436,,,,,,,0.024867213906325448,0.18445195557701594,0.07073877353935297,,,4142.0
46776000,0.12838173062892164,0.022267620020429008,0.015496862687873925,0.015292572595943382,0.09006274624252153,0.03210272873194221,0.0017218736319859916,0.053027871005399095,0.08994600904713264,0.004144170436305268,0.0009338975631110462,0.3849117174959872,,0.002830876988180359,0.011119217860790894,0.009601634320735445,0.08124908799066102,0.05670509266014884,,34265.0
46778000,0.009372846312887664,0.012129565816678152,,0.048104755341144036,0.14968986905582357,0.025775327360441073,0.0024810475534114405,0.06602343211578222,0.13590627153687113,0.019710544452101998,0.009097174362508615,0.2332184700206754,,,0.027705031013094416,0.012405237767057202,0.0828394210889042,0.02935906271536871,,7255.0
46780000,0.038692098092643054,,0.0018165304268846503,0.013381774144716923,0.07387223735997578,0.011989100817438692,0.0008477141992128368,0.016893732970027248,0.03953981229185589,0.007205570693309113,0.00018165304268846503,0.6613987284287012,,,0.007689978807145019,0.03772328186497124,0.06575840145322434,,,16515.0
46781000,,,,0.014674841692632425,0.04945220625188461,,,0.01175997587697256,0.005528193788320434,,0.0004020504573323952,0.14544175293999398,,,0.028143532013267664,0.21358930545783497,0.5202532917881194,,,9949.0
46783000,0.03440285032877268,,0.02274855890389796,0.019282203790782777,0.0756225438604961,0.004335357787712302,0.00626647484237257,0.08586711983546882,0.049233829308563536,0.03838095146137283,0.019610493690075025,0.10634661620014098,,0.0013228151824422837,0.0165689843289851,0.09482750296909247,0.19423175335772977,0.21054003688433576,0.020199484391746406,103567.0
46784000,0.04011899019134909,0.007155491236533204,0.022632255989708958,0.03087313072841293,0.12361312108055958,,0.0022511657822801095,0.06717317896767969,0.18712815565203408,0.01137642707830841,0.004019938896928766,0.2151873291525969,,,0.007798681460041808,0.005627914455700273,0.15762180414857693,0.07766521948866377,,24876.0
46786000,0.0004728505004334463,0.02766175427535661,,0.026006777523839546,0.1480810150524076,0.09764362833950666,0.0013397430845614312,0.12081330286074553,0.1408306407124281,0.0075656080069351405,,0.19323823784380173,,0.0019702104184726927,0.010639136259752541,0.019544487351249112,0.07502561273544014,0.055638742217668846,0.0695090235637166,12689.0
46787000,,,,0.06829555490138357,0.22961436561672063,,0.003532528701795702,0.1003826906093612,,,0.035030909626140715,0.10803650279658522,,0.014130114807182808,0.03561966440977333,0.049749779216956135,0.1389461289372976,,,3397.0
46788000,0.007346214620353173,,0.0013860782302553157,0.027832450863526738,0.13103983588833754,0.03717461813544756,0.003049372106561694,0.09450281373880742,0.10168269897152996,0.01322318631663571,0.01563496243727996,0.31913065173398386,0.00210683890998808,0.005960136390097857,0.03282233249244587,0.03481828514401353,0.12879438915532393,0.028081944944972695,0.008898622238239126,36073.0
46790000,0.02381442591448768,,0.005661931233271566,0.021069247134719648,0.11419943723835015,0.0253929037128543,0.004907007068835358,0.05339372726648823,0.07878663097934253,0.020931988195731246,0.010054217280900418,0.43638048177887584,,,0.0031912703314803375,0.01866721570242262,0.12994990048726923,0.030917576007137466,0.015373001166700982,29142.0
46791000,,,,0.020693852708460133,0.12964090079123555,,,0.03560559951308582,0.08399269628727937,,,0.4646987218502739,,,,,0.07455873402312842,,,3286.0
47515000,0.048994224258115913,0.026488747261501692,,0.020115514837681737,0.1269667396932882,0.058852818163712406,0.0035849432383987254,0.09171479784903405,0.08275243975303724,0.014837681736705835,0.01374228241386178,0.1404102768372834,,0.0008962358095996813,0.01902011551483768,0.011850229038040231,0.03913563035251942,0.06532563234415455,,10042.0
47517000,,,0.01006661732050333,0.021761658031088083,0.09844559585492228,0.05077720207253886,0.0023686158401184307,0.04041450777202073,0.07017024426350851,,,0.02827535159141377,,,,0.014359733530717986,0.03212435233160622,,,6755.0
47519000,0.013369820172009382,,0.03565285379202502,0.015324472243940578,0.1462079749804535,0.09421422986708367,0.008131352619233777,0.090852228303362,0.17591868647380765,0.007662236121970289,0.00547302580140735,0.1052384675527756,,0.0009382329945269742,0.006645817044566067,0.10672400312744332,0.05910867865519937,0.09225957779515247,,12790.0
47522000,0.02776891158633897,,0.07481646983721672,0.02138525375039898,0.07009256303862113,0.011426747526332588,0.0014682413022661985,0.044813278008298756,0.08828598787105012,0.027513565272901372,0.018384934567507182,0.023747207149696775,,,0.003830194701563996,0.043536546441110754,0.027066709224385574,0.04736674114267475,,15665.0
47524000,0.05612314398583299,,0.0190028606456886,0.018594196975888842,0.12600463152159105,,0.003609862416564501,0.05087862689006947,0.11176951369023294,0.016482768015256777,0.018321754529355673,,,,0.025337147527584796,0.028606456885982835,0.036643509058711346,0.05918812150933116,,14682.0
47526000,,,0.038461538461538464,0.025198938992042442,0.15318302387267904,0.07506631299734748,0.003978779840848806,0.16379310344827586,0.10106100795755968,,0.003183023872679045,0.026127320954907163,,,0.03474801061007957,0.017639257294429708,0.05278514588859416,0.010477453580901857,,7540.0
47528000,0.05586424388046253,,,0.016669169544976725,0.10722330680282324,0.5152425289082445,0.0019522450818441207,0.06337287881063222,0.08529809280672773,,0.011713470491064724,,,,,0.007959153025979876,0.029133503529058417,,,6659.0
47605000,0.048571660444732996,0.04500081155656549,0.4443272196072066,0.007993832170102256,0.07470378185359519,0.061718876805713356,0.0011361791916896609,0.09109722447654602,0.044392144132446035,0.03343613049829573,,0.03428826489206298,,,0.00600551858464535,0.010103879240383055,0.03335497484174647,0.04605583509170589,0.011321214088621977,24644.0
47608000,0.034193879295606085,,0.03667293554453753,0.02282441442981706,0.1657548298854505,0.10172679090442811,0.004530689006667806,0.11326722516669516,0.13301419045990767,,0.004701658403145837,0.11813985296631903,,0.0011113010771071979,0.015729184475978798,0.009916224995725765,0.0482988545050436,0.1725081210463327,0.01196785775346213,11698.0
47610000,,,,0.029513343799058084,0.15824175824175823,0.05745682888540032,,0.22762951334379905,0.06436420722135008,,0.007221350078492936,,,,,0.02197802197802198,0.0260596546310832,,,3185.0
47620000,,,,0.05097312326227989,0.20759962928637626,0.03243744207599629,,0.1334569045412419,0.11399443929564411,0.06580166821130677,,,,,,0.04633920296570899,0.051899907321594066,,,1079.0
47701000,0.01622754065762375,0.049996449115829844,0.025211277608124423,0.021175105934711076,0.1289444404990176,0.042823663092109936,0.020938380323367187,0.15825107118339132,0.12145207489998343,0.012439930876121488,0.023270127595104516,0.06636602514025992,0.011386501905641172,0.00394148142887579,0.01722178822526809,0.04090618564022441,0.0731718864663968,0.1513268470515825,0.01493738607579954,84486.0
47730000,0.0015277777777777779,,,0.014375,0.14,0.08659722222222223,0.0025694444444444445,0.48444444444444446,0.12486111111111112,0.014513888888888889,0.0038194444444444443,0.012569444444444444,,,0.01125,0.005625,0.030833333333333334,0.017083333333333332,0.017291666666666667,14400.0
47731000,,,,,0.09164420485175202,,,0.3611859838274933,,,,,,,,,,,,371.0
47733000,,,,,0.14387527839643652,0.09799554565701558,,0.4494432071269488,0.12962138084632516,,,,,,,,0.027616926503340758,,,2245.0
47735000,,,,,0.2010221465076661,,,0.38671209540034074,,,,,,,,,0.013628620102214651,,,1174.0
47737000,,,,0.021600074163344765,0.1562065449151757,0.06702512283303977,0.003986279781218133,0.2830258644664874,0.11430425512190599,0.016223231667748216,0.005376842495596551,0.21766941689070177,,,0.021507369982386206,0.008714193010104756,0.023176045239640307,0.01279317697228145,0.026235283211272827,10787.0
49510000,,,,0.08064516129032258,0.1774193548387097,,,0.19815668202764977,0.15668202764976957,,,,,,,,0.04377880184331797,,,434.0
49523000,,,,0.06796116504854369,0.13398058252427184,,,0.3087378640776699,0.1669902912621359,,,,,,,,,,,515.0
49538000,,,,0.028486646884272996,0.13471810089020772,0.07418397626112759,0.00771513353115727,0.29851632047477744,0.15845697329376854,,,,,,,,0.0884272997032641,,,1685.0
49545000,,0.06409266409266409,,0.036293436293436294,0.11853281853281854,0.06293436293436293,0.0069498069498069494,0.11583011583011583,0.11119691119691119,,,0.03745173745173745,,,,0.011969111969111969,0.08416988416988418,0.29343629343629346,,2590.0
49603000,,,,0.07967479674796749,0.1821138211382114,,,0.26178861788617885,0.07804878048780488,,,,,,,0.01951219512195122,0.04552845528455285,,,615.0
49606000,0.0017945886250690225,,,0.014977912755383765,0.1097459966869133,0.07385422418553285,0.010767531750414136,0.10008282716731087,0.12486195472114854,0.013804527885146328,0.0033130866924351186,0.38680287134180014,,,,0.014563776918829376,0.04997239094422971,0.04728050800662617,,14488.0
49608000,0.021202064896755163,0.04074483775811209,,0.05328171091445428,0.1071165191740413,0.0853613569321534,0.005715339233038348,0.12020648967551623,0.12112831858407079,0.07061209439528024,,0.10287610619469026,,0.013827433628318585,,0.016039823008849558,0.042588495575221236,0.1847345132743363,,5424.0
49612000,,0.06004002668445631,,0.058038692461641096,0.1801200800533689,0.050700466977985324,0.009339559706470981,0.22348232154769845,0.15410273515677117,,,,,,,0.0533689126084056,0.038692461641094064,,,1499.0
49614000,0.037444037444037445,0.23931623931623933,,0.031746031746031744,0.13024013024013023,0.03825803825803826,0.004884004884004884,0.09768009768009768,0.06105006105006105,,,,,,,,0.05168905168905169,0.15384615384615385,,2457.0
49616000,0.013574660633484163,0.05957767722473605,,0.05279034690799397,0.10633484162895927,0.043740573152337855,,0.1817496229260935,0.16515837104072398,,,,,,,,0.0392156862745098,0.08672699849170437,,1326.0
49620000,,,,0.021789522484932777,0.14510894761242465,0.04775150672229949,0.010199350950394067,0.1743161798794622,0.1835883171070932,,,,,,,0.024571163653222067,0.05285118219749652,0.18636995827538247,,2157.0
49624000,,,,0.07448275862068965,0.1889655172413793,,,0.24551724137931036,0.17379310344827587,,,,,,,,0.03586206896551724,,,725.0
49625000,,0.1220221451739179,0.009730455206352757,0.02583603623755732,0.11810759422883346,0.04965887484621407,,0.1365619058270887,0.051895761100548034,0.005592215635834918,,0.21574767923051114,,,0.0008947545017335869,0.0204675092271558,0.17917458897215077,0.037244156134660554,,8941.0
49628000,0.009316770186335404,0.011313220940550133,,0.024179236912156166,0.11823425022182786,0.04503105590062112,0.0075421472937000885,0.18877551020408162,0.09183673469387756,,,0.36668145519077194,,0.011535048802129548,,0.008429458740017746,0.09316770186335403,0.022182786157941437,,4508.0
49630000,,,,0.030776515151515152,0.11789772727272728,,,0.24573863636363635,0.07859848484848485,,,0.3210227272727273,,,,0.026515151515151516,0.030303030303030304,0.011363636363636364,,2112.0
49632000,,,,0.06376689189189189,0.19636824324324326,,0.011402027027027027,0.17567567567567569,0.14991554054054054,,,0.008868243243243243,,,,0.029983108108108107,0.060810810810810814,,,2368.0
49634000,,,,0.1257606490872211,0.12778904665314403,,,0.24543610547667344,0.23732251521298176,,,,,,,0.0486815415821501,0.02434077079107505,,,493.0
49639000,,0.004201680672268907,,0.03676470588235294,0.13826155462184875,0.08757878151260504,0.007352941176470588,0.12408088235294118,0.18369222689075632,0.01011029411764706,,0.2913602941176471,,,,0.013786764705882353,0.04004726890756303,0.01798844537815126,,7616.0
49647000,,,,0.09733124018838304,0.13186813186813187,0.11145996860282574,,0.25745682888540034,0.14285714285714285,,,,,,,0.059654631083202514,0.06279434850863422,,,637.0
49650000,0.006172839506172839,,,0.03733098177542622,0.13639035861258084,0.06055261610817166,0.006172839506172839,0.10582010582010581,0.06643151087595532,0.005291005291005291,0.001763668430335097,0.32069370958259846,,,,0.010582010582010581,0.0805408583186361,0.06701940035273368,,3402.0
49655000,,,,,0.13778705636743216,0.0744606819763396,,0.22059846903270702,0.20389700765483645,,,,,,,,0.04314544189283229,,,1437.0
49701000,0.015441401653745104,0.0033848584000902627,0.013765090827033736,0.024064731387308393,0.12374075208329975,0.04816169952128431,0.02216276333392434,0.1305427056301478,0.11674537805644654,0.008736158346899631,0.024902886800664076,0.23761705968633645,,0.004126303573443368,0.0021759804000580263,0.041375864347770026,0.09930529810931481,0.06771328637513901,0.016053899840428106,62041.0
50603000,0.033448275862068964,0.20482758620689656,,0.0496551724137931,0.3451724137931034,0.039310344827586205,,0.08758620689655172,0.10551724137931034,,,,,,0.03,0.046206896551724136,0.01896551724137931,0.028275862068965516,,2900.0
50604000,0.0314028899761065,0.013198316076914325,,0.03982250540448288,0.1911480259415178,0.08226191830697463,0.004096029127318239,0.07577653885538742,0.11480259415178064,0.0037546933667083854,0.0069404937990670155,0.0527932643076573,,0.0021617931505290705,0.017294345204232564,0.01797701672545227,0.028103310956877917,0.3032199340084196,0.013539651837524178,8789.0
50606000,0.032996632996632996,,,0.029405162738496072,0.26352413019079685,0.03793490460157127,0.004489337822671156,0.10864197530864197,0.15151515151515152,,0.00404040404040404,,,0.006285072951739619,,0.01616161616161616,0.021773288439955105,0.15308641975308643,0.017732884399551067,4455.0
50608000,0.010820244328097731,0.1612565445026178,,0.07923211169284468,0.34345549738219894,,,0.137521815008726,0.16719022687609075,,,,,,,0.030715532286212915,0.016404886561954626,0.020593368237347295,,2865.0
50610000,0.016968762051677595,0.06440416505977632,,0.06710374084072503,0.3231777863478596,0.04473582722715002,0.005784805244890089,0.1322792132664867,0.2013112225221751,0.0019282684149633628,,0.002699575780948708,,,,0.05090628615503278,0.023139220979560355,0.039336675665252605,0.018125723100655612,2593.0
50613000,0.009549795361527967,0.10050022737608004,,0.06639381537062301,0.26875852660300137,0.05229649840836744,,0.13233287858117326,0.14688494770350158,,0.0036380172805820826,0.12778535698044566,,,0.01273306048203729,0.030468394724874944,0.020463847203274217,,0.010004547521600727,2199.0
50615000,0.013156819481899158,0.16098717005802077,0.0016343875132793985,0.012666503227915338,0.18918035466209038,0.02239110893192776,0.01054179946065212,0.037509193429762194,0.052382119800604726,0.007354743809757294,0.005802075672141865,0.3142109994279644,0.11783933970744463,,0.0013075100106235188,,0.02386205769387922,0.02312658331290349,0.004984881915502165,12237.0
50617000,0.018926056338028168,0.04940580985915493,0.0022007042253521128,0.02244718309859155,0.21643926056338028,0.0818661971830986,0.007592429577464789,0.07460387323943662,0.10409330985915492,0.017825704225352113,0.014634683098591549,0.08879841549295775,,,0.010123239436619719,0.020356514084507043,0.03125,0.2249119718309859,0.014084507042253521,9088.0
50619000,0.0398393036491463,0.19517910947438902,,0.0381653833277536,0.2721794442584533,0.04854368932038835,0.002343488449949782,0.12119183126883161,0.1375962504184801,0.015400066956812855,0.0063608972212922665,0.006026113157013726,,,,0.021426180113826583,0.03481754268496819,0.04854368932038835,,2987.0
50621000,0.02543068088597211,0.17117856166256495,,0.0587913590374624,0.3007929997265518,0.013125512715340444,0.004922067268252666,0.14875581077385835,0.08859721082854799,,,0.038829641782882146,,,,0.01394585726004922,0.042111019961717254,0.04320481268799563,0.010391030899644518,3657.0
50623000,0.026941917424772567,0.13925822253324002,,0.03936319104268719,0.1950664800559832,0.022568229531140658,0.009972008397480756,0.129111266620014,0.11808957312806158,0.006123163051084675,0.002974107767669699,0.14380685794261722,,,,0.057207837648705386,0.04443666899930021,0.03971308607417775,0.0185444366689993,5716.0
50625000,0.033713200379867046,0.1899335232668566,,0.0389363722697056,0.2720797720797721,0.04131054131054131,0.007597340930674264,0.11016144349477683,0.1467236467236467,0.006172839506172839,,,,,,0.03133903133903134,0.01899335232668566,0.08404558404558404,0.008072174738841406,2106.0
50627000,0.019885002395783422,0.19190225203641592,,0.047436511739338764,0.2886919022520364,0.013655965500718735,0.008145663632007666,0.12937230474365116,0.16890273119310015,,0.004312410158121706,0.007666506947771922,,,,0.03953042644944897,0.030426449448969814,0.04432199329180642,0.002635361763296598,4174.0
50630000,0.018897310767313883,0.003634098224483439,,0.03571799397778008,0.2597861073616447,0.07050150555497871,0.011940608451874156,0.13383864603883294,0.14754438791402763,0.008306510227390717,0.0012459765341086076,0.1840930329145468,,0.005087737514276815,,0.023777385525905928,0.03696397051188869,0.03011109957429135,0.020039455923580106,9631.0
50632000,0.01624323198667222,0.05393586005830904,,0.027280299875052063,0.30154102457309456,0.03165347771761766,0.003956684714702207,0.10641399416909621,0.1239067055393586,,0.0058309037900874635,0.07913369429404415,,,0.005622657226155768,0.027696793002915453,0.029987505206164097,0.1699291961682632,0.009579341940857976,4802.0
50634000,0.013166144200626959,,,0.08589341692789969,0.4106583072100313,,,0.16551724137931034,0.21316614420062696,,,,,,,0.03761755485893417,0.02445141065830721,,,1595.0
50636000,0.02056737588652482,0.31465721040189126,,0.029078014184397163,0.25059101654846333,0.015130023640661938,0.0037825059101654845,0.07730496453900709,0.13073286052009456,,,,,,,0.027423167848699765,0.02127659574468085,0.017966903073286054,0.0070921985815602835,4230.0
50638000,0.020439645198611647,,,0.03586579251831855,0.2873119938295411,0.031237948322406478,0.0017354415734670266,0.09602776706517548,0.23949093713844968,0.0017354415734670266,0.008484381025838797,,,,,0.01870420362514462,0.03548013883532588,0.19726185885075204,0.011762437331276514,5186.0
50640000,0.004959663496248862,0.051542832030636906,0.012524719841793012,0.01104937690303544,0.12207678061336598,0.013278086448818156,0.004426028816272719,0.07128731518975422,0.060991304893743915,0.001789245691684716,0.0006278055058542864,0.21389333584455536,,0.0009730985340741438,0.004928273220956148,0.026148099318831025,0.31321216687070347,0.0811124713563738,0.005210785698590577,31857.0
50642000,0.006286911792722423,0.14497999618975044,,0.04305582015622023,0.24461802248047246,0.05486759382739569,0.006286911792722423,0.13564488473995046,0.12097542389026482,0.006667936749857116,0.0032387121356448846,0.04496094494189369,,,0.03943608306344065,0.01886073537816727,0.04000762049914269,0.074299866641265,0.010287673842636692,5249.0
50644000,0.01046337817638266,,,,0.27204783258594917,0.014947683109118086,,0.1905829596412556,0.19656203288490284,,0.007473841554559043,,,,0.06203288490284006,0.06651718983557549,0.01943198804185351,,,1338.0
50648000,0.009081934846989142,0.20138203356367226,,0.04639684106614018,0.22250740375123396,0.040276406712734455,0.003751233958538993,0.0949654491609082,0.12221125370187562,0.0015794669299111549,0.005330700888450148,0.09891411648568608,,,0.010266535044422508,0.022902270483711747,0.02487660414610069,0.07068114511352419,0.012043435340572556,5065.0
50650000,0.031107850330154074,0.09112252384446075,,0.043286867204695524,0.2314013206162876,0.09567131327953045,0.008657373440939104,0.08862802641232576,0.12780630961115186,,0.008363903154805575,0.061628760088041086,,,0.011445341159207631,0.015407190022010272,0.04035216434336023,0.1338224504768892,,6815.0
50652000,0.016038668570800836,0.0647039437548061,,0.034933538393936064,0.22728770734922554,0.024497418433483468,0.007909480391079863,0.10820608590574536,0.13226408876194662,,0.0024167856750521807,0.19982423376908712,0.040645940898604856,0.0034054707239371635,0.00955728880588817,0.01406129847303087,0.030099967043831704,0.07744699549599034,,9103.0
50654000,0.0274032187907786,0.058286211396259245,,0.037407568508046975,0.25402348847324924,0.03653762505437146,,0.20791648542844715,0.16702914310569814,,,,,,0.0039147455415398,0.03349282296650718,0.020008699434536755,0.04219225750326229,0.039582427142235754,2299.0
50655000,0.03193033381712627,0.20125786163522014,,0.0401548137397194,0.3173681664247702,,0.005805515239477504,0.13691340106434446,0.15384615384615385,,,0.011611030478955007,,,,0.027576197387518143,0.015965166908563134,,,2067.0
50656000,0.011531365313653136,0.046125461254612546,,0.03874538745387454,0.2788284132841328,0.028828413284132843,0.007149446494464945,0.12292435424354244,0.21955719557195572,,0.00507380073800738,,,,,0.01845018450184502,0.02421586715867159,0.03666974169741698,0.00922509225092251,4336.0
50657000,0.013809313941530777,0.07888937858087264,,0.05332745702952843,0.249889819303658,0.09710592037608344,0.004554135448802703,0.09651828999559277,0.12957249889819303,0.002791244307330689,0.003672689878066696,0.11018069634200088,,,0.002791244307330689,0.01851035698545615,0.03393565447333627,0.08814455707360071,,6807.0
50658000,0.01006036217303823,,,0.059154929577464786,0.3211267605633803,0.04024144869215292,0.006036217303822937,0.22293762575452716,0.15774647887323945,,,0.017303822937625755,,,,0.07847082494969819,0.02857142857142857,0.03903420523138833,,2485.0
50659000,0.025052742616033755,,,0.042457805907173,0.21940928270042195,0.1405590717299578,,0.11313291139240507,0.1315928270042194,,0.010812236286919831,,,0.002109704641350211,,0.020042194092827006,0.025580168776371308,0.19462025316455697,,3792.0
50701000,0.021831367972812512,0.001786226098349916,0.019420730458993573,0.02683689554927732,0.13485495229906236,0.0278349301887565,0.04854542848953855,0.09138926421815502,0.1154393399664251,0.009261249641731155,0.04600939687999017,0.1607680260410269,0.0022391802808827744,0.00287894607542071,0.00840140441387217,0.07196085656962699,0.11984860582238055,0.08000911026491422,0.010681529705605371,390768.0
50708000,0.005408614207506101,,0.028955873623111934,0.020117406503528792,0.20401028955873624,0.03667304267528527,0.10513818349713079,0.06259481564540598,0.1333025526020711,0.014840709715717961,0.00600224259613482,0.24840050128619484,,,0.004683068399182112,0.014181122617241606,0.06853109953169316,0.023745135545148736,0.01899610843611899,15161.0
50712000,0.02833809718252348,,0.013311555737035524,0.01763985300122499,0.14993875051041242,0.024091465904450795,0.018538178848509595,0.08583095140873825,0.14177215189873418,0.003919967333605554,0.004981625153123724,0.2615761535320539,0.04687627603103307,0.0012249897917517355,0.0005716619028174765,0.018864842792976726,0.05716619028174765,0.071294405879951,0.016496529195590037,12245.0
50717000,0.0061802416751222215,,,0.006364726501245273,0.07176459736186698,0.008394059588598837,0.002582787565722719,0.07407065768840512,0.06899732497002121,0.022414906373950744,0.005073332718383913,0.008025089936352736,,,0.00599575684899917,0.031823632506226364,0.05220920579282354,0.6359191956461581,,10841.0
50740000,,,0.08767881864328565,0.023996308260267652,0.11121365943700968,,,0.02045839101676665,0.08583294877711121,,,0.13228734040916781,,,,0.10936778957083526,0.09890786032918013,0.01384402399630826,,6501.0
52601000,0.007874015748031496,0.29691601049868765,,0.027230971128608925,0.23786089238845146,0.05282152230971129,0.003937007874015748,0.12040682414698163,0.10072178477690288,0.003937007874015748,,0.007217847769028871,,,,0.02230971128608924,0.027230971128608925,0.04363517060367454,,3048.0
52603000,0.01638418079096045,0.0655367231638418,,0.06751412429378531,0.22796610169491524,0.028531073446327684,0.005084745762711864,0.12146892655367232,0.21807909604519773,,0.011299435028248588,,,,0.03785310734463277,0.018361581920903956,0.039265536723163845,0.031073446327683617,0.011864406779661017,3540.0
52606000,,,,0.051623646960865945,0.2497918401332223,,,0.21065778517901748,0.18817651956702747,,0.020815986677768527,,,,0.030807660283097418,0.06244796003330558,0.03164029975020816,0.06994171523730225,,1201.0
52609000,,0.05631159080244017,,0.03660253402158611,0.2674800563115908,0.07836696386672924,,0.1717503519474425,,,0.02017832003754106,,,,0.044110746128578134,0.021586109807602064,0.025340215861098078,0.05255748474894416,,2131.0
52612000,,,,0.02632937532266391,0.29065565307176044,0.08002065049044915,,0.1724315952503872,0.16933402168301498,,0.01858544140423335,,,,0.04646360351058337,0.049044914816726896,0.034073309241094474,0.06298399586990192,,1937.0
52615000,0.01456385098880883,0.16526138279932545,0.0012264295569523226,0.023302161582094128,0.21585160202360876,0.04798405641575962,0.005825540395523532,0.11881036332975625,0.13598037712708877,,0.012724206653380346,0.027747968726046297,,0.0030660738923808063,0.04169860493637897,0.059788440901425724,0.03449333128928407,0.08063774336961521,0.010577954928713782,6523.0
52618000,0.007207771858351614,0.02397367596364776,0.018019429645879034,0.031338138514572234,0.21153243497336258,0.07975556251958633,0.0061109370103415855,0.09761830147289251,0.13381385145722344,,0.009244750861798809,0.15277342525853965,,0.000940144155437167,0.04606706361642118,0.015512378564713256,0.055625195863365715,0.08806016922594798,0.022563459730492008,6382.0
52621000,0.0345855694692904,,,0.03756708407871199,0.2760882528324389,0.08169350029815146,,0.16159809183064996,0.19916517590936195,,0.016696481812760882,,,,0.025044722719141325,0.023255813953488372,0.0381633870005963,0.043530113297555156,,1677.0
52623000,0.016042780748663103,0.23689839572192514,,0.029144385026737968,0.18850267379679145,0.041176470588235294,0.0042780748663101605,0.09732620320855614,0.1286096256684492,,,0.07192513368983958,,,0.015508021390374332,0.013903743315508022,0.027540106951871656,0.057754010695187166,0.026470588235294117,3740.0
52626000,0.013808463251670379,0.13719376391982183,,0.03964365256124722,0.21603563474387527,0.066815144766147,0.005790645879732739,0.1358574610244989,0.22004454342984409,,0.013363028953229399,,,,0.045879732739420934,0.023608017817371936,0.024944320712694878,0.033853006681514475,,2245.0
52629000,0.020770920711004594,0.08687837028160575,,0.026562812063111643,0.21749550629119233,0.0329538645895746,0.0051927301777511484,0.10205712003195526,0.17555422408627921,,0.010984621529858199,0.182943878570002,,,0.02156980227681246,0.011184341921310166,0.033153584981026565,0.05192730177751148,0.01378070701018574,5007.0
52630000,,0.1544784580498866,,0.02976190476190476,0.20691609977324263,0.06377551020408163,0.003968253968253968,0.09892290249433107,0.17545351473922902,0.003968253968253968,0.00963718820861678,0.1102607709750567,,,0.020975056689342405,0.02947845804988662,0.031746031746031744,0.04251700680272109,,3528.0
52632000,0.010309278350515464,0.21597938144329898,,0.023195876288659795,0.2597938144329897,0.04252577319587629,0.004896907216494845,0.10438144329896908,0.1231958762886598,,0.01752577319587629,0.0538659793814433,,,0.03865979381443299,0.012628865979381444,0.025,0.050515463917525774,0.015463917525773196,3880.0
52634000,0.027972027972027972,0.06426906426906427,,0.03563103563103563,0.321012321012321,0.06327006327006326,0.004662004662004662,0.14119214119214119,0.17216117216117216,,0.01431901431901432,,,,,0.041625041625041624,0.03196803196803197,,0.018648018648018648,3003.0
52636000,,0.008664259927797834,,,0.271841155234657,0.07906137184115523,0.004332129963898917,0.17292418772563176,0.16173285198555956,,0.01768953068592058,0.002527075812274368,,,0.04693140794223827,0.018772563176895306,0.038628158844765344,0.10505415162454873,,2770.0
52639000,,0.03402854006586169,,0.04884742041712404,0.3029637760702525,0.07574094401756312,,0.16794731064763996,,,,,,0.001646542261251372,0.03951701427003293,0.05543358946212953,0.03512623490669594,0.04884742041712404,,1822.0
52641000,0.01982651796778191,0.10346964064436183,,0.03345724907063197,0.24070631970260223,0.07187112763320942,0.005266418835192069,0.11183395291201982,0.11648079306071871,0.004646840148698885,0.013011152416356878,,,,0.030049566294919453,0.021065675340768277,0.031288723667905825,0.177819083023544,0.008674101610904586,3228.0
52642000,,0.09248310810810811,,0.02533783783783784,0.2643581081081081,0.048986486486486486,0.006756756756756757,0.14189189189189189,0.14273648648648649,,0.10599662162162163,,,,0.03251689189189189,0.02153716216216216,0.03505067567567568,0.041807432432432436,,2368.0
52643000,,0.07384615384615385,,0.04492307692307692,0.27015384615384613,0.06892307692307692,,0.18584615384615386,,,,,,,0.010461538461538461,0.047384615384615386,0.038153846153846156,0.052307692307692305,0.024,1625.0
52644000,0.005924448615673393,0.11848897231346786,,0.01665884561238855,0.17597372125762553,0.021938057250117316,,0.03554669169404036,0.11203660253402159,0.007273580478648522,,0.207707648991084,,0.0015837634913186298,0.016013608634443923,0.010382449554199907,0.02880103237916471,0.052968090098545285,0.02240732050680432,17048.0
52646000,,0.33669927421899654,,0.024613442726412117,0.18933417481855475,0.04480908804039129,0.0041022404544020195,0.09782265698958661,0.10697380877248343,0.003155569580309246,0.011991164405175133,0.019564531397917324,,,0.034711265383401704,0.02619122751656674,0.024613442726412117,0.04828021457873146,,3169.0
52648000,,0.09535120461486257,,0.03020020359687818,0.2650152697658636,0.04648795385137428,0.006447234475738039,0.11062097047845267,0.1330166270783848,,0.010858500169664066,0.08788598574821853,,0.006107906345436036,0.03664743807261622,0.0498812351543943,0.03223617237869019,0.043434000678656264,,2947.0
52650000,0.005494505494505495,0.21904761904761905,,0.02271062271062271,0.26373626373626374,0.046886446886446886,0.005860805860805861,0.12967032967032968,0.12893772893772895,,0.012087912087912088,0.005860805860805861,,,0.03333333333333333,0.03223443223443224,0.03882783882783883,0.04652014652014652,,2730.0
52651000,0.027390900649953576,0.034354688950789226,,0.032497678737233054,0.3268337975858867,0.09285051067780872,0.004642525533890436,0.14716805942432684,0.15088207985143917,,0.014391829155060354,,,,0.013463324048282266,0.03574744661095636,0.04596100278551532,0.039925719591457756,,2154.0
52652000,,0.007232084155161078,,0.045364891518737675,0.32215647600262987,0.05259697567389875,,0.18211702827087442,0.17291255752794216,,0.01972386587771203,,,,0.024983563445101907,0.05193951347797501,0.03944773175542406,0.05128205128205128,,1521.0
52653000,0.007159904534606206,0.01646778042959427,,0.028878281622911693,0.25178997613365156,0.03651551312649165,0.0059665871121718375,0.1353221957040573,0.218854415274463,,,,,,0.035083532219570404,0.041766109785202864,0.0405727923627685,0.06945107398568019,0.0431980906921241,4190.0
52654000,0.010582777616700493,0.005363873586546825,,0.04581037982023775,0.23731516381559872,0.07277471730936504,0.00565381269933314,0.1277181791823717,0.25224702812409394,0.001304726007538417,0.012032473180632067,0.020005798782255727,,,0.03493766309075094,0.02551464192519571,0.04305595824876776,0.08002319512902291,0.01812119454914468,6898.0
52655000,,,,0.028426395939086295,0.3101522842639594,0.06751269035532995,,0.16802030456852793,,,0.014720812182741117,,,,0.06751269035532995,0.028426395939086295,0.029441624365482234,0.0817258883248731,,1970.0
52656000,0.018111254851228976,,,0.043661060802069857,0.27102199223803364,0.05530401034928849,0.0035575679172056922,0.1794954721862872,0.14683053040103494,,0.01520051746442432,,,,0.02684346701164295,0.02069857697283312,0.033958602846054335,0.09896507115135834,,3092.0
52657000,0.024238657551274082,,,0.029210689869484153,0.31385954008701056,0.06028589185829708,,0.20074580484773152,,,0.024238657551274082,,,,0.09011808576755749,0.03356121814791796,0.006836544437538844,0.061528899937849595,,1609.0
52658000,,0.0646313738226697,,0.028255927249106853,0.30139655732380644,0.05164014290354011,0.006495615459564794,0.15069827866190322,0.16466385189996752,,0.01818772328678142,,,,0.038324131211432286,0.034751542708671646,0.04936667749269243,0.04481974667099708,,3079.0
52659000,0.012909979064898814,0.2055129099790649,,0.03838101884159107,0.27424982554082344,0.026866713189113746,0.00628053035589672,0.13084438241451501,0.13921842288904396,0.00418702023726448,0.01465457083042568,,,,,0.03558967201674808,0.02721563154221912,0.04640614096301465,,2866.0
52701000,0.01809918528194921,0.0027327077094378483,0.036176538012291724,0.021919881813120635,0.13982657676507082,0.03523046077600166,0.030507352111753556,0.1003678784945728,0.1314428769481004,0.006848143687299641,0.027640010334074427,0.2206725153646582,,0.0026308224686066102,0.008725743125475314,0.03227942755049687,0.08535436050636964,0.08954984917345599,0.009664542844563149,274819.0
53604000,,0.16478931998331248,,0.03254067584480601,0.30329578639966626,0.0425531914893617,0.006257822277847309,0.11597830621610346,0.1214017521902378,0.0050062578222778474,0.008343763037129746,,,,,0.0392156862745098,0.040884438881935756,0.08468919482686692,0.01543596161869003,2397.0
53605000,0.015026296018031555,,,0.03268219383921863,0.3204357625845229,0.04432757325319309,0.004883546205860256,0.33809166040571,0.09241172051089407,,0.007888805409466567,,,,,0.039819684447783624,0.03606311044327573,,0.006386175807663411,2662.0
53606000,,,,0.048569886670264434,0.2541824069077172,0.04317323259579061,0.009713977334052886,0.12466270912034538,0.11386940097139774,,,,,,,0.052347544522396115,0.0248246087425796,,,1853.0
53607000,,,,,0.3291592128801431,,,0.13237924865831843,0.16338700059630293,,,,0.08169350029815146,,,0.04114490161001789,0.027429934406678593,0.04830053667262969,0.01490757304710793,1677.0
53610000,0.004176610978520286,0.1032219570405728,,0.042362768496420046,0.27923627684964203,0.014319809069212411,0.011933174224343675,0.1515513126491647,0.15513126491646778,,0.0065632458233890216,,,,,0.05489260143198091,0.0256563245823389,,0.012529832935560859,1676.0
53611000,,,,0.06286186931348221,0.41770057899090157,,,0.062034739454094295,,,,,,,,,0.030603804797353185,0.2572373862696443,,1209.0
53612000,0.04059932334461092,0.07153214113098115,,0.08699855002416626,0.4093765103914935,0.03141614306428226,,0.06283228612856452,,,,0.039632672788786856,,,,,0.025616239729337846,0.1179313678105365,,2069.0
53615000,0.04040404040404041,,,0.04419191919191919,0.26830808080808083,,,0.08775252525252525,0.1268939393939394,,0.010101010101010102,,,,,0.0946969696969697,0.05113636363636364,,,1584.0
53617000,0.03219315895372234,,,0.03169014084507042,0.335010060362173,0.030181086519114688,0.004527162977867203,0.11167002012072434,0.10010060362173039,,0.007042253521126761,,,,,0.04426559356136821,0.035211267605633804,0.22183098591549297,0.015593561368209255,1988.0
53619000,,0.12777321281840592,,0.0238290879211175,0.31388660640920296,,0.008216926869350863,0.11339359079704191,0.223911257189811,,0.01725554642563681,,,,,,0.03533278553820871,0.05587510271158587,0.016433853738701727,2434.0
53622000,0.024043715846994537,,,,0.33169398907103825,0.017486338797814208,0.009836065573770493,0.12568306010928962,0.126775956284153,,,,,,,,0.027868852459016394,0.126775956284153,,1830.0
53623000,,,,0.04702627939142462,0.5103734439834025,,0.016597510373443983,0.15975103734439833,,,,,,,,0.03665283540802213,0.04149377593360996,,0.004840940525587829,1446.0
53625000,0.007946210268948655,,,0.039119804400977995,0.27506112469437655,,,0.12224938875305623,0.1460880195599022,,,,,,,,0.022616136919315404,0.22616136919315402,,1636.0
53627000,0.01004566210045662,,,0.04018264840182648,0.3680365296803653,0.026484018264840183,,0.1634703196347032,0.16712328767123288,,,,,,,0.0684931506849315,0.028310502283105023,0.09771689497716896,,1095.0
53630000,0.017681159420289853,0.00608695652173913,,0.021739130434782608,0.26869565217391306,0.25130434782608696,0.006666666666666667,0.07217391304347825,0.1318840579710145,,0.007536231884057971,,,,,0.08028985507246376,0.059130434782608696,0.06231884057971015,,3450.0
53631000,0.008801498127340823,0.07528089887640449,,0.01853932584269663,0.2189138576779026,0.014606741573033709,0.004119850187265918,0.08445692883895131,0.11666666666666667,0.008614232209737827,0.006367041198501872,0.03895131086142322,,,,,0.03801498127340824,0.2295880149812734,0.024344569288389514,5340.0
53633000,,0.2124554005838469,,0.02367823548491729,0.21083360363282516,,0.006162828413882582,0.09633473889069089,0.13298734998378203,,0.006811547194291274,,,,,0.03405773597145637,0.031462860849821604,0.17547843010055142,,3083.0
53634000,0.04102477286834829,0.06466903673607584,0.07307714011624626,0.009931719428926133,0.16534055640200893,0.010608882117262006,,0.028497263134134643,0.04350770272557982,0.007223068675582642,0.00186219739292365,0.2651091924834942,0.024434287004119405,0.00016929067208396818,0.00558659217877095,0.038372552339032785,0.08588680097059985,0.12521866711810845,0.009085266068506292,17721.0
53636000,0.02595744680851064,,,,0.3604255319148936,,0.010212765957446808,0.1548936170212766,0.15574468085106383,,0.020851063829787235,,,,,0.02851063829787234,0.03489361702127659,0.0225531914893617,0.006808510638297872,2350.0
53637000,0.09838875557079191,0.10593075077134041,,0.03496743229345218,0.2749400068563593,0.014398354473774426,0.007884813164209805,0.11621528968117929,0.11655810764484059,0.006513541309564621,0.005827905382242029,0.04525197120329105,0.055879328076791225,,,0.052451148440178265,0.04182379156667809,,0.020911895783339046,2917.0
53638000,0.05245628642797669,,,,0.38634471273938387,,,0.18318068276436303,0.17568692756036636,,0.012489592006661115,,,,,,0.05328892589508743,,,1201.0
53640000,,0.31056773468240584,,0.01911186059584036,0.2374929735806633,0.008431703204047217,0.006464305789769534,0.11607644744238337,0.13715570545250141,,0.007307476110174255,,,,,0.024451939291736932,0.03485103991006183,,0.01433389544688027,3558.0
53641000,0.02359437751004016,0.13629518072289157,,0.04317269076305221,0.34086345381526106,,0.008785140562248996,0.11897590361445783,0.16189759036144577,0.002008032128514056,0.0050200803212851405,,,,,0.025100401606425703,0.035391566265060244,,0.008032128514056224,3984.0
53642000,,,,0.06918819188191883,0.40313653136531363,,,0.10977859778597786,0.1411439114391144,,,,,,,,0.06273062730627306,,0.013837638376383764,1084.0
53643000,0.03371970495258166,0.22602739726027396,,,0.2160168598524763,0.011591148577449948,,0.07639620653319283,0.11275026343519494,,0.008429926238145416,,,,,0.032665964172813484,0.02845100105374078,0.1828240252897787,,1898.0
53651000,0.016116653875671526,0.2361217702737273,,0.023791250959324637,0.20260936300844207,0.00844205679201842,0.0061396776669224865,0.07060629316960859,0.08749040675364543,0.00588385776413405,,,0.1330263494499872,,,0.04604758250191865,0.028907649015093375,0.06344333589153237,,3909.0
53652000,,0.016159695817490494,,0.024081115335868188,0.2658428390367554,0.017427122940430924,0.009188846641318124,0.2785171102661597,0.2217997465145754,0.022179974651457542,,,,,0.058935361216730035,0.017743979721166033,0.041191381495564006,0.012357414448669201,0.004435994930291508,3156.0
53653000,,,,0.03460381143430291,0.44383149448345033,,0.011033099297893681,0.11033099297893681,0.1534603811434303,,,,,,,0.028585757271815445,0.02457372116349047,0.05065195586760281,,1994.0
53656000,,,,,0.28399311531841653,,0.008605851979345954,0.21457257601835916,0.1927710843373494,,,,,,,,0.05679862306368331,,,1743.0
53701000,0.021148076012001894,0.005573248407643312,0.016042006632626202,0.017759383060483233,0.13446860030531135,0.05466652629362531,0.03270253197873348,0.15455071853450544,0.14481891877664896,0.014489129862609886,0.031866873716902666,0.10041717113228404,0.05396246775806706,0.004744170132126125,0.012646733694793915,0.026240985418750327,0.08033505290308997,0.0804140127388535,0.01313365268200242,151976.0
53704000,0.009330143540669857,,,0.02033492822966507,0.15502392344497606,0.027033492822966507,0.006220095693779904,0.09856459330143541,0.1270334928229665,0.005502392344497608,,0.07942583732057416,,0.0011961722488038277,,0.016985645933014354,0.03971291866028708,0.3679425837320574,0.009808612440191388,4180.0
53708000,,,,0.015703517587939697,0.24510050251256282,0.1423366834170854,0.012185929648241205,0.0850502512562814,0.15552763819095478,0.007537688442211055,0.010678391959798994,0.060552763819095475,0.026633165829145728,,0.01193467336683417,0.02198492462311558,0.04736180904522613,0.12675879396984924,0.014824120603015075,7960.0
53712000,0.026700161492912256,0.00208146420240445,0.0034810694419522697,0.0069980261977390995,0.09226628386865243,0.06326933429032837,0.008074645612775884,0.05304144984747892,0.10188408397631438,0.01754889646509959,0.008720617261797955,0.04083976314372869,0.4345594832226808,0.0030145343621029966,0.0007895209043603086,0.019630360667504038,0.03750224295711466,0.06398708056701956,0.015575094204198815,27865.0
53713000,0.03493747631678666,,,0.011898446381205002,0.09632436528988253,0.045850701023114816,0.003334596438044714,0.03698370594922319,0.09132247063281546,0.0018188707843880257,0.005835543766578249,0.10996589617279272,,,,0.013111026904130352,0.026222053808260704,,0.058734369079196665,13195.0
53714000,0.10131332082551595,,,0.0327287888263498,0.19407963310402335,0.03668959766520742,0.006670835939128622,0.11361267458828435,0.12653741922034606,0.0027100271002710027,0.005836981446737544,0.06816760475297061,,,,,0.0429435063581405,0.2263914946841776,0.008338544923910778,4797.0
53715000,0.05190156599552573,,,0.021029082774049218,0.1395973154362416,0.08210290827740492,0.005145413870246085,0.024384787472035794,0.11252796420581655,,0.008053691275167786,0.4760626398210291,,,,0.02237136465324385,0.036017897091722595,,0.006040268456375839,4470.0
53720000,0.02341368237063534,,0.0028047640339823585,0.010528027315962765,0.09446770456485509,0.03609609365472948,0.0033738465916019673,0.06272102760050405,0.0795496118043982,0.011666192431201984,0.005975366855005894,0.5616031868623227,,0.0017478964269745133,,0.011910084955896101,0.026909475224584367,0.029023210438600056,0.016787935449778465,24601.0
53723000,0.008383294380652372,0.004090031500863733,0.0075195610202215225,0.013591098465603088,0.15613250685905905,0.061858550960268266,0.009805914033126716,0.07895539071232598,0.14096636520678793,0.0023879687023676457,0.007900619855705721,0.26257494157097855,0.035590895234224165,0.004953764861294584,0.0012447921959150494,0.010059953256782847,0.05217965653896962,0.12447921959150493,0.017300071130982624,39364.0
53725000,0.023264052905054323,0.013816721776098252,,0.018186112423240433,0.21528105810108644,0.03684459140292867,0.007321681624940954,0.2089041095890411,0.12128011336797355,,0.00413320736891828,,,,,0.015351913084553614,0.04959848842701937,0.19992914501653283,0.01771374586679263,8468.0
53727000,0.049011027481183266,,,0.019604410992473308,0.21652371783651322,0.06178890250306319,0.011202520567127604,0.06598984771573604,0.1767897776999825,,0.019954489760196044,0.0712410292315771,0.024680553124453,,0.0274811832662349,0.04305968842989673,0.05286189392613338,0.13285489235077894,0.01785401715385962,5713.0
53732000,,,,0.010755258126195029,0.1477055449330784,,0.009321223709369025,0.07433078393881454,0.12237093690248566,,,0.014340344168260038,,,,0.0124282982791587,0.04660611854684513,,,4184.0
53755000,,,,,,,,,,,,,,,,,,,,1496.0
54501000,0.005087705976156124,0.12134558432682815,0.09924823449009036,0.008884501480750246,0.15847824436175867,0.026501632622066975,,0.022477029387197204,0.1116257878350672,0.0007593591009188245,0.008504821930290835,0.2220366011086643,,,0.008732629660566482,0.02194547801655403,0.10312096590477637,0.07631558964234186,,13169.0
54604000,0.015902366863905327,0.03587278106508876,,0.013313609467455622,0.3006656804733728,0.034023668639053255,0.00628698224852071,0.10318047337278106,0.1871301775147929,,,,,,,,0.03809171597633136,,,2704.0
54608000,0.012710127101271012,0.10947109471094711,,0.01107011070110701,0.21484214842148422,0.06765067650676507,0.006150061500615006,0.13858138581385815,0.11603116031160311,,0.007380073800738007,,,,,0.01927019270192702,0.04715047150471505,0.13571135711357113,,2439.0
54610000,,0.21250797702616464,,,0.25335035098915126,0.042118698149329926,0.00574345883854499,0.13784301212507977,0.12316528398213146,,,,,,0.024250159540523293,,0.03254626675175495,,,1567.0
54612000,,0.33761682242990654,,0.009929906542056074,0.231892523364486,0.036214953271028034,0.007009345794392523,0.1658878504672897,0.12675233644859812,,,,,,,,0.03329439252336448,,,1712.0
54615000,,0.19858925664677157,,0.017905588714053174,0.20075963103635378,0.0385241454150841,0.005425935973955507,0.12533912099837222,0.12696690179055886,,,0.018448182311448725,,0.002170374389582203,,,0.024959305480195332,0.19967444384156266,,1843.0
54618000,,0.2653252222742162,,0.014506317267197005,0.21899859616284512,0.04866635470285447,0.005147402901263453,0.11183902667290595,0.12681328965839964,,,,,,,,0.03696771174543753,,,2137.0
54620000,,,,0.03429602888086643,0.30324909747292417,0.08483754512635379,,0.20216606498194944,,,,,,,,,,,,554.0
54623000,0.009003939223410242,0.19696117051209905,,,0.18401800787844683,0.06302757456387169,0.009566685424873381,0.13674732695554306,0.11986494091164884,,,,,,,,0.03939223410241981,,,1777.0
54624000,0.0200836820083682,,,,0.20920502092050208,0.03347280334728033,,0.10125523012552301,,,,,,,,,0.02092050209205021,,,1195.0
54625000,,0.15269709543568466,,0.008091286307053943,0.1462655601659751,0.02863070539419087,0.004149377593360996,0.13319502074688797,0.06514522821576764,,,0.3425311203319502,,,0.008298755186721992,,0.022821576763485476,0.06452282157676349,,4820.0
54626000,0.024778761061946902,0.16991150442477876,,,0.26548672566371684,0.05132743362831858,,0.18761061946902655,0.22831858407079647,,,,,,,,,,,565.0
54629000,,0.51985559566787,,,0.22069795427196148,,,0.020697954271961493,0.01660649819494585,0.00457280385078219,,0.16269554753309265,,,,,0.024789410348977137,,,4155.0
54632000,0.01248513674197384,0.22175980975029727,,0.014863258026159334,0.2074910820451843,0.04102259215219976,0.005945303210463734,0.1450653983353151,,0.01248513674197384,,,,,,,0.07253269916765755,,,1682.0
54636000,,0.24409710675091453,,0.05952776854007316,0.1676089125374127,,,0.035916195543731294,0.1609577652144995,,,0.25773195876288657,,,0.004323245759893582,0.012969737279680744,0.02261390089790489,,,3007.0
54639000,,0.35098591549295777,,0.022535211267605635,0.17690140845070423,0.03492957746478873,,0.12225352112676056,0.1295774647887324,,,,,0.0067605633802816905,,,0.049577464788732394,,0.011267605633802818,1775.0
54643000,,0.1145418326693227,,0.0348605577689243,0.23207171314741035,0.08764940239043825,,0.2450199203187251,,,,,,,,0.02390438247011952,0.04780876494023904,,,1004.0
54650000,,0.42274966412897447,,0.00850873264666368,0.1858486341244962,0.05194805194805195,0.0049261083743842365,0.10434393193013883,0.14017017465293327,,,,,,,,0.03000447828034035,,,2233.0
54652000,0.14783281733746131,0.20510835913312694,,0.014705882352941176,0.18188854489164086,0.03018575851393189,0.009287925696594427,0.09404024767801858,0.1118421052631579,,,,,,,0.027476780185758515,0.06578947368421052,,,2584.0
54653000,,,,0.020833333333333332,0.25390625,0.061197916666666664,,0.19921875,,0.013020833333333334,,,,,,,,,,768.0
54654000,,0.36638264910921764,,0.017815646785437646,0.273431448489543,0.052672347017815646,,0.13710302091402013,0.08520526723470179,,,,,,,,0.02865995352439969,,,1291.0
54655000,0.013969025204980261,0.06073489219556635,,0.016702095353780748,0.16945034922563013,0.04767689037351959,0.00516246583662314,0.17643486182812027,0.13058001822046766,,,0.2648041299726693,,0.004251442453689645,0.012450652900091102,0.006377163680534467,0.047069541451563925,0.033707865168539325,,3293.0
54657000,,0.27181208053691275,,0.09865771812080537,0.22416107382550335,0.04496644295302014,,0.1523489932885906,0.0912751677852349,,,,,,0.015436241610738255,,0.049664429530201344,,,1490.0
54659000,,0.5025641025641026,,0.020512820512820513,0.15018315018315018,0.03736263736263736,,0.10695970695970695,,,,,,,0.00805860805860806,,0.01978021978021978,,,1365.0
54701000,0.022737399584972437,0.010821270799119022,0.012743637729315459,0.02292836318730983,0.18618951227895963,0.04103171268889483,0.03208188519268228,0.13469299418197558,0.138474073508256,0.006785573336388751,0.05082178003539192,0.12691441011343238,,0.004277584692357637,0.00819870399368547,0.0150224700505417,0.10039593120217953,0.07321544513615705,0.01239990324510815,78549.0
54705000,0.005993218200457377,0.04526456904029651,,0.011828720132481665,0.11860263386168284,0.04936519201955682,0.006150934468890466,0.09273716583865625,0.11442315274820598,,0.005362353126725021,0.41077202113398,,,0.017743080198722498,0.01174986199826512,0.045027994637646875,0.04179481113476855,0.017033356990773598,12681.0
54710000,0.009969505043396668,0.013957307060755337,,0.007389162561576354,0.1807412620220502,0.06052076002814919,0.005747126436781609,0.12784424114473375,0.1320666197513488,,0.0049261083743842365,0.3341543513957307,,,,0.003518648838845883,0.06134177809054656,0.029673938540933614,0.023926812104152005,8526.0
56603000,0.025152712899748474,0.2885375494071146,,0.02551203736974488,0.16636722960833633,,,0.08911246855910887,,,0.008623787279913761,,,,,,0.03413582464965864,0.22745238950772548,0.007186489399928135,2783.0
56606000,0.00484027105517909,,,0.0377541142303969,0.3378509196515005,,,0.1819941916747338,,,,,,,,0.046466602129719266,0.08712487899322362,,,1033.0
56609000,0.03420752565564424,0.26643861649562905,,,0.12466742683390346,0.010642341315089319,,0.08817939946788293,0.08437856328392246,,,0.3272519954389966,,,,,0.02774610414291144,0.010262257696693273,,2631.0
56612000,,0.11757789535567313,,0.07436801881246326,0.1866549088771311,0.03321575543797766,0.00205761316872428,0.1164021164021164,0.1111111111111111,,,0.2768959435626102,,,,0.02175191064079953,0.02792475014697237,0.012933568489124045,,3402.0
56613000,,0.2989550204452522,,0.011358473421172195,0.13190973799787975,0.02044525215810995,,0.09571406936241103,0.13509011055580797,0.0012115704982583674,,0.1637134635771619,,,,0.00484628199303347,0.059669847039224594,0.06421323640769347,0.006966530364985612,6603.0
56615000,,,,0.0679886685552408,0.24220963172804533,,,0.18980169971671387,,,,,,,,0.043909348441926344,0.0339943342776204,0.014164305949008499,,706.0
56618000,0.0630952380952381,,,0.025,0.23065476190476192,,0.0017857142857142857,0.15178571428571427,0.20029761904761906,,,0.23154761904761906,,,,,0.04672619047619048,,0.019345238095238096,3360.0
56623000,0.016047297297297296,0.23690878378378377,,,0.1579391891891892,0.015625,,0.13386824324324326,,,,0.21537162162162163,,,,0.024070945945945946,0.03800675675675676,0.02364864864864865,,2368.0
56626000,0.006829268292682927,0.11804878048780487,,0.04390243902439024,0.1795121951219512,,,0.1151219512195122,,,,,,,,,0.07512195121951219,,,1025.0
56629000,0.006000648718780408,0.1349335063250081,,0.018812844631852094,0.17337009406422316,0.11547194291274733,0.0009730781706130393,0.10882257541355822,0.12374310736295815,,0.004703211157963023,0.12131041193642556,,,,0.021083360363282518,0.06616931560168667,0.08790139474537788,0.0025948751216347712,6166.0
56631000,0.008238928939237899,,,0.02368692070030896,0.30175077239958803,0.028836251287332648,,0.24922760041194644,0.17507723995880536,,,,,,,,0.04840370751802266,,,971.0
56633000,0.04114420062695925,0.329153605015674,,0.0219435736677116,0.18887147335423196,0.019984326018808778,,0.12656739811912227,0.16810344827586207,,,,,,,0.016849529780564265,0.03017241379310345,0.027037617554858933,,2552.0
56640000,,0.1032008830022075,0.00772626931567329,0.04304635761589404,0.3995584988962472,,,0.056291390728476824,,,,,,,,0.011589403973509934,0.07671081677704195,0.11920529801324503,,1812.0
56642000,0.06666666666666667,,,,0.20193236714975846,,,0.19903381642512077,,,,,,,,0.02608695652173913,0.03285024154589372,,,1035.0
56643000,0.03853442830069488,0.12065698041692988,,0.047378395451674035,0.21099178774478838,,,0.20720151610865445,,,,,,,,0.06443461781427669,0.047378395451674035,0.08970309538850284,0.008843967150979154,1583.0
56644000,,,,0.051593323216995446,0.3095599393019727,,,0.22154779969650987,,,,,,,,,0.05007587253414264,,,659.0
56645000,0.0612635609444799,0.1372048500319081,,0.022335673261008295,0.18410976388002553,0.0194639438417358,,0.10625398851308232,0.20357370772176134,,,0.19783024888321635,,,,0.01244416081684748,0.03828972559029994,,0.006700701978302489,3134.0
56647000,,0.38347260909935005,,0.06313834726090993,0.2051996285979573,,,0.2051996285979573,,,,,,,,,0.04178272980501393,,,1077.0
56649000,0.005808325266214908,,,0.04549854791868345,0.3862536302032914,,,0.22942884801548888,,,,,,,,,0.03969022265246854,,,1033.0
56651000,0.019531560142913854,0.3406907502977372,,0.013418023025009924,0.06828106391425169,0.04350932909884875,0.0007145692735212386,0.04398570861452958,0.08169908693926162,,,0.2545454545454545,,,0.0009527590313616514,0.006351726875744343,0.08360460500198491,0.026518459706232633,0.013418023025009924,12595.0
56653000,0.009850746268656717,0.06776119402985074,,0.03522388059701492,0.15104477611940298,0.03880597014925373,0.0026865671641791043,0.13402985074626866,0.11104477611940299,,,0.2373134328358209,,,,0.012238805970149255,0.04955223880597015,0.10328358208955224,,3350.0
56654000,0.011937557392102846,0.2222222222222222,,,0.2828282828282828,0.03397612488521579,,0.1763085399449036,,,0.04040404040404041,,,,,0.028466483011937556,0.04315886134067952,,,1089.0
56655000,0.00428380187416332,0.11244979919678715,0.05756358768406961,0.02918340026773762,0.22008032128514057,0.011111111111111112,,0.049531459170013385,0.15568942436412317,,,0.08246318607764391,,,,0.011914323962516734,0.14364123159303882,0.09062918340026774,0.02918340026773762,7470.0
56656000,0.0288622420524261,0.11879531511433351,,0.01687116564417178,0.13957055214723926,0.10136642498605689,0.0012548800892359174,0.16536530953708867,0.14751812604573342,,,0.09578918014500837,,,0.012130507529280535,0.008784160624651422,0.036391522587841604,0.10178471834913552,0.019799219185722253,7172.0
56657000,0.09004739336492891,,,0.058767772511848344,0.32606635071090045,,,0.1895734597156398,,,,,,,,,0.058767772511848344,,,1055.0
56658000,,0.20128939828080228,,0.03510028653295129,0.19412607449856734,0.062320916905444126,,0.15687679083094555,,,,,,,,,0.11103151862464183,0.02148997134670487,,1396.0
56659000,0.05341002465078061,0.031224322103533278,,,0.2686935086277732,,,0.23582580115036977,,,,,,,,,0.04683648315529992,0.10106820049301561,,1217.0
56701000,0.023364822384155756,0.01512594287176944,0.00554324611852788,0.025892478622907285,0.14350048393418496,0.03321948215042754,0.03153171168721054,0.1280545845764976,0.13734132158026507,0.0029995920554804546,0.029419998880152298,0.20639593015349914,,0.005519249382084037,0.008726813153411136,0.04715358711215275,0.08174088323987938,0.06346336898181847,0.010982506379132439,125017.0
56705000,0.00679877290440262,,0.039383135726722494,0.029184976370118566,0.1950087057457922,0.08830113589254622,0.0023215322112594312,0.19351629218141117,0.1625072547881602,,0.0023215322112594312,0.11964182074454854,,0.0026531796700107785,0.0028190033993864523,0.009369040709725562,0.06765608158527485,0.061106044274935746,,12061.0
56734000,0.004648318042813455,,,0.04672782874617737,0.178348623853211,,0.0017125382262996943,0.1198776758409786,0.1420183486238532,,0.014311926605504587,0.2736391437308868,,0.011498470948012233,0.0006116207951070336,0.06874617737003058,0.03351681957186544,,,8175.0
57502000,,,,0.0282993916953187,0.15524993387992594,0.17429251520761704,,0.11610685003967204,0.10288283522877546,0.004231684739486909,,0.15472097328749007,0.09441946574980165,,,,0.04839989420788151,0.012166093626024862,0.026448029621793177,3781.0
57503000,0.010893246187363835,,,0.019296607531901648,0.27388733271086213,0.038593215063803296,0.0071584189231248055,0.14036725801431685,0.09959539371304077,0.014005602240896359,0.014005602240896359,,0.07438530967942733,,,0.020852785558667913,0.04730781201369437,0.22595704948646125,,3213.0
57506000,,,,0.024750118990956686,0.18419800095192765,0.03236554021894336,,0.14421703950499762,0.09900047596382675,,,,,,,,0.0461684911946692,,,2101.0
57508000,,,,,0.3257328990228013,0.046905537459283386,0.012377850162866449,0.19413680781758957,0.11856677524429968,0.024104234527687295,0.011074918566775244,,,,,0.012377850162866449,0.04429967426710098,0.08925081433224756,,1535.0
57513000,,0.20646937370956642,,0.035788024776324846,0.28630419821059877,,,0.18513420509291123,,0.01995870612525809,,,,,,0.028905712319339298,0.030282174810736407,,,1453.0
57516000,0.024603174603174603,,0.024250440917107582,0.021164021164021163,0.08386243386243386,0.029188712522045857,0.004497354497354497,0.14091710758377424,0.09656084656084656,0.004409171075837742,0.009788359788359789,0.4131393298059965,,,0.0030864197530864196,0.008818342151675485,0.036948853615520284,0.05740740740740741,,11340.0
57518000,,,,,0.254071661237785,0.057003257328990226,,0.20765472312703584,0.18159609120521172,0.007328990228013029,,,,,,,0.03908794788273615,,,1228.0
57522000,,0.2189807976366322,,0.02843426883308715,0.2791728212703102,,0.007016248153618907,0.16949778434268833,0.1325701624815362,0.02031019202363368,,0.006277695716395864,,,,0.02031019202363368,0.042466765140324964,0.01846381093057607,,2708.0
57524000,,0.17158176943699732,,0.020107238605898123,0.20241286863270777,0.032171581769437,0.007372654155495978,0.20308310991957104,0.14410187667560323,,,,,,,0.14410187667560323,0.023458445040214475,,,1492.0
57525000,,,,0.042767295597484274,0.3220125786163522,,,0.2578616352201258,,0.022641509433962263,,,,,,0.03270440251572327,0.021383647798742137,,,795.0
57526000,,,,,0.2874806800618238,,0.00927357032457496,0.23724884080370942,0.13292117465224113,0.014683153013910355,,,,,,0.025502318392581144,0.030139103554868624,,,1294.0
57528000,0.01974122982526344,0.05575563558756836,,0.054821928771508606,0.23529411764705882,0.06575963718820861,0.01147125516873416,0.19301053754835268,0.22569027611044418,0.003201280512204882,0.0058690142723756165,,,0.0017340269441109778,0.013738828864879284,0.016139789249032945,0.052554355075363476,0.029345071361878083,0.01107109510470855,7497.0
57529000,0.002884402041269137,0.10117594852451742,,0.01996893720878633,0.17395163079653872,0.03372531617483914,0.004437541601952518,0.10605724428666519,0.07477257599289994,0.010428222764588418,,0.22964277790104282,0.15353893942755714,,,0.02329709341025072,0.031062791213667628,0.02329709341025072,0.0039937874417572666,4507.0
57530000,0.010486937323684534,0.0765362443272415,0.002330430516374341,0.01803017294247516,0.15386974119955846,0.05789280019624678,0.009260394946645406,0.15693609714215626,0.10719980375321968,0.0017784864467067338,0.003924935606525205,0.18894885318287746,0.026309333987489268,0.0043542254384888995,0.011100208512204097,0.020360603458849505,0.05267999509383049,0.07672022568379737,0.02140316447933276,16306.0
57538000,0.023026315789473683,0.13909774436090225,,0.02819548872180451,0.18092105263157895,0.03571428571428571,0.005639097744360902,0.16917293233082706,0.19313909774436092,0.004699248120300752,,,0.12171052631578948,,,0.02443609022556391,0.039473684210526314,,,2128.0
57546000,0.00836746635459333,0.08086600351082504,0.02521942656524283,0.012990052662375658,0.18858981860737273,0.014628437682855471,,0.07068461088355764,0.11427735517846693,0.006377998829724985,0.003978935049736688,0.17747220596840257,0.012229373902867173,,0.0026331187829139848,0.016676418958455237,0.11714452896430662,0.13885313048566414,0.0077238150965476884,17090.0
57548000,0.027056277056277056,0.283008658008658,,,0.23917748917748918,0.04707792207792208,,0.1461038961038961,0.10822510822510822,0.012987012987012988,,,,,,,0.05357142857142857,0.01406926406926407,,1848.0
57552000,,,,0.02881844380403458,0.2728146013448607,0.03362151777137368,0.010566762728146013,0.2756964457252642,0.11719500480307397,0.02881844380403458,,,0.07684918347742556,,,0.04130643611911623,0.05475504322766571,,,1041.0
57555000,0.014568764568764568,,,,0.2733100233100233,0.058857808857808856,0.006993006993006993,0.18240093240093241,,0.014568764568764568,,,0.18997668997668998,,,0.03787878787878788,0.028554778554778556,0.0675990675990676,,1716.0
57559000,,0.05795677799607073,,,0.362475442043222,,0.005893909626719057,0.20923379174852652,,0.005893909626719057,,,,,,,0.05206286836935167,,,1018.0
57560000,0.019801980198019802,0.17144346013548722,,0.03335070349140177,0.30015633142261594,0.03230849400729546,0.007295466388744137,0.16675351745700887,0.11829077644606566,0.0026055237102657635,,,,,,0.023970818134445022,0.0385617509119333,,,1919.0
57701000,0.017303723758409998,0.0023799977193221236,0.02822154946312107,0.014401377235156282,0.10255693418037219,0.03309925730828511,0.02555830626561069,0.09571122203870532,0.0976829048479119,0.00751520145374822,0.04262292669827735,0.29242336738409924,0.007048030340372781,0.0019128266059466837,0.005675945101876409,0.06347641521579994,0.08761849409046935,0.06510231783085463,0.009689202461660702,271849.0
57708000,0.020532184789663108,0.000806340590398647,0.09660353609849155,0.0077290695616260546,0.07400633272366118,0.025429228863059768,0.004838043542391882,0.053710150058017186,0.06507758569827128,0.013255452632407025,0.004641375105709285,0.46873955198930123,0.018585167266505397,0.0014553464314512165,0.0063720573485161365,0.01669715027435247,0.037760339843058585,0.07457667119004072,0.009184415993077271,50847.0
57712000,0.0249595977733884,,0.001616089064463997,0.019213503321960854,0.21583767283174718,0.03591309032142216,0.013108277967319087,0.1213862452864069,0.11348536541569403,,0.007362183515891543,,,,,0.01598132519303286,0.04219788112767103,0.17256239899443346,0.018854372418746632,5569.0
57714000,,,,0.020732245258050286,0.1305690339655933,0.03992059991177768,0.005513895015438906,0.07675341861490957,0.07873842082046757,0.02404058226731363,0.006396118217909131,,0.13564181737979708,,,0.007940008822232024,0.041243934715483016,0.15747684164093514,,4534.0
57718000,0.011425251742835011,0.009682416731216111,0.10786212238574748,0.015298218435321457,0.12780790085205268,0.11134779240898528,0.005906274206041828,0.08065453137103021,0.09895429899302866,0.001549186676994578,0.006971340046475601,0.08152594887683966,0.1728311386522076,0.00019364833462432224,0.010069713400464756,0.046572424477149495,0.05025174283501162,0.04424864446165763,0.016847405112316034,10328.0
57719000,0.029188779378316907,0.01819560272934041,,0.03335860500379075,0.15466262319939347,0.09173616376042457,,0.2403335860500379,0.16376042456406367,,0.01061410159211524,,,,,0.012130401819560273,0.05041698256254738,0.0401819560272934,,2638.0
57720000,0.005765856104286789,,,0.019971588535138297,0.12735021308598646,0.039776050806384224,0.00501378791677112,0.0895796774463107,0.09584691234227459,0.00359321467368597,0.004011030333416896,0.4433024149745132,0.006768613687641012,,,0.014456421826690064,0.07679451825854433,0.03685134118826774,0.023982618868555194,11967.0
57726000,0.007212857702861623,,,0.017091336730693844,0.13657389259114072,0.03661309290474324,0.008153665229321835,0.0867110936887495,0.10834966679733438,0.0006272050176401411,0.004625637005096041,0.47173657389259116,,,,0.007840062720501764,0.045001960015680124,0.03371226969815758,0.021638573108584868,12755.0
57727000,0.018061926605504586,0.10536123853211009,,0.01978211009174312,0.14936926605504589,0.03870412844036697,0.005733944954128441,0.0847190366972477,0.08342889908256881,0.0028669724770642203,0.0032970183486238534,0.37026949541284404,,,,0.015051605504587156,0.04400802752293578,0.020498853211009173,0.022935779816513763,6976.0
57728000,0.010978956999085087,,0.028728270814272643,0.024702653247941447,0.1696248856358646,0.04354986276303751,0.008051235132662397,0.10631290027447393,0.10576395242451966,,,,0.1696248856358646,,,0.017017383348581886,0.05434583714547118,0.2312900274473925,,5465.0
57729000,,,,0.03134962805526036,0.22582359192348567,0.03294367693942614,,0.22316684378320936,0.242826780021254,0.002656748140276302,,,,,,0.018597236981934114,0.04144527098831031,0.021253985122210415,,1882.0
57730000,0.007298540291941612,0.002299540091981604,0.00983136705992135,0.007865093647937079,0.09014863693927881,0.02676131440378591,0.006831966939945344,0.09928014397120576,0.0794507765113644,0.019396120775844832,0.0033326667999733386,0.5355595547557155,0.013663933879890688,,,0.009898020395920816,0.03799240151969606,0.0395254282476838,0.009398120375924815,30006.0
57731000,0.017207147584381206,,,0.016876240900066182,0.1757114493712773,0.025479814692256783,0.004301786896095301,0.12309728656518862,0.24056915949702184,0.0013236267372600927,,,,,,0.010919920582395765,0.048312375909993384,,,3022.0
57735000,0.0370772648728709,0.036929153295482596,0.004788941002221674,0.0184152061219452,0.15373981732905456,0.0719822266107134,0.01273759565539373,0.0739076771167613,0.12179708713897804,0.008195507282152554,0.004492717847445075,0.201481115773883,0.008442359911133054,,0.0018760799802517896,0.022759812392001973,0.045223401629227354,0.15354233522587016,0.022562330288817576,20255.0
57756000,0.017961733697774308,0.058961343225302616,,0.03436157750878563,0.16556032799687623,0.024990238188207732,,0.3283873486919172,0.11792268645060523,0.016009371339320577,,,,,,0.017571261226083563,0.037485357282311595,,0.02420929324482624,2561.0
57757000,0.009195645280625726,,0.050417503435154845,0.011098192580065532,0.14406510939646971,0.04830356199133284,0.0064475214036571185,0.09047669379558186,0.08360638410316035,0.0009512736497199028,0.004544974104217313,0.05379980974527006,0.2744952964802875,,,0.06648345840820209,0.054011203889652255,0.07145122080118381,0.017862805200295952,9461.0
57758000,0.014098763646880197,0.06507121683175475,0.0033258621936230206,0.014098763646880197,0.10396934422673704,0.0683247776733425,0.006579423035210759,0.14395199190224858,0.09319644277347987,0.004121177066011134,0.005061094642469814,0.265129057913383,0.027691417829513412,0.0015183283927409444,0.00354276624972887,0.01135131226953944,0.04417612609355795,0.10736750777239534,0.017352324488467935,13831.0
57759000,0.03318692044899951,,,0.027818448023426062,0.2781844802342606,0.060029282576866766,,0.17179111761835042,0.1259150805270864,0.00634455832113226,,,,,,0.028306490971205467,0.03904343582235237,0.063933626159102,,2049.0
57760000,0.035742652899126294,,,0.04249404289118348,0.22756155679110404,,0.005957108816521049,0.15131056393963463,0.1636219221604448,0.005957108816521049,,0.06155679110405084,0.07466243050039714,,,0.030976965845909452,0.04805401111993646,0.025416997617156472,,2518.0
57761000,0.016444570456478593,0.050184292599943295,0.08420754182024383,0.023249220300538703,0.21349588885738588,0.032889140912957186,0.005387014459880919,0.1454493904167848,0.12560249503827617,,,,0.06577828182591437,,,0.023532747377374538,0.03827615537283811,0.1522540402608449,,3527.0
57762000,,0.03998974621891822,,0.03153037682645476,0.15534478338887464,,0.0066649577031530375,0.1443219687259677,0.06741861061266342,,,0.28351704691104845,,,,0.014355293514483466,0.047423737503204305,0.08843886183029992,,3901.0
57763000,,,,,0.49141630901287553,,,0.12446351931330472,0.07081545064377683,,,,,,,,0.05150214592274678,,,932.0
58604000,,0.17317073170731706,,0.02829268292682927,0.11707317073170732,0.11853658536585365,,0.1380487804878049,0.11658536585365854,,,,,,,,0.13658536585365855,0.06341463414634146,,2050.0
58606000,,0.0836940836940837,,0.021645021645021644,0.19432419432419432,0.04377104377104377,,0.11303511303511303,0.19384319384319385,,,,,,,,0.10870610870610871,0.1568061568061568,,2079.0
58608000,0.003961965134706815,,,0.014263074484944533,0.20602218700475436,0.09904912836767037,,0.24960380348652933,0.17036450079239301,,,0.03645007923930269,,,,,0.10142630744849446,0.06497622820919176,0.011885895404120444,1262.0
58610000,0.010999083409715857,,,0.02016498625114574,0.17415215398716774,0.1842346471127406,,0.12557286892758937,0.09440879926672777,,,,,,0.015123739688359304,,0.06507791017415215,0.07378551787351054,,2182.0
58612000,,,,,0.08271644673318314,0.04473768908915352,,0.07016414547795301,0.05600257483102671,,,0.33762471837785646,,,,,0.03765690376569038,0.32410685548760865,0.015127132281943997,3107.0
58614000,,,,,0.32161874334398294,0.05324813631522897,,0.12779552715654952,0.26624068157614483,,,,,,,,0.07454739084132056,,,939.0
58616000,,,,,0.22018348623853212,0.11926605504587157,,0.19790301441677588,0.18479685452162517,,,,,,,,0.06290956749672345,0.0655307994757536,,763.0
58618000,,,,,0.25993555316863587,0.08592910848549946,,0.17078410311493017,0.23415682062298604,,,,,,,,0.08700322234156821,0.06981740064446831,,931.0
58620000,,,,0.017603634298693924,0.12350936967632027,0.0599091425326519,0.0019875070982396364,0.13940942646223736,0.14395229982964225,,0.0028392958546280523,,,,,,0.06416808631459398,0.07126632595116411,,3522.0
58623000,,,,,0.18459915611814345,0.08649789029535865,,0.14662447257383968,0.1877637130801688,,,,,,,,0.11708860759493671,0.06962025316455696,,948.0
58626000,,0.13423517169614985,,,0.186264308012487,0.061394380853277836,,0.10874089490114464,0.10301768990634755,0.033818938605619145,,,,,,,0.07804370447450572,0.19927159209157128,,1922.0
58629000,,,,,0.2373091209244738,0.11638464713165497,0.004127115146512587,0.19479983491539413,0.20883202641353693,,,,,,,,0.10854312835328106,0.06562113082955015,,2423.0
58633000,,0.03827325322652426,,0.0262572318647085,0.14842011570983535,0.10169114374721851,0.0017801513128615932,0.2049399198931909,0.1564307966177125,0.016688918558077435,,0.12305295950155763,,,0.010013351134846462,,0.06697819314641744,0.046506453048509123,,4494.0
58637000,,,,0.025522041763341066,0.21925754060324826,0.06264501160092807,,0.1531322505800464,0.23433874709976799,,,,,,,,0.04408352668213457,,,862.0
58640000,,,,0.05363864491844417,0.14836888331242157,0.0417189460476788,,0.22051442910915936,0.13801756587202008,0.04015056461731493,,,,,,,0.06242158092848181,0.050188205771643665,,3188.0
58643000,,,,0.03927492447129909,0.1581067472306143,0.10070493454179255,,0.13897280966767372,0.16515609264853978,,,,,,,,0.13997985901309165,0.03121852970795569,,993.0
58647000,,0.06546894031668697,,0.01674786845310597,0.1671741778319123,0.07704019488428746,,0.11601705237515225,0.22990255785627284,0.0057856272838002435,,,,,,,0.05633373934226553,0.07369062119366626,,3284.0
58649000,,0.25080789946140036,0.02244165170556553,0.02872531418312388,0.16570915619389587,0.04111310592459605,,0.12315978456014362,0.1281867145421903,0.006104129263913824,,0.09156193895870736,,,,,0.09802513464991024,,0.01938958707360862,5570.0
58650000,0.06616862326574173,,,,0.21237993596584845,0.07257203842049093,,0.1622198505869797,0.15581643543223053,,,,,,,,0.10672358591248667,0.14514407684098185,,937.0
58651000,,,,0.21886999451453648,0.1283598464070214,0.04827207899067471,,0.16182117388919365,0.11080636313768513,,,,,,,,0.0718595721338453,0.033461327482172246,,1823.0
58653000,,,,,0.24167694204685575,0.04254007398273736,,0.3834771886559803,0.09741060419235512,,0.006781750924784217,,,,,,0.0659679408138101,0.06658446362515413,,1622.0
58654000,,0.011,,0.019333333333333334,0.18333333333333332,0.05366666666666667,,0.3443333333333333,0.107,,0.004,,,,,,0.11033333333333334,0.11833333333333333,,3000.0
58656000,,,,,0.18271257905832747,0.12789880534082923,,0.2635277582572031,0.15741391426563597,,,,,,,,0.12649332396345747,0.05200281096275474,,1423.0
58658000,,,,,0.23227383863080683,0.10268948655256724,,0.24938875305623473,0.16136919315403422,,,,,,,,0.15158924205378974,,,409.0
58701000,0.011255970558296139,0.006401221517500587,0.016658836426278287,0.027347114556416884,0.13902591809568554,0.050544201706992406,0.030048547490407956,0.1692310703938611,0.11931328791793908,0.014094432699083862,0.028130138595254876,0.1565460809646856,,0.004541539425260355,0.004521963824289405,0.024998042439902904,0.09742776603241719,0.08644585388771435,,51084.0
58710000,0.006614422316485728,,,0.014774606369976274,0.11104320943274139,0.03310805952980085,0.0024085124739377383,0.06459846142785247,0.09220648500970595,0.009813789632611978,0.0032712632108706594,0.4418002732044,,0.0011862822632827666,0.003163419368754044,0.005212452368969732,0.06797756848083975,0.05079444963692573,0.016679847580703143,27818.0
60601000,,0.09914463452566097,,0.034603421461897356,0.3205028512182478,0.010238465526179368,,0.10044064282011404,0.19556765163297046,,,0.058061171591498185,,,0.0019440124416796269,0.012441679626749611,0.0767236910316226,0.0475635044064282,0.02423535510627268,7716.0
60602000,0.040851680367885605,0.01209486912973637,0.05389146114838263,0.015874515732778986,0.09537308261677534,0.016220983338057892,0.0009449116507606539,0.08582947494409272,0.0549623610192447,0.007149831490755615,0.006362405115121736,0.19754952911902737,,0.0013858704211156256,0.00724432265583168,0.02100853570191187,0.26073262149988974,0.10863334278244983,0.012913792560395604,31749.0
60605000,,0.06034255599472991,0.22213438735177865,0.033465085638998686,0.2898550724637681,0.030039525691699605,,0.11673254281949934,0.1549407114624506,,,,,,,0.008432147562582345,0.0469038208168643,0.017127799736495388,,3795.0
60606000,0.015045271972224113,0.01606644427803118,0.008714003676220302,0.017087616583838245,0.20838722853836203,0.03220096670978283,0.004357001838110151,0.06916740417999864,0.1385390428211587,0.0019061883041731908,,0.26836408196609707,,,0.0042889236843896795,0.005786643066240044,0.05235210021104228,0.020014977193818503,0.04826741098781401,14689.0
60607000,0.02090800477897252,0.05973715651135006,,0.061529271206690564,0.35543608124253284,0.04121863799283154,,0.13201911589008364,,,,,,,,0.04181600955794504,0.03106332138590203,,,1674.0
60608000,,0.10824481537683359,,0.03844208396560445,0.3277693474962064,,,0.125948406676783,0.17551846231664137,,0.018209408194233688,,,,,0.020232675771370764,0.035407182599898834,,,1977.0
60609000,0.00857843137254902,0.4227941176470588,0.010723039215686275,0.019301470588235295,0.19362745098039216,,,0.12285539215686274,0.12806372549019607,,,,,,,0.0070465686274509805,0.029411764705882353,0.015012254901960785,,3264.0
60612000,0.01834862385321101,,,0.0779816513761468,0.3926605504587156,,,0.12935779816513762,0.21192660550458717,,,,,,,,0.03256880733944954,,,2180.0
60613000,0.011716989634970707,0.10229833258224426,,0.03334835511491663,0.30374042361424064,,,0.13835060838215413,0.22262280306444343,,,,,,,0.00946372239747634,0.028391167192429023,0.020730058584948176,0.04957187922487607,2219.0
60615000,0.014528508771929825,,,0.03399122807017544,0.2768640350877193,0.02768640350877193,0.003289473684210526,0.12335526315789473,0.2574013157894737,,0.014802631578947368,0.09347587719298246,,,,,0.05619517543859649,0.042214912280701754,,3648.0
60617000,0.01963350785340314,,,0.06479057591623037,0.3226439790575916,,,0.20353403141361257,0.2833769633507853,,,,,,,,0.022905759162303665,,,1528.0
60618000,0.005650382577987051,0.21118304885226605,,0.018716892289582107,0.22048263684520306,0.06309593878752207,0.0036492054149499706,0.0885226603884638,0.1318422601530312,0.004002354326074161,,0.031077104178928783,,,0.01318422601530312,0.05261918775750441,0.06615656268393172,0.04649793996468511,0.030135373749264272,8495.0
60619000,0.009790832220738763,0.19292389853137518,0.03471295060080107,0.032932799287939477,0.25055629728526924,0.030040053404539385,,0.12550066755674233,0.1303960836671117,,0.004672897196261682,0.0037828215398308857,,,,0.019581664441477527,0.05540720961281709,0.08344459279038718,0.019581664441477527,4494.0
60622000,,0.30354430379746833,,0.014936708860759493,0.2210126582278481,0.028354430379746835,0.0020253164556962027,0.08556962025316456,0.12050632911392405,,,,,,,,0.06835443037974684,0.07164556962025316,,3950.0
60623000,0.022947368421052633,0.12189473684210526,,0.02273684210526316,0.23768421052631578,0.015368421052631578,,0.07431578947368421,0.13810526315789473,,,0.014736842105263158,0.03978947368421053,,,0.032210526315789474,0.05789473684210526,0.11515789473684211,,4750.0
60624000,,0.17436448263515933,,0.02040816326530612,0.28356605800214824,0.02327246688148944,,0.14214106695309703,0.21446473326172574,,,0.03795202291442893,,,,0.018259935553168637,0.023630504833512353,,,2793.0
60625000,0.022337662337662337,,,0.03116883116883117,0.37012987012987014,0.03272727272727273,0.001038961038961039,0.15688311688311687,0.14051948051948052,,,,,0.0018181818181818182,0.003896103896103896,0.005194805194805195,0.06103896103896104,0.07896103896103897,0.026493506493506493,3850.0
60626000,0.0040212443095599395,0.017830045523520487,0.08937784522003035,0.021623672230652504,0.14317147192716237,0.023520485584218515,0.0012139605462822458,0.06934749620637329,0.10948406676783004,0.000834597875569044,0.0036418816388467377,0.16168437025796661,0.24931714719271625,,0.0062974203338391505,0.009939301972685888,0.04157814871016692,0.02867981790591806,0.017981790591805765,13180.0
60627000,0.01912568306010929,,,0.060792349726775954,0.33879781420765026,,,0.14002732240437157,0.22131147540983606,,,,,,,,0.02117486338797814,,,1464.0
60630000,0.023444826508283837,0.13254141919349796,,0.023757424195060956,0.3929352922788371,,,0.13004063769928104,0.1769302907158487,,,,,,,0.015004688965301657,0.037199124726477024,0.022507033447952487,,3199.0
60631000,0.010532591414944356,0.15143084260731318,0.08823529411764706,0.027623211446740858,0.29073926868044514,,0.000794912559618442,0.10135135135135136,0.15421303656597773,,,0.051470588235294115,,,,0.018481717011128777,0.03577106518282989,0.025437201907790145,0.018282988871224166,5032.0
60632000,0.009710377438149117,0.1427847673731318,0.023895972304314787,0.013256776154690534,0.16414759773705986,0.09119310985392215,0.0027020180697458415,0.08536688339103268,0.1247150215317065,0.004644093557375665,0.004644093557375665,0.13290551380562357,,0.0015198851642320359,0.007261673562441949,0.01722536519462974,0.059444397534408513,0.09136198598328127,0.023304905851557884,11843.0
60633000,,0.20766961651917404,,0.047787610619469026,0.287905604719764,,,0.12743362831858407,0.1728613569321534,,,,,,,,0.025958702064896755,0.043067846607669616,,1695.0
60634000,0.013700648202710665,0.09207424867413082,,0.022687094873305835,0.15733647613435475,,0.0014731879787860931,0.11770771950500884,0.10665880966411315,0.007955215085444903,0.007218621096051856,0.27283441367118444,,,,0.024602239245727756,0.05274012964054213,0.06909251620506776,,6788.0
60635000,0.008827729456056081,0.09476827210177853,,0.030897053096196288,0.17992989744255486,0.02440607555497858,0.0014280150590678957,0.08658964039984422,0.062053745294041285,0.0037647669739062704,,0.11813579125016227,,,0.0011683759574191873,0.03232506815526418,0.3007918992600286,0.013241594184084124,0.031416331299493706,7703.0
60636000,,0.20600375234521576,0.020137585991244527,0.044027517198248906,0.26604127579737336,,,0.09931207004377736,0.19237023139462164,0.00600375234521576,,0.01638524077548468,,,,0.008505315822388993,0.04803001876172608,0.024265165728580364,0.029643527204502813,7995.0
60640000,0.0254880694143167,0.09219088937093275,,0.03579175704989154,0.2559652928416486,0.039045553145336226,,0.18329718004338394,0.2039045553145336,,,,,,,0.008676789587852495,0.06182212581344902,0.0254880694143167,0.006507592190889371,1844.0
60641000,,0.10566936636493568,0.004954740352548833,0.020867079561696044,0.23001429252024774,,,0.05955216769890424,0.07975226298237256,0.00800381133873273,,0.1602667937112911,,0.0012386850881372083,,0.006479275845640781,0.16303001429252026,0.08222963315864698,0.026584087660790852,10495.0
60642000,0.008285984848484848,0.09185606060606061,,0.033854166666666664,0.24360795454545456,0.03716856060606061,0.0016571969696969697,0.09635416666666667,0.15506628787878787,,,0.09446022727272728,,,,0.01278409090909091,0.05752840909090909,0.07267992424242424,0.045454545454545456,4224.0
60644000,0.010580411124546553,0.18833131801692865,,0.0592503022974607,0.23155985489721886,0.03385731559854897,,0.11003627569528417,0.17079806529625152,,,,,,,0.015719467956469165,0.04534461910519952,0.03295042321644498,,3308.0
60645000,0.019724334600760455,0.21554182509505704,,0.03588403041825095,0.2269486692015209,0.02685361216730038,,0.10218631178707224,0.1397338403041825,0.0021387832699619773,,0.07913498098859316,,,,0.02091254752851711,0.03493346007604563,0.055133079847908745,0.027566539923954372,4208.0
60647000,0.017097966728280962,0.12430683918669132,,0.04251386321626617,0.266173752310536,,0.0018484288354898336,0.18068391866913125,0.2199630314232902,,,,,,,,0.030499075785582256,,,2164.0
60648000,0.01464354527938343,,,0.024277456647398842,0.26435452793834296,,,0.1260115606936416,0.24123314065510598,,,,,,,0.014258188824662813,0.036223506743737956,0.10944123314065511,,2595.0
60650000,0.010298405608288356,0.05229852968546436,0.007630746324213661,0.018549537812519386,0.20801538556982443,0.07785842794218004,0.0018611576400521124,0.06452013152180656,0.16123829021651467,0.0013648489360382158,0.002419504932067746,0.10298405608288355,,0.0019852348160555866,,0.01340033500837521,0.05248464544946957,0.21291643402196167,0.009305788200260562,16119.0
60651000,0.0202757502027575,0.24060556907272235,0.017842660178426603,0.03933495539334955,0.18085969180859693,0.03852392538523925,0.004460665044606651,0.07218167072181671,0.11422005947553393,,,0.1493646931603136,,,0.004325493376588267,0.016085428494187617,0.04271424709380914,0.023925385239253853,0.015950256826169237,7398.0
60652000,,,,0.036931818181818184,0.3196022727272727,,,0.17613636363636365,0.33238636363636365,,,,,,,0.02130681818181818,0.018465909090909092,,,704.0
60653000,0.011235955056179775,0.09593777009507347,,0.026217228464419477,0.3272832036876981,0.02679343128781331,,0.11207144915010084,0.1979256698357822,,0.012388360702967444,0.005762028233938346,,,,0.01296456352636128,0.040334197637568424,0.08210890233362143,,3471.0
60654000,,0.06656912948061448,0.014142891977566447,0.019263594245306024,0.24579370885149962,0.021458180931480126,,0.09046574006339918,0.16093635698610095,,,0.0875396244818337,,,0.0043891733723482075,0.010729090465740063,0.030968056571567912,0.023408924652523776,0.025359668373567422,4101.0
60655000,0.014760147601476014,0.16094237865455577,0.03888731195004258,0.028101050241271644,0.21572523417541867,,0.0008515469770082316,0.11155265398807834,0.19358501277320467,,,,,,,0.03037184217996026,0.04314504683508374,0.025830258302583026,0.07011070110701106,3523.0
60656000,0.00857551214864221,0.289185326345879,,0.0281086231538828,0.21414959504525966,,,0.10028585040495475,0.12148642210576464,0.008099094807050978,,0.02429728442115293,,,,0.003811338732729871,0.0995712243925679,0.055264411624583135,0.01643639828489757,4198.0
60657000,0.01463501695520257,0.09905407817240763,,0.022131001249330717,0.20007139032661075,0.15099054078172408,0.0016062823487417454,0.07210422987685168,0.12439764411922184,0.001784758165268606,,0.18275923612350525,,0.0010708548991611637,,0.01713367838657862,0.042834195966446546,0.025343565946814205,,5603.0
60658000,0.021834061135371178,0.1661957359362959,0.016439763678397123,0.026200873362445413,0.26483431800667867,0.025430259440020548,0.0005137426149499101,0.13228872334960184,0.17749807346519395,0.0020549704597996403,,,,,,0.011045466221423068,0.04520935011559209,0.09273054199845877,,3893.0
60659000,0.02092274678111588,0.019581545064377683,,0.11158798283261803,0.21754291845493562,0.0536480686695279,0.0029506437768240345,0.14914163090128754,0.1834763948497854,,,,,,,0.01636266094420601,0.032457081545064374,0.1351931330472103,0.02467811158798283,3728.0
60701000,0.03394038279631902,0.0017195241594902613,0.02436871661608898,0.018844437567910655,0.11884056951765413,0.029710142379413534,0.043828525815719055,0.14552308346900814,0.11995878768272142,0.008653883346637081,0.04195427964596791,0.12135480218439347,0.0005274613986166446,0.004008706629486498,0.00933606675551461,0.05143803559309518,0.1238971661257257,0.09209827660779026,0.010000668117771581,284381.0
60704000,0.0140012070006035,,0.01756185878092939,0.023777911888955946,0.1476765238382619,0.0872057936028968,0.0038624019312009654,0.0751961375980688,0.112009656004828,0.0012673506336753169,0.002051901025950513,0.3243814121907061,,0.0024743512371756186,0.0030175015087507543,0.008569704284852143,0.08672299336149668,0.06777308388654195,,16570.0
60707000,0.03693122792437149,,0.013712861001454394,0.00919384998961147,0.16143777269894036,0.04170995221275712,0.0016621649698732599,0.05459173072927488,0.09926241429461874,0.009349677955537088,,0.11365052981508415,,,0.008466652815291917,0.016933305630583834,0.1519842094327862,0.2600249324745481,0.017868273426137546,19252.0
60712000,0.023817772388706044,0.003695363473641665,0.04148622899705526,0.015705294762977075,0.1355736474392286,0.15249148334199433,0.002367342225301692,0.051706218603845486,0.10413418788613661,0.007939257462902015,0.004561464287776431,0.3041168658698539,,8.661008141347653e-05,0.003955193717882095,0.013540042727640164,0.0691437149950921,0.045816733067729085,,34638.0
60715000,0.015295443567863469,,,0.0196425696345194,0.2418290130413782,0.07969731122202543,0.017871518274029947,0.08581548864917082,0.20656899050072453,,,0.08001932056029624,,,,0.011914345516019964,0.07728224118499437,,0.07438415714055707,6211.0
60717000,,,,0.027177545110269548,0.23791490309645802,0.09222543996435732,0.0020049008687903764,0.102918244597906,0.17286700824237025,,0.004009801737580753,0.1893517487190911,,,,0.01247493873914012,0.0877701047003787,,,4489.0
60718000,0.012219506776271939,,,0.010664296822928238,0.1079760053321484,,0.0019995556542990447,0.07820484336814042,0.18151521884025773,,,,,,,0.00555432126194179,0.05487669406798489,,0.033325927571650746,4501.0
60719000,0.0242642707268521,,0.0029052563619734223,0.008500564910959272,0.12148275676548125,0.0824231990100608,0.002313444880830688,0.08592026685317695,0.11508043256039167,0.0056491095927260985,0.0016140313122074569,0.34330446010652604,,0.0015064292247269598,0.001829235487168451,0.00747834507989455,0.050034970678431163,0.12654005487706463,0.01834615591542476,18587.0
60727000,0.054695769087736365,,0.0014303286895328547,0.017192550848184912,0.15922418971879737,0.08456103212518237,0.0026031982149497955,0.08501873730583288,0.11934662585462139,0.006751151414595074,0.001544754984695483,0.3405612609777727,,0.0007723774923477416,0.006808364562176388,0.022484766999456476,0.050833881625997654,0.030752066824956376,0.014732385502188403,34957.0
60730000,0.0071972904318374255,,,0.010160880609652836,0.2011007620660457,0.056138865368331924,0.004741744284504657,0.09508890770533446,0.1409822184589331,,0.005165114309906859,0.1779000846740051,,,,0.009906858594411516,0.06782387806943269,0.18187976291278576,0.03386960203217612,11810.0
60737000,0.013617603986382397,,0.002757754997242245,0.01829627798170372,0.1368226858631773,0.03586983396413017,0.00532531999467468,0.0532531999467468,0.11702390688297609,0.004982977995017022,0.009490480990509519,0.3645561916354438,,0.002548545997451454,0.007664656992335343,0.06740333593259666,0.06995188193004812,0.05951045094048955,0.030867836969132163,52579.0
60740000,0.012280478493255281,,0.009608042758971749,0.016320946805803004,0.14278442351743445,0.07171035886994145,0.003308729956731993,0.08640875540850089,0.1656273861033342,0.0024815474675489945,0.0012407737337744972,0.31840162891320944,0.0017498091117332654,0.0016861796894884194,0.004199541868159837,0.007094680580300331,0.08303639602952405,0.012598625604479512,0.04170908628149656,31432.0
61602000,,,,0.06658739595719382,0.3626634958382878,,,0.11652794292508918,,,0.030915576694411414,,,,,0.057074910820451845,0.054696789536266346,0.13198573127229488,,841.0
61604000,,0.3248106060606061,,0.04450757575757576,0.3333333333333333,,,0.10321969696969698,,,,,,,,0.032196969696969696,0.038825757575757576,,,1056.0
61606000,,,,0.08776978417266187,0.4316546762589928,,,0.218705035971223,,,,,,,,0.05467625899280575,0.03884892086330935,,,695.0
61608000,,0.11993677138905355,,0.031219126654811302,0.20134360798261214,,,0.029440821971942303,0.12112230784429955,,,0.1956135151155898,,,,,0.009286702232760324,0.19126654811302113,0.009089112823552658,5061.0
61610000,0.017286366601435094,0.020221787345075015,,0.03587736464448793,0.2968036529680365,,,0.15198956294846705,0.14905414220482713,,,,,,,0.00684931506849315,0.04794520547945205,0.07175472928897586,0.010110893672537508,3066.0
61612000,,0.2224032586558045,,0.05132382892057027,0.24317718940936864,,0.004073319755600814,0.1629327902240326,,,,,,0.002443991853360489,,0.013441955193482688,0.05702647657841141,0.024439918533604887,,2455.0
61615000,,,,0.05068078668683813,0.3154311649016641,,,0.20347957639939485,,,,,,,,0.047655068078668684,0.031013615733736764,0.038577912254160365,,1322.0
61617000,0.01635896237438654,,,0.023603645711614864,0.2776349614395887,0.010983874737088105,,0.1191867258705305,0.05164758121056322,,0.002570694087403599,0.3297499415751344,,0.0007010983874737088,,0.008880579574666978,0.052816078523019394,0.05211498013554569,0.024071044636597337,4279.0
61620000,,0.4090909090909091,,0.04199604743083004,0.28804347826086957,,,0.060770750988142296,,0.005928853754940711,,0.011857707509881422,,,,0.04743083003952569,0.043478260869565216,0.021739130434782608,,2024.0
61623000,,,,0.06538461538461539,0.1782051282051282,,,0.14358974358974358,,,,,,,,0.017948717948717947,0.02435897435897436,,,780.0
61625000,0.03423871461361897,0.04992348890589136,,0.021040550879877582,0.21996939556235653,0.26893649579188983,0.004973221117061974,0.08473603672532518,,,0.007077276205049732,0.1197398622800306,,,0.011859219586840091,,0.03787299158377965,0.050688599846977815,,5228.0
61626000,0.056626506024096385,,,,0.28674698795180725,,,0.09036144578313253,,,,,,,,0.020481927710843374,0.051807228915662654,,,830.0
61627000,,0.11473317865429235,0.043271461716937354,0.038747099767981436,0.12296983758700696,,0.002900232018561485,0.060556844547563805,0.09721577726218097,,0.0018561484918793504,,,,,0.032946635730858466,0.22621809744779584,0.24350348027842228,,8620.0
61630000,,0.09140008309098463,,0.02098047361861238,0.1981719983381803,,0.0029081844619858743,0.1503946821769838,0.09576235978396344,,0.014748649771499792,0.26651433319484835,,,,,0.043415039468217696,0.08579144162858329,,4814.0
61634000,,0.2026125364157504,0.050277229583685745,0.034395263603044825,0.20853303260971714,,,0.06089653228080068,,0.011089183347429752,,0.18785828399586504,,,0.0017855464711963162,0.006202424584155625,0.09670143783478996,0.060802556150737715,0.01785546471196316,10641.0
61637000,,,,0.023148148148148147,0.1388888888888889,,,0.07605820105820106,,,,,,,,,0.026455026455026454,,,1512.0
61640000,,0.2351495288816059,,0.04875051208521098,0.21712412945514134,,,0.1642769356820975,,,,,,,,0.02007374027038099,0.027857435477263416,0.07455960671855796,,2441.0
61642000,,,,,0.3583399840383081,,,0.10295291300877893,,,,,,,,,0.047885075818036714,,,1253.0
61644000,0.01887905604719764,0.06814159292035399,,0.030678466076696165,0.1929203539823009,,,0.11356932153392331,,,,0.4259587020648968,,,0.06902654867256637,,,0.04896755162241888,,3390.0
61646000,,0.048230504227998745,,0.08142812402129658,0.24835577826495459,,0.006263701847792045,0.13247729408080175,0.19824616348261823,,,0.17663639210773568,,,,,0.04478546821171312,,0.01534606952709051,3193.0
61648000,0.02527700831024931,0.3331024930747922,,0.035318559556786706,0.1945983379501385,,,0.05332409972299169,0.09349030470914127,,,,,,,0.01662049861495845,0.018005540166204988,,,2888.0
61650000,,,,0.059027777777777776,0.3738425925925926,,,0.15856481481481483,,,,,,,,,0.03587962962962963,,,864.0
61653000,,,,0.05687203791469194,0.22748815165876776,,,0.10426540284360189,,,,,,,,0.034360189573459717,,0.14218009478672985,,844.0
61656000,,0.20041816009557945,,0.045997610513739545,0.281063321385902,,0.007765830346475508,0.12903225806451613,0.2066905615292712,,,,,,,0.030764635603345282,0.043309438470728795,0.018518518518518517,,3348.0
61658000,,0.015651841954571484,,0.03569383470127887,0.2313418591334224,0.042756251192975755,0.008207673220080168,0.11471654895972513,0.1750334033212445,0.0011452567283832794,0.005535407520519183,0.16090857033785075,,,,0.021378125596487878,0.04619202137812559,0.10288222943309792,0.01603359419736591,5239.0
61700000,0.01774128448104484,0.004469960300487358,0.019813611089357037,0.022488358223341387,0.1394663758983596,0.05277806225413712,0.026446261077007416,0.10993572172991078,0.11995999927709537,0.007970023554642554,0.030283679825539016,0.2766556022096785,0.0012891799249384025,0.0028675217021994375,0.004204895269191612,0.026404091640210365,0.07877853214214715,0.05027199286734098,0.008174846533371085,165997.0
61701000,0.018755937022090774,0.004520558096919149,0.018722251790370067,0.02247478660405705,0.13342720284572837,0.050312262098050974,0.028551602406472955,0.10636448768131077,0.11116126467833973,0.008684052737598782,0.03334164235715777,0.28922139955400755,0.0014417279176463455,0.003099041318305229,0.004480135818854298,0.028362965108836985,0.0813430975591681,0.047219957826089884,0.008502152486306954,148433.0
61705000,0.013876319758672699,,,0.020512820512820513,0.1947209653092006,0.077526395173454,0.007541478129713424,0.12217194570135746,0.16862745098039217,,,0.27405731523378585,,,,0.01478129713423831,0.06666666666666667,0.026093514328808447,,6630.0
61710000,,,0.05780998389694042,0.015136876006441223,0.1824476650563607,0.07375201288244766,0.009822866344605476,0.10499194847020935,0.18743961352657004,,0.009822866344605476,0.15185185185185185,,,0.0012882447665056361,0.007729468599033816,0.04541062801932367,0.13880837359098228,,6210.0
61715000,,,,0.03535139712108383,0.1949618966977138,0.06773920406435224,0.008890770533446233,0.21147332768839966,0.23941574936494497,,0.00275190516511431,0.04953429297205758,,,,,0.05927180355630821,0.06371718882303133,,4724.0
63602000,0.02610966057441253,,,,0.3138381201044386,,,0.10757180156657964,0.15456919060052218,,,,,,,0.033942558746736295,0.029765013054830286,,,1915.0
63603000,0.01818181818181818,0.15603305785123966,,0.007603305785123967,0.26975206611570246,0.016859504132231404,,0.11900826446280992,0.14809917355371902,,0.019173553719008266,,,,,0.015867768595041323,0.029421487603305783,0.15041322314049588,,3025.0
63604000,0.02201731275875047,0.03519006398193451,,0.023146405720737673,0.21095220173127588,0.02766277756868649,0.003387278885961611,0.1260820474219044,0.1834776063229206,0.002822732404968009,0.012043658261196839,,,,,0.012420022581859239,0.066616484757245,0.14508844561535567,,5314.0
63606000,,0.026072786529060293,,0.017653449212384573,0.2957631721890277,0.09668658337859859,0.006789788158609452,0.13199348180336773,0.2686040195545899,,0.0038022813688212928,0.038837588267246065,,,,,0.03775122216186855,0.04617055947854427,,3682.0
63607000,0.026344597810566396,,0.02570204664445502,0.024393146120894812,0.11789623988576868,0.1639457401237506,0.0045692527367920035,0.055854355069014754,0.13036649214659685,0.008591147072822465,0.007329842931937173,0.2683246073298429,,0.0026891956211327938,,,0.06630176106615897,0.05380771061399334,,42020.0
63608000,0.01725505751685839,0.011305037683458944,,0.02545286262065318,0.221539071796906,0.08839085019172287,0.009387809070474679,0.11847150601613117,0.20699457887081846,0.004693904535237339,0.00436334787782626,,,0.002049451275948698,,0.014015602274229802,0.05910353034510115,0.09275419806954913,,15126.0
63609000,,0.14353687549563837,,0.03885804916732752,0.28707375099127674,,,0.18001586042823156,0.1998413957176844,,,,,,,0.047581284694686754,0.025376685170499604,,,1261.0
63611000,0.018761082194131442,0.00737859635074072,0.045815935480180744,0.0174455185036893,0.21518046101927588,0.054224103414745754,0.004232683177944289,0.16164273866041298,0.19155751301264085,0.009208945833095006,0.00428988159926786,0.12675170165303437,,,,0.0053194531830921465,0.03065835382943431,0.0679517245324029,0.027741234341932163,17483.0
63612000,,0.0169971671388102,,0.029745042492917848,0.3031161473087819,,,0.13101983002832862,,0.024787535410764873,,,,,,0.02762039660056657,0.04320113314447592,,,1412.0
63613000,,0.1861946902654867,,,0.27008849557522124,0.029734513274336283,0.004601769911504424,0.12176991150442477,0.19823008849557522,,,,,,,0.03964601769911504,0.03150442477876106,,0.04,2825.0
63614000,0.01653944020356234,,,0.03816793893129771,0.20610687022900764,,,0.16984732824427481,0.17111959287531806,,,,0.2582697201017812,,,0.04580152671755725,0.020356234096692113,,,1572.0
63616000,,0.10911736178467507,,,0.27837051406401553,,0.0038797284190106693,0.12657613967022308,,,,,,,,0.029582929194956354,0.03297769156159069,0.18089233753637246,,2062.0
63617000,0.04122407688416793,0.1174759736975215,,0.017324228629236216,0.1576884167931209,0.11924633282751644,0.004425897824987354,0.0761254425897825,0.12215477996965099,,0.00834597875569044,0.08598887202832575,0.019726858877086494,0.0007587253414264037,,0.021244309559939303,0.02794638340920587,0.1545270612038442,0.018841679312089025,7908.0
63619000,0.018818380743982493,0.11991247264770241,,,0.2840262582056893,,,0.0936542669584245,,,0.0056892778993435445,,0.17024070021881837,0.007439824945295405,,0.02538293216630197,0.02450765864332604,0.044201312910284465,,2285.0
63621000,,0.2314986123959297,0.024745605920444034,0.022201665124884366,0.24375578168362627,0.07238667900092507,0.006938020351526364,0.13020351526364476,0.12187789084181314,,0.004625346901017576,,,,,0.026364477335800184,0.034227567067530065,0.0393154486586494,,4324.0
63622000,0.019230769230769232,0.007726648351648352,,0.018887362637362636,0.20587225274725274,0.04859203296703297,0.004979395604395604,0.22098214285714285,0.1971153846153846,,0.005322802197802198,0.13324175824175824,,0.013907967032967032,,0.011847527472527472,0.03983516483516483,,,5824.0
63623000,0.013063524590163935,0.035860655737704916,,0.03278688524590164,0.3629610655737705,0.02023565573770492,0.00973360655737705,0.12218237704918032,0.12653688524590165,,0.0038422131147540983,,,0.011526639344262296,,0.0315061475409836,0.0350922131147541,0.039702868852459015,0.021772540983606557,3904.0
63624000,0.07626514611546685,0.12045616535994298,,0.044191019244476125,0.29294369208838206,0.008553100498930863,,0.18460441910192446,0.15894511760513186,,,,,,,,0.027797576621525304,,0.0270848182466144,1403.0
63625000,,0.07021353601158162,,0.0249728555917481,0.2222222222222222,0.011943539630836048,0.002895403546869345,0.10532030401737243,0.17408613825551936,,,,,,,,0.028954035468693448,0.019905899384726745,,2763.0
63626000,0.01701585831693483,0.14411390207199906,,0.03206389628429216,0.23741173746961453,0.04989003356870008,0.005440444495890728,0.07975460122699386,0.18497511286028476,0.005671952772311611,0.007755527260099549,0.16541266350272021,,,,0.012617201064938072,0.03762009491839333,,,8639.0
63629000,0.005260081823495032,0.20806545879602573,,,0.32963179427235534,,0.004675628287551139,0.13676212741087085,,,,,,,,0.06253652834599649,0.03565166569257744,,,1711.0
63630000,0.0328548644338118,0.026475279106858055,,0.04242424242424243,0.3422647527910686,0.07814992025518341,0.006060606060606061,0.1521531100478469,0.18628389154704944,,,,,,,0.03125996810207336,0.03094098883572568,,,3135.0
63632000,,,,,0.34776192818494833,0.023610427939006393,,0.20609936055091,0.20609936055091,0.007870142646335464,,,,,,0.02852926709296606,0.039350713231677326,,,2033.0
63634000,0.0226628895184136,0.27431539187913123,,,0.31350330500472146,,,0.12417374881964117,,,,,,,,0.02644003777148253,0.0226628895184136,,,2118.0
63635000,,0.007594936708860759,,0.025086306098964326,0.26052934407364786,0.03406214039125432,0.006444188722669736,0.13003452243958574,0.16386651323360185,0.004602991944764097,0.001611047180667434,,,,,0.028768699654775604,0.06398158803222094,0.12727272727272726,,4345.0
63636000,,,,,0.3986622073578595,,,0.17324414715719064,0.19665551839464884,,,,,,,0.05016722408026756,0.02140468227424749,,,1495.0
63637000,0.009013785790031814,0.1073170731707317,0.005408271474019088,0.021527041357370096,0.20328738069989397,0.0767762460233298,0.004559915164369035,0.14655355249204666,0.11749734888653235,0.0004241781548250265,0.004453870625662778,0.1142099681866384,0.012725344644750796,0.002014846235418876,0.004772004241781549,0.019724284199363732,0.042417815482502653,0.08907741251325557,0.018027571580063628,9430.0
63639000,,,,0.04871259568545581,0.42519137091162146,0.025748086290883786,0.007654836464857342,0.12178148921363953,0.17536534446764093,,,,,,,0.07306889352818371,0.03549060542797495,,,1437.0
63640000,,0.019071310116086235,,0.04643449419568822,0.2777777777777778,0.0505804311774461,,0.1824212271973466,,,,,,,,0.05721393034825871,0.02570480928689884,0.028192371475953566,,1206.0
63641000,0.033121993878443376,0.04274158285964145,,0.024814167031045036,0.20540008745080893,0.07105378224748579,0.005028421512898994,0.08285964145168342,0.10701792741582859,0.006996064713598601,0.007433318758198513,0.04317883690424137,,0.003935286401399213,0.01114997813729777,0.016287713161346744,0.04121119370354176,0.26016615653694797,,9148.0
63642000,,,,0.0423728813559322,0.3077330508474576,,0.004766949152542373,0.1461864406779661,0.2669491525423729,,,,,,,0.09110169491525423,0.02754237288135593,0.048199152542372885,,1888.0
63644000,0.016874541452677916,,,0.034849596478356566,0.2483492296404989,0.11702127659574468,0.007336757153338224,0.13976522377109318,0.11482024944974321,,,,,,,0.028613352898019074,0.04181951577402788,,,2726.0
63646000,0.014394580863674851,0.15262489415749364,,0.03577476714648603,0.18543607112616428,0.0556731583403895,0.002540220152413209,0.10351397121083827,0.084038950042337,0.015029635901778153,,,,0.012489415749364945,,,0.0814987298899238,0.22459779847586792,,4724.0
63647000,,0.025726141078838173,,0.054771784232365145,0.3228215767634855,,,0.16846473029045644,0.23236514522821577,,,,,,,0.044813278008298756,0.036514522821576766,,,1205.0
63648000,,,,,0.27827050997782704,0.02383592017738359,,0.13026607538802662,,,,,,,,,0.024390243902439025,,,1804.0
63649000,0.028401122019635343,0.011220196353436185,,0.07398316970546985,0.31451612903225806,,0.0070126227208976155,0.11430575035063113,0.28401122019635344,,,,,,,0.020336605890603085,0.038218793828892005,,0.024894810659186535,2852.0
63650000,0.01940896319470737,0.011218938684415041,0.032819879241974374,0.01785465197377598,0.16437837514696213,0.047446346372277466,0.0060578283482454216,0.0878185839826236,0.12344817966243549,0.004921985532949405,0.002251758563657015,0.25594324771336907,0.0071338899627363846,0.002251758563657015,0.0036466532491082637,0.011099376282804933,0.09576948368969572,0.0859255126237969,0.02062451427774346,50183.0
63700000,0.02227344539120976,0.007126639213350254,0.018703650945758116,0.020266245370490276,0.14214861049959857,0.037100826189427887,0.04014831697357402,0.10961470392720554,0.13104642027746843,0.004886344996676249,0.026555472102077992,0.19427537920972435,0.010234561826077198,0.003682024984244559,0.005080590159971684,0.04737423704816417,0.0820491569759913,0.08452686194780416,0.012902195402001156,231666.0
63701000,0.022379042849387992,0.007227660356873939,0.018675468856707584,0.02036090146566971,0.141536939429492,0.03733780447230637,0.0406605144728317,0.10782828725024954,0.12880645104803265,0.004745477787311538,0.02683996707934229,0.1970161276200816,0.010379638222984922,0.0037342182219342636,0.004211392648887177,0.04754671056087695,0.08289264013168263,0.08561122104120336,0.012205158737107535,228428.0
63746000,,,,,0.22206303724928367,0.025787965616045846,,0.2148997134670487,0.2851002865329513,,,,,,,,0.05300859598853868,,,698.0
63760000,,,,,0.08690176322418136,,,0.09697732997481108,,,,,,,,,,,0.2040302267002519,794.0
63775000,,,,,0.21579851173440184,,,0.3068116771608472,,,,,,,0.11734401831711505,0.017744705208929592,0.0206067544361763,,,1747.0
64701000,0.03087512291052114,0.04036709275647329,0.09375286791215995,0.03240904621435595,0.11423139954113405,0.04141592920353982,0.023428384136348738,0.14753195673549657,0.13668960996394625,0.016414290396591282,0.026915765322844967,0.013438216978039987,0.041271714192068175,0.001809242871189774,0.01638806948541462,0.04407735168797116,0.05406751884627991,0.11825630940675189,0.0066338905276958375,76275.0
64704000,,,,0.05411764705882353,0.2898823529411765,,0.004705882352941176,0.192,0.2291764705882353,0.01411764705882353,0.005647058823529412,,,,,0.038588235294117645,0.006588235294117647,,,2125.0
64708000,,0.1475195822454308,0.017297650130548303,0.027741514360313316,0.287532637075718,,0.0045691906005221935,0.14490861618798956,0.1295691906005222,0.011422976501305483,,,,,,0.05254569190600522,0.01860313315926893,,0.02251958224543081,3064.0
64712000,,0.06507656065959953,,0.03180212014134275,0.3418727915194346,,0.00530035335689046,0.1775618374558304,0.1869846878680801,,0.013545347467608953,,,,,0.019729093050647822,0.015312131919905771,,0.03651354534746761,3396.0
64716000,0.015949188426252647,0.03076923076923077,0.025688073394495414,0.016654904728299225,0.20479887085391674,0.019195483415666903,0.005786873676781934,0.2180663373323924,0.12293577981651377,0.02117148906139732,0.006916019760056458,0.048412138320395204,,,,0.013126323218066338,0.02244177840508116,0.14086097388849683,0.019195483415666903,7085.0
64720000,,0.14509660955158585,,0.01822821728034998,0.09077652205614291,0.04994531534815895,0.00911410864017499,0.12139992708713088,0.06598614655486694,0.013124316441851986,,0.1079110462996719,,,0.04593510754648195,0.01020780167699599,0.001093693036820999,0.1060882245716369,,2743.0
64724000,0.027535258562793822,0.11282740094022835,,0.0241773002014775,0.17528542646071188,,,0.22431161853593015,0.17662860980523842,0.0167897918065816,0.008730691739422432,,,,,,,,0.03223640026863667,1489.0
64728000,,0.09169213670464017,,0.04278966379549875,0.1992220061128091,,0.004167824395665463,0.16365657126979716,0.144206724090025,0.01000277854959711,0.005001389274798555,,,,,,0.010280633509308142,0.08030008335648792,,3599.0
64732000,0.03592270781999741,,0.32680586175593307,0.014395020101154196,0.07067825184800934,0.04928024899494229,0.001815588120866295,0.044741278692776554,0.04500064842432888,0.05965503825703541,0.0025936973155232784,0.003112436778627934,0.1966022565166645,,0.006484243288808196,0.017766826611334458,0.0044092854363895735,0.08974192711710544,0.015173129295811178,7711.0
64736000,0.040120999840789685,0.037414424454704664,0.027384174494507245,0.024199968157936635,0.18786817385766597,0.08342620601814997,0.005731571405827097,0.0893169877408056,0.11526826938385608,0.03868810698933291,0.004457888871198854,,0.16685241203629994,,0.017353924534309822,0.02658812291036459,0.004139468237541793,0.10173539245343098,0.021652603088680146,6281.0
64740000,0.02249585602652143,0.01918067724366564,,0.04001894387875918,0.25029599810561215,0.07293393322282737,0.009708737864077669,0.14823585129055175,0.14728865735259294,0.018707080274686243,0.007814349988160076,,,,0.04428131659957376,0.018707080274686243,0.012313521193464362,0.08406346199384324,0.029599810561212407,4223.0
64743000,,0.32280701754385965,,0.02175438596491228,0.0687719298245614,,,0.10736842105263159,,,,0.23789473684210527,,,,0.015438596491228071,,0.07087719298245614,,1425.0
64746000,0.0320962888665998,0.04045469742561016,0.031761952524239384,0.021731862253426947,0.1788699431628218,0.033099297893681046,,0.2223336676696757,0.12337011033099297,0.008692744901370779,0.006018054162487462,,,,0.0320962888665998,0.011033099297893681,0.0056837178201270475,,,2991.0
64748000,0.03898305084745763,0.057203389830508475,,0.029661016949152543,0.17288135593220338,0.2228813559322034,,0.13177966101694916,0.16271186440677965,0.005932203389830509,0.0038135593220338985,,,,0.03135593220338983,0.013135593220338982,,,,2360.0
64750000,,0.02905491698595147,,0.02713920817369093,0.24010217113665389,0.05076628352490421,0.004469987228607918,0.21392081736909324,0.27298850574712646,0.01277139208173691,0.005427841634738187,,,,,0.03065134099616858,0.009578544061302681,0.047573435504469984,0.02234993614303959,3132.0
64752000,,,0.04659717964438995,0.02035561005518087,0.12188841201716738,,0.0023298589822194973,0.065113427345187,0.07762109135499694,0.03347639484978541,0.004169221336603311,,0.24561618638871857,0.015328019619865114,,0.09245861434702636,0.019987737584304107,0.2094420600858369,0.014592274678111588,8155.0
64754000,,0.009133042529989095,0.004498364231188659,0.034760087241003275,0.22001090512540894,0.05779716466739367,0.0059978189749182115,0.14462922573609596,0.1911123227917121,0.01049618320610687,0.011314067611777535,,0.0021810250817884407,0.0024536532170119957,0.011177753544165758,0.02140130861504907,0.015539803707742638,0.20378953107960743,0.03462377317339149,7336.0
64756000,0.013990988854635997,0.21792743656627936,0.058572444866018494,0.03889020630780175,0.10149395304718994,0.04647853924590942,0.005691249703580745,0.07991463125444628,,0.01304244723737254,0.003319895660422101,0.26156035096039837,,,0.03912734171211762,0.011619634811477354,0.006402655916528338,0.04055015413801281,,4217.0
65608000,0.006646525679758308,0.2595166163141994,,0.038066465256797584,0.24199395770392748,0.013897280966767372,,0.14561933534743202,0.09335347432024169,,0.004833836858006042,,,0.0036253776435045317,,,0.02175226586102719,,0.0072507552870090634,3310.0
65623000,,0.209243908565687,,0.04973624717407687,0.3026877668927405,0.009294147199196181,,0.21703089675960813,0.0869128359708616,0.032906304948505403,,0.04546596332579754,,,0.013564431047475508,,0.021602612408942477,,0.004019090680733484,3981.0
65628000,0.019298992479069108,,,0.036611323967645805,0.21413367390378885,0.02894848871860366,0.00411522633744856,0.12501773804455796,0.0885483184333759,0.004257130693912303,0.002270469703419895,0.27032779906343124,,,0.004257130693912303,0.01035901802185327,0.03519228040300837,0.018873279409677878,0.022420888321271464,7047.0
65639000,0.020113460546673543,,,0.05621454357916452,0.41464672511603917,0.03300670448684889,0.006704486848891181,0.18463125322331098,,,,,,0.0030943785456420837,0.016503352243424446,,0.036616812790097986,0.008251676121712223,0.024239298607529654,1939.0
65645000,,,,,0.3162393162393162,0.05128205128205128,,0.3717948717948718,,,0.05413105413105413,,,,,,,,,702.0
65701000,0.021244074978063538,0.005835207639767376,0.035819030179781004,0.016882910462222473,0.10516002186025548,0.03231790559592058,0.046446510959521514,0.0795526050500674,0.09400563053990912,0.00850895203589959,0.04370744707488444,0.15237948010041782,0.0042000431108624135,0.0028022060568584375,0.013288161278171751,0.062097060405285655,0.16072948804762227,0.10009122955227845,0.014929857755927199,459281.0
65703000,0.004519887505022097,,,0.03304539975893933,0.2099236641221374,0.13760546404178384,0.0029128163921253516,0.0931096826034552,0.13248292486942548,,0.005825632784250703,0.16793893129770993,,0.0022097227802330252,0.006528726396143029,0.01064684612294094,0.05413820811570912,0.12555243069505825,0.007533145841703496,9956.0
65704000,,0.1059989832231825,,0.042196237925775294,0.32130147432638534,0.029486527707168277,0.004829689883070666,0.13726487036095578,0.14285714285714285,,,,,,,0.029232333502796137,0.06380274529740722,,0.0157600406710727,3934.0
65705000,,,0.2810725552050473,,0.2914826498422713,,0.002523659305993691,0.08296529968454258,0.1299684542586751,,,,,,,,0.030914826498422712,0.0138801261829653,0.008201892744479496,3170.0
65706000,0.008620689655172414,0.11434612882238127,,0.02147039687703318,0.22852960312296683,,0.002277163305139883,0.16558230318802863,0.11418347430058555,0.0068314899154196486,0.0009759271307742355,0.07921275211450879,,0.0027651268705270004,,0.009108653220559532,0.1341899804814574,0.08571893298633702,0.0035783994795055302,6148.0
65707000,0.006123535676251331,0.11173233936812212,,0.022275470358537452,0.1846822861199858,0.0706425275115371,0.002751153709620163,0.07206247781327653,0.07463613773517927,0.004171104011359603,0.0014199503017394391,0.30040823571175007,,0.005857294994675187,0.003194888178913738,,0.04020234291799787,0.05023074192403266,,11268.0
65708000,0.001049317943336831,,0.020094438614900314,0.013011542497376705,0.07848898216159496,0.03441762854144806,0.0030954879328436518,0.04349422875131165,0.03866736621196223,0.0011017838405036726,0.009601259181532004,0.6443336831059812,,,0.016054564533053515,0.004354669464847849,0.04239244491080797,0.025970619097586568,0.02166841552990556,19060.0
65709000,0.025048923679060666,0.043835616438356165,,0.055968688845401175,0.34090019569471625,,0.0035225048923679062,0.23679060665362034,0.15107632093933465,,0.005088062622309198,,,,,,0.04735812133072407,0.04892367906066536,,2555.0
65710000,0.03559870550161812,,,,0.15210355987055016,,,0.21143473570658036,,,0.02912621359223301,,,,,,0.015102481121898598,0.23516720604099245,,927.0
65711000,0.019636363636363636,0.4461818181818182,,0.018,0.2641818181818182,,,0.09090909090909091,,0.005272727272727273,,0.03618181818181818,,0.005272727272727273,,0.028727272727272726,0.008,0.006545454545454545,0.00909090909090909,5500.0
65712000,,0.24040632054176073,,0.029909706546275394,0.2734198645598194,,,0.06405191873589165,0.0716704288939052,0.006207674943566591,,0.1010158013544018,,,,0.027934537246049662,0.04937923250564334,,,3544.0
65713000,,,,,0.4589515331355094,,,0.06824925816023739,0.04945598417408507,,,,,,,0.05605011539729641,0.01813386086383119,,,3033.0
65714000,0.0443145848551254,,,0.02252252252252252,0.18444119795471148,0.021061602142683225,0.006452398344290236,0.1273435597759922,0.08375943511078646,0.022035549062576088,0.001582663744825907,0.24348672997321646,0.10567324080837594,0.003165327489651814,0.008643778914049185,,0.048088629169710254,0.05125395665936206,0.011565619673727781,8214.0
65715000,0.020388159184473634,,,0.020388159184473634,0.17957263281709468,,0.007449519702019212,0.09096255636149775,0.09703979611840816,0.010978239560870417,0.007841599686336012,0.23054303077827876,,,,0.014310919427563223,0.056655557733777694,0.15977259360909626,,5101.0
65716000,0.02658160552897395,,,0.03854332801701223,0.27405635300372144,0.04146730462519936,0.0007974481658692185,0.15178096757044127,0.08904837852206274,,,,,,,0.030037214247740564,0.04704944178628389,,0.013822434875066455,3762.0
65717000,0.04943324937027708,0.10768261964735516,,0.07462216624685139,0.3850755667506297,0.06958438287153652,,0.09445843828715365,0.09351385390428212,0.0327455919395466,,,,,,0.015113350125944584,0.055415617128463476,,,3176.0
65718000,0.009823848238482384,0.20494579945799457,,0.06402439024390244,0.3150406504065041,0.06808943089430894,,0.08705962059620596,0.130420054200542,0.013888888888888888,,,,0.005420054200542005,0.023373983739837397,,0.039634146341463415,0.013211382113821139,,2952.0
65719000,0.04264774676438484,,,0.02338998908467176,0.12513644160299392,0.033369717760798376,0.004132231404958678,0.07882426321534383,0.0912989240605021,0.006315297052861375,0.014267893341649775,0.3885856853266802,,,,0.005925463901450179,0.0881022922189303,0.06408857009200063,,12826.0
65720000,0.006881365262868153,,,0.03812276355628957,0.2503440682631434,0.05078447563996697,0.007844756399669695,0.09936691439581613,0.1564822460776218,,,0.09716487751169832,,,0.013212221304706853,0.01568951279933939,0.06908890723919625,0.002890173410404624,0.03344343517753923,7266.0
65721000,,,,,0.30952380952380953,,,0.17305458768873402,0.11788617886178862,,,,,,,,0.03774680603948897,0.11382113821138211,,1722.0
65722000,0.018045484508899142,0.05380685563612393,,0.03295978905735003,0.21086025049439683,0.019281476598549768,0.004202373104812129,0.07391232696110744,0.11173368490441661,0.02949901120632828,,0.24588002636783124,,,0.007827949901120634,0.00972313777191826,0.1502142386288728,0.013019116677653262,0.015491100856954515,12136.0
65723000,0.006621420294653203,0.008276775368316504,,,0.2173481211719914,,0.004966065220989902,0.2421784472769409,0.17083264360205264,,,0.17215692766098328,,0.0016553550736633008,0.03509352756166197,,0.04337030292997848,0.018374441317662638,,6041.0
65724000,0.004110715264456015,0.07741847081392163,,0.040285009591668954,0.24225815291860783,0.09687585639901343,0.00712523979172376,0.10290490545354891,0.17470539873938065,,,0.08892847355439847,,0.0028775006851192108,0.011510002740476843,0.01918333790079474,0.04604001096190737,0.07508906549739655,,7298.0
65725000,,,,0.0539053905390539,0.3355335533553355,0.06307297396406307,,0.2607260726072607,0.18445177851118444,,,,,,0.005500550055005501,,0.041804180418041806,,,2727.0
65726000,0.029296875,0.092041015625,0.000732421875,0.036376953125,0.239013671875,0.06640625,0.004150390625,0.12646484375,0.12255859375,,0.005859375,,,,,0.0126953125,0.059814453125,0.0400390625,,4096.0
65727000,,0.14923016186340307,,,0.306750888274773,,,0.15238847216739046,0.15199368337939204,,0.0043426766679826295,,,,,0.01381760757994473,0.04145282273983419,,,2533.0
65728000,0.006530984204131228,,,0.03721142162818955,0.23314094775212638,0.017770352369380314,0.010328068043742407,0.14975698663426487,0.21369987849331712,0.010479951397326853,0.00850546780072904,0.08930741190765493,,,,0.00850546780072904,0.07487849331713244,0.07032199270959903,,6584.0
65729000,0.010400416016640665,,,0.022100884035361413,0.19500780031201248,0.045501820072802915,0.003640145605824233,0.07020280811232449,,,,0.42277691107644305,,,,,0.09282371294851795,,,3846.0
65730000,0.017159878261995727,,0.01333937706404196,0.016253318655701614,0.13695525480800363,0.048047659133588036,0.007058214077575601,0.07090591206371819,0.12944376092728097,0.009518875866088196,0.0031729586220293985,0.1480282328563103,,0.008871333290163829,0.011720520624231043,0.0033672213948067087,0.04597552289063006,0.03399598523602927,0.020980379459949492,15443.0
65731000,0.007628196072891651,0.008758299194801526,0.05028958892498941,0.023802797005226726,0.16909167961576493,0.025639214578330273,0.005367989829071903,0.07988416443000423,0.08687667749682158,0.008687667749682158,0.001059471676790507,0.15955643452465038,,,,0.034468145218251166,0.21994632010170928,0.01285492301172482,0.025003531572255967,14158.0
65732000,0.025916937588717433,,0.0015568478410183616,0.03534960391959339,0.14579422134713127,0.02468061724437932,0.0033426438939511884,0.058290214753422775,0.06204496542882,0.013187417006273182,0.028755895416456796,0.4397637254453043,,0.0009157928476578598,0.00489949173496955,0.006181601721690554,0.08452767983882045,0.0313659050322817,0.028389578277393652,21839.0
65733000,0.09443822321761851,0.05001866368047779,,0.014930944382232176,0.17282568122433745,0.23628219484882418,,0.027622247107129527,,,,,,,,0.0070921985815602835,0.03807390817469205,0.0429264650989175,0.029115341545352745,2679.0
65734000,,,,,0.15967016491754124,,,0.04085457271364318,,,,0.5029985007496252,,,,,0.022863568215892055,,,2668.0
65735000,0.0054585152838427945,,,,0.2046943231441048,,,0.0425764192139738,0.1331877729257642,,,,,,,,0.04312227074235808,,,1832.0
65736000,,,,0.03646677471636953,0.3719611021069692,,,0.09562398703403566,,,0.03079416531604538,,,,,,0.11831442463533225,,,1234.0
65737000,,,0.013786365610073816,0.019756838905775075,0.14676508901432914,0.35833695180199737,0.0033651758575770734,0.06784628745115068,0.06437255753365176,,0.013460703430308293,0.06176726009552757,,,,0.03571428571428571,0.07045158488927486,,0.040599218410768564,9212.0
65738000,0.041242000474045984,,,0.015880540412420006,0.14979853045745437,0.032235126807300306,0.004029390850912538,0.23299360037923678,0.09101682863237734,,0.004740459824602986,,0.14268784072054988,,,0.007347712728134629,0.04645650628110927,0.17658212846646124,,4219.0
65739000,0.016194803681696377,,,0.06268204590469532,0.2128626354421531,0.020622160083886752,0.010602353489455901,0.10602353489455901,0.1632296399860189,0.018758010019806596,0.0027962250961202375,0.19130840032622626,,0.008854712804380752,,0.010136315973435861,0.050681579867179305,0.09588721892112315,,8583.0
65740000,0.01402507389664662,,0.004770155947405973,0.013331974314544899,0.11464682499235553,0.027214351238405873,0.007359086739374172,0.06101314850677811,0.09049026602792784,0.0036285801651207827,0.003567424319641219,0.4763428804403221,,0.0006319437366221588,0.004545917847314239,0.05481602283151565,0.05526449903169911,0.04570380185506065,0.02230149831821425,49055.0
65741000,0.019997333688841486,,,0.012398346887081722,0.17277696307159046,0.03346220503932809,0.009598720170643914,0.1382482335688575,0.13478202906279163,0.004266097853619517,,0.17970937208372217,,0.0013331555792560992,,0.007998933475536596,0.05012664978002933,0.21063858152246367,,7501.0
65742000,0.013579049466537343,,,0.027352085354025217,0.2186226964112512,0.03026188166828322,0.004073714839961203,0.08302618816682832,0.1507274490785645,0.005819592628516004,0.00504364694471387,0.09350145489815713,,,,0.013579049466537343,0.05877788554801164,0.08419010669253152,,5155.0
65743000,0.02646285338593031,,0.01799802761341223,0.013888888888888888,0.10601577909270217,0.022189349112426034,0.0031229454306377384,0.046761998685075606,0.07453977646285338,0.006903353057199211,,0.08793556870479947,0.46646942800788954,,,0.02309335963182117,0.0403517422748192,0.04725509533201841,,12168.0
65744000,0.03698353077145334,,,0.027593181161514012,0.1584802080323606,0.03481652701531349,0.0033227390927477608,0.12814215544640278,0.07570066454781856,,0.0066454781854955215,0.4401906963305403,,,,,0.03568332851776943,,0.041606472117885006,6922.0
65745000,0.015175332527206771,,0.01475211608222491,0.024244256348246673,0.13210399032648126,0.049576783555018135,0.003990326481257557,0.09316807738814994,0.1163845223700121,0.011185006045949214,0.005743651753325272,0.19727932285368802,0.13851269649334946,0.0004836759371221282,0.004594921402660218,0.03059250302297461,0.04135429262394196,0.10151148730350665,0.01577992744860943,16540.0
65746000,0.05886332882273342,,,0.033660351826792966,0.1439445196211096,0.033152909336941816,0.0015223274695534506,0.09252368064952639,0.09844384303112313,,0.008119079837618403,0.39174560216508797,,,,0.0052435723951285524,0.04110284167794317,,,5912.0
65747000,0.0348586118251928,,0.04030848329048843,0.025398457583547557,0.1845758354755784,0.0238560411311054,0.006169665809768638,0.11074550128534705,0.1310025706940874,0.013059125964010283,0.00596401028277635,0.07023136246786632,,0.0016452442159383034,0.012133676092544987,0.01326478149100257,0.05131105398457583,0.2602570694087404,0.010591259640102827,9725.0
65748000,0.018518518518518517,,,0.026530076175466245,0.15707906488048332,0.03152088258471237,0.005778828473863935,0.08234830575256107,0.09443131074336748,,0.0048594693984764905,0.2111899133175729,0.13921723141581296,0.006829524560021014,,0.009456264775413711,0.04596795376937221,0.0952193328079853,,7614.0
65749000,,,,,,,,,,,,,,,,,,,,7497.0
65750000,,,,0.025540865384615384,0.13822115384615385,,,0.07572115384615384,0.15685096153846154,,0.0033052884615384615,0.16676682692307693,,,,0.2683293269230769,0.03876201923076923,,,3328.0
65751000,0.0250208033890612,0.003186700960738331,0.010657008850896437,0.029465163779408426,0.10541644602466148,0.04195665330206521,0.0060140706558741205,0.06445268174597171,0.08773356532264165,0.014448899311596944,0.006524699296467206,0.4237839473485135,,0.0011536424843028973,0.0064301384370981166,0.027252439670171724,0.047668129207958244,0.06986156290188365,0.01204705348362206,105752.0
65752000,,,,,,,,,,,,,,,,,,,,15279.0
65753000,0.014236696364074163,0.012671562725740429,0.00743438478208524,0.019112689621960027,0.11759571394172887,0.02976763785215507,0.011527811220804238,0.06359860341921503,0.10025884902480135,0.00755477967734168,0.004875993257885866,0.40774741150975197,,0.0018661208764748376,0.008939320972790753,0.010143269925355166,0.096887791957621,0.058030339513604624,0.01489886828798459,33224.0
65754000,0.02402981238756104,,,0.01959650475456181,0.13749678745823696,0.034952454381906965,0.006939090208172706,0.05043690567977384,0.08905165767154972,0.01477769210999743,0.009509123618607042,0.4805962477512208,,0.0032125417630429194,0.00796710357234644,0.005975327679259831,0.05397070161912105,,0.025250578257517347,15564.0
65755000,0.045444661883018045,,0.034790171776473144,0.023374646662317894,0.131985214176995,,0.005870841487279843,0.07240704500978473,0.11208958469232441,0.01598173515981735,0.00684931506849315,0.09556425309849967,,,0.016307893020221786,0.013589910850184822,0.038595346814524895,,,9198.0
65756000,0.0190506215096379,,0.016123221041253827,0.019591064673031885,0.18104845973698433,0.06787065393622771,0.0074761304269500995,0.06665465681859124,0.09277607638263376,0.004503693028283192,0.006125022518465141,0.3522788686723113,,0.0002251846514141596,0.003422806701495226,0.0037380652134750498,0.050531435777337416,0.09750495406233112,0.005359394703656999,22204.0
65757000,,,,0.03863346104725415,0.17209450830140485,0.12867177522349937,0.004789272030651341,0.05810983397190294,0.038952745849297574,,,0.14431673052362706,,,,0.013090676883780333,0.27873563218390807,0.014367816091954023,,3132.0
65758000,0.020756796473181485,0.05143277002204261,0.00266348273328435,0.024246877296105803,0.16688096987509185,0.03416605437178545,0.0031227038941954444,0.06328067597354886,0.11370315944158707,0.004041146216017634,0.0036737692872887582,0.3761939750183688,,0.002112417340191036,,0.02204261572373255,0.05556576047024247,0.039493019838354154,0.015337986774430566,10888.0
65759000,,,,,0.37677304964539005,0.05673758865248227,,0.10726950354609929,,,,,,,,,0.08865248226950355,,,1128.0
65760000,,,,0.005686433793663688,0.13078797725426483,,,0.039805036555645816,,,,0.14947197400487408,,,,,0.04061738424045491,,,1231.0
65761000,,,,,0.15828677839851024,,,0.07262569832402235,,,0.015828677839851025,,,,,,0.04748603351955307,,,1074.0
65762000,,,,0.02830188679245283,0.21900269541778974,,,0.07412398921832884,,,,,,,,,0.04245283018867924,,,1484.0
65763000,,,,0.015218769816106531,0.14035087719298245,0.3842739378566899,,0.03508771929824561,0.04227436060029592,,,,,,,0.015007398013105052,0.034030860283238214,,,4731.0
65764000,,,,0.030664395229982964,0.10817717206132879,0.05366269165247019,,0.02129471890971039,,,,,,,,,0.022998296422487224,0.5834752981260647,,1174.0
65765000,,,,,,,,,,,,,,,,,,,,1675.0
65766000,,,,,,0.1213235294117647,,0.09191176470588236,,,,,,,,,0.10294117647058823,,,272.0
65767000,,,,,,,,,,,,,,,,,,,,453.0
65769000,,,,0.10925925925925926,0.387037037037037,,,0.2037037037037037,,0.011111111111111112,,,,,,,0.03888888888888889,,,540.0
65771000,0.01054481546572935,0.15036125756688146,,0.041202890060535055,0.20757664518648702,0.05780121070103495,,0.029486428431946887,0.10232376488966999,0.014840851396211677,,0.3024799843780512,,,,0.022456551454793985,0.026752587385276312,,,5121.0
66603000,,,,0.04149715215622457,0.25874694873881204,0.06265256305939788,,0.23515052888527258,0.1757526444263629,,,,,,0.005695687550854353,0.03336045565500407,0.07404393816110659,,,1229.0
66605000,0.02165062916358253,0.012028127313101407,,0.02084875400937577,0.13749074759437455,0.0539106834443622,0.0010486059708857637,0.0768566493955095,0.09906242289661979,0.0016654330125832717,0.003947693066864051,0.3233407352578337,,0.001233654083395016,0.005057981741919566,0.0048112509252405625,0.04027880582284727,0.18270416975080186,0.008697261287934863,16212.0
66608000,0.0170134498218186,0.03759052764685596,0.05598344637314634,0.024140705828256122,0.14633865961604783,0.01632371536958271,0.0005747787101965744,0.0696631796758248,0.06563972870444879,,0.002529026324864927,0.4302793424531555,,0.006552477296240947,,0.011610529945970801,0.05437406598459593,0.016668582595700657,0.044257960685136224,8699.0
66609000,,,,0.06291390728476821,0.24172185430463577,,,0.19039735099337748,,,0.014900662251655629,,,,,,,0.0728476821192053,,604.0
66611000,0.01698754246885617,,,0.07191392978482446,0.2916194790486976,0.0464326160815402,,0.19082672706681766,0.16308040770101925,,,,,,,0.019818799546998868,0.04360135900339751,0.09739524348810873,,1766.0
66614000,,,,0.016440314510364547,0.14867762687634023,0.07237312365975697,,0.0943531093638313,0.08988563259471051,0.017512508934953538,,0.38867047891350964,,,,0.011794138670478913,0.029306647605432452,0.03609721229449607,,5596.0
66616000,0.031055900621118012,,0.002587991718426501,0.04089026915113872,0.23395445134575568,0.2815734989648033,,0.10300207039337474,0.11335403726708075,,,,,,0.024327122153209108,,0.051759834368530024,0.030020703933747412,,1932.0
66619000,,,,0.06461780929866036,0.25295508274231676,0.062253743104806934,,0.18045705279747834,,,0.01260835303388495,,,,,0.02206461780929866,0.06067769897557131,0.07801418439716312,,1269.0
66621000,,0.05962059620596206,,,0.2601626016260163,0.044715447154471545,,0.18157181571815717,0.23712737127371275,,,,,,,,0.04336043360433604,,,738.0
66623000,,,,0.027135231316725978,0.12855871886120995,0.03692170818505338,,0.0653914590747331,0.13523131672597866,,0.009341637010676156,0.3389679715302491,,,,,0.03825622775800712,0.18416370106761565,,2248.0
66624000,,,,0.0381619937694704,0.29750778816199375,0.050623052959501556,,0.18457943925233644,,,0.019470404984423675,,,,,0.022585669781931463,0.12227414330218069,0.10669781931464174,0.0264797507788162,1284.0
66627000,,0.1497005988023952,,0.0658682634730539,0.2249786142001711,0.05132591958939264,,0.16595380667236956,,,,,,,,,0.05218135158254919,0.07698887938408897,0.03165098374679213,1169.0
66630000,,0.024787535410764873,,0.0764872521246459,0.301699716713881,,,0.1905099150141643,0.1643059490084986,,0.004957507082152974,,,,,,0.06940509915014165,0.04107648725212465,,1412.0
66633000,,0.17534620635849424,,0.020869904427540473,0.17827189389506534,0.025941096157597036,,0.14960015603666862,0.12482933489370002,,0.005071191730056563,0.1244392432221572,,0.0015603666861712503,0.021845133606397504,0.010532475131655939,0.0434952213770236,0.08777062609713282,0.01618880436902672,5127.0
66636000,,0.05379832387131657,,0.01631071460755159,0.1809498062539425,0.08236460304586825,0.001982517797602956,0.10516355771830224,0.12922411462557448,0.0021627466882941336,0.023159412453816346,0.2644858970893034,,0.003965035595205912,0.003965035595205912,0.014147967919257457,0.06632423177435343,0.034784175903397316,0.006848697846264756,11097.0
66638000,0.0112431737873434,0.006745904272406039,,0.031159653067780277,0.13459685191133955,0.047542563443623516,,0.1413427561837456,0.16543527144233858,,0.012528107934468359,0.2364278830709926,,0.00256986829424992,0.006103437198843559,0.009958239640218438,0.04657886283327979,0.1278509476389335,0.015419209765499518,3113.0
66641000,0.021451981328831065,0.025623199920548217,,0.015294468169629555,0.15661932664614162,0.0682292183930877,0.000993147283742179,0.11798589730857086,0.10537292680504519,0.0068527162578210345,0.0033767007647234086,0.3190982222663621,,,0.006356142615949945,0.006058198430827291,0.06475320289999006,0.05740391300029794,0.01738007746548813,10069.0
66644000,0.018792209063325828,0.04649114221395713,0.033571498482920625,0.013604776353136928,0.13174121562102378,0.006361945776646765,,0.04580600959185671,0.142801213663502,0.000978760888714887,,0.06469609474405402,,,0.005676813154546345,0.0023490261329157285,0.10962121953606734,0.3636096701575805,0.00597044142116081,10217.0
66646000,,0.1273176761433869,,0.04532344458178822,0.15245158632056036,0.02266172229089411,,0.12649361351462712,0.4503502266172229,,,,,,,,0.018953440461475072,0.021425628347754428,,2427.0
66648000,,,,0.09208103130755065,0.2504604051565378,,,0.24861878453038674,,,,,,,,,0.04788213627992634,,,543.0
66650000,,,,0.05725567620927937,0.20829220138203355,,,0.1549851924975321,,,,,,,,,0.05824284304047384,0.06712734452122408,,1013.0
66652000,,0.11698880976602238,,0.07019328585961343,0.20447609359104782,0.05391658189216684,,0.16378433367243134,,,,,,,,,0.03662258392675483,,,983.0
66654000,0.06340454858718125,,,0.04686423156443832,0.19365954514128186,,,0.11302549965541006,,,,,,,0.015161957270847692,,0.033769813921433495,0.25982081323225364,0.016540317022742935,1451.0
66656000,,,,0.050216450216450215,0.28484848484848485,0.09610389610389611,,0.16536796536796536,0.17316017316017315,,,,,,,,0.0735930735930736,0.047619047619047616,0.011255411255411256,1155.0
66658000,,0.004619225967540574,0.03895131086142322,0.017478152309612985,0.1731585518102372,0.04881398252184769,0.0024968789013732834,0.08377028714107365,0.12059925093632959,,0.005368289637952559,0.350187265917603,,,,0.006491885143570537,0.07390761548064918,0.04032459425717853,0.016978776529338328,8010.0
66701000,0.016617713511070945,0.0019543605964753726,0.01360144600090375,0.02298915499322187,0.14369633981021238,0.04465657478535924,0.03035472209670131,0.13577722548576593,0.13959557162223227,0.009060099412562132,0.03447808404880253,0.185573881608676,,0.003874830546769092,0.021283325802078628,0.022864889290555808,0.08047898779936738,0.07554225033890646,0.01693402620876638,88520.0
66710000,0.09245877339262554,,0.020659625717991476,0.005929219937002038,0.06744487678339818,0.4771169168056328,0.0010190846766722254,0.04780433574207893,0.06670372429127293,,0.011395219566425792,0.07958124884194923,,0.005558643690939411,0.027793218454697052,0.009912914582175282,0.022790439132851583,,,10794.0
67302000,,,,0.04051948051948052,0.14597402597402598,0.06571428571428571,,0.008831168831168832,,0.007792207792207792,,,,,,,0.132987012987013,,,3850.0
67304000,,,,,0.2332389046270066,,,,,,,,,,,,0.07176581680830972,,,1059.0
67306000,,,,0.12345679012345678,,,,,,0.10493827160493827,,,,,,,,,,324.0
67308000,,,,0.09848484848484848,,,,,,,,,,,,,,,,132.0
67310000,,,0.04670731707317073,0.03432926829268293,0.38908536585365855,,0.005,0.06737804878048781,0.08408536585365854,0.013292682926829268,0.056158536585365855,0.0724390243902439,,,0.029817073170731706,0.03908536585365854,0.08128048780487805,0.03103658536585366,,16400.0
67312000,0.015423876160296139,,0.04862727502173364,0.03597969657029081,0.08460697159202446,0.0623124596875964,0.021901904147620516,0.25937351019377997,0.15224767940772316,0.003028688409658151,0.023135814240444207,0.02577189489329482,,0.005580638828907148,0.027622760032530357,0.0394009927367565,0.051235312263383716,0.08368153902240669,0.0597605092683474,35659.0
67314000,,,,0.01817116060961313,0.191310082063306,,,0.27271395076201643,0.14104630715123095,0.012749120750293084,,0.16427315357561548,,,0.014434349355216881,0.008792497069167644,0.07180539273153576,0.0738569753810082,,13648.0
67316000,,,,,0.2630208333333333,,,,,,,,,,,,,,,384.0
67318000,,,,0.0387858347386172,,,,,,,,,,,,,,,,593.0
67320000,,,,0.018518518518518517,0.4365079365079365,,,,,,,,,,,,,,,378.0
68602000,,0.14871794871794872,,0.02564102564102564,0.16324786324786325,,0.0017094017094017094,0.16324786324786325,,,,,,,,0.024786324786324785,0.03247863247863248,,,1170.0
68603000,,0.37168141592920356,,,0.16519174041297935,,,0.1415929203539823,0.15855457227138642,,,,,,,0.022861356932153392,0.02728613569321534,,,1356.0
68604000,,0.394014401440144,,0.015076507650765077,0.13793879387938793,,0.0058505850585058505,0.09383438343834384,0.09968496849684969,,0.0063006300630063005,,,,0.01485148514851485,0.013276327632763277,0.045454545454545456,0.05873087308730873,,4444.0
68606000,0.07272106520996928,0.14646637077500854,,0.017753499487879822,0.14236940935472858,0.03618982587913964,0.0020484807101399795,0.22260157050187776,0.1396381017412086,0.007169682485489928,0.0037555479685899623,,,,,0.011608057357459884,0.027654489586889725,0.011266643905769888,,2929.0
68608000,0.03690859549170176,0.19791924696556848,,0.01808273470398811,0.1285608124845182,,,0.07703740401288085,0.10478077780530097,0.01238543472875898,,0.33242506811989103,,,,0.013871686896210057,0.02452316076294278,,,4037.0
68610000,,0.21139854486661278,,0.011721907841552142,0.2154405820533549,,,0.15157639450282942,,,,,,,,,0.02950687146321746,0.12894098625707356,,2474.0
68612000,,0.21732999059855845,0.054528361015355686,,0.15559385772485115,0.08508304606706361,,0.13224694453149483,0.08335944844876214,0.0015669069257286117,,,,,,0.01206518332811031,0.02162331557505484,0.16562206204951427,,6382.0
68614000,0.045548654244306416,0.15165631469979296,,0.019151138716356108,0.2267080745341615,,0.004140786749482402,0.18995859213250518,0.14130434782608695,,,,,,0.009834368530020704,0.04503105590062112,0.04296066252587992,0.017080745341614908,0.006728778467908903,1932.0
68616000,0.0892687559354226,0.1807534029756252,,,0.20639442861665083,,,0.06584362139917696,0.06109528331750554,,,,,,,0.019626464070908515,0.024691358024691357,0.2336182336182336,,3159.0
68618000,,,,,0.2361111111111111,,,0.15570175438596492,,,0.013888888888888888,,,,,0.021198830409356724,0.039473684210526314,0.051900584795321635,,1368.0
68620000,0.06252676659528908,0.12890792291220557,,0.020985010706638114,0.20085653104925053,,0.003426124197002141,0.0860813704496788,0.12291220556745182,,0.00556745182012848,0.22655246252676658,,,,0.029122055674518203,0.037259100642398284,0.059957173447537475,,2335.0
68622000,,0.33577627772420443,0.008678881388621022,0.011957569913211187,0.13037608486017357,0.009643201542912247,0.009643201542912247,0.08408871745419479,0.07791706846673095,0.009643201542912247,0.004435872709739634,0.1201542912246866,,,0.01292189006750241,0.010414657666345226,0.04223722275795564,0.08466730954676953,0.0019286403085824494,5185.0
68624000,0.04968383017163505,0.26377597109304424,,0.018970189701897018,0.22086720867208673,,0.0040650406504065045,0.1052393857271906,,,,,,,,0.013098464317976514,0.1052393857271906,0.036133694670280034,0.014001806684733513,2214.0
68626000,0.09656181419166057,0.27066569129480617,,0.026335040234089245,0.17483540599853695,,0.005120702267739576,0.1302121433796635,,,,,,,,0.018288222384784197,0.05193855157278712,,0.020482809070958303,1367.0
68628000,,0.24989955805544395,,0.012856568903173965,0.1892326235435918,,,0.2125351546805946,,0.006026516673362796,,0.13097629570108477,,,,,0.020490156689433506,0.013660104459622338,,2489.0
68630000,0.11078886310904873,0.2853828306264501,,0.02320185614849188,0.15893271461716937,,0.0075406032482598605,0.12645011600928074,0.15661252900232017,,,,,,,0.020301624129930394,0.037122969837587005,0.015661252900232018,,1724.0
68632000,0.07948717948717948,0.28846153846153844,,,0.2,,0.005128205128205128,0.10448717948717949,0.20192307692307693,,,,,,,0.020512820512820513,0.03205128205128205,,,1560.0
68634000,,0.2202332519663683,,0.011391375101708706,0.13805261730404123,0.011120151885001357,0.0027122321670735015,0.1947382695958774,0.16246270680770275,0.001898562516951451,,0.09764035801464606,,,,0.01600216978573366,0.04285326823976132,0.03715758068890697,,3687.0
68636000,,0.32162921348314605,,0.02949438202247191,0.15519662921348315,,,0.11797752808988764,,,,,,,,,0.046348314606741575,,,1424.0
68640000,,0.15068886337543053,0.0035399923459624952,0.007367011098354382,0.13805970149253732,0.06391121316494451,,0.05893608878683505,0.0843857634902411,0.0031572904707233064,0.0013394565633371603,0.3172598545732874,,,,0.011002678913126675,0.08811710677382319,0.06965174129353234,0.0013394565633371603,10452.0
68642000,,0.2754635203467373,,0.009872381411028173,0.06453166385745245,,,0.04863953768360221,0.10835540573079701,,,,,,0.014688177221285818,0.011798699735131231,0.02793161569949434,0.07921984107873827,,4153.0
68644000,,0.5576519916142557,,0.016771488469601678,0.16981132075471697,,,0.0859538784067086,,0.019916142557651992,,,,,,,,,,954.0
68646000,,,,0.021435228331780055,0.21155638397017706,,,0.1929170549860205,0.1724137931034483,,,,,,,0.05498602050326188,0.03168685927306617,0.08853681267474371,,1073.0
68701000,0.029886094507725273,0.008108717717379046,0.017130934927258375,0.0208074884402842,0.12972820570655239,0.04396075335513702,0.02326604262997632,0.13128453817525657,0.1352881470621405,0.013567159129356039,0.023683320175933234,0.21035299424833653,,0.003112664937408368,0.01221382654787414,0.028465095297169278,0.1279012067215518,0.02739370700349611,,88670.0
68705000,,,,0.007701786814540973,0.18237831176833025,0.04959950708564387,0.004004929143561306,0.14356130622304375,0.14972273567467653,,0.0061614294516327784,0.2396796056685151,,,0.03758471965495995,,0.06685150955021565,0.05730129390018484,,3246.0
68710000,0.024666328771751986,,0.005237371177563777,0.019766852508869743,0.15087007940530495,,0.0011826322013853692,0.08143267443824971,,0.005744213549586079,0.006082108464267613,0.5179929042067917,,,,0.005744213549586079,0.05761108295320155,0.015543166075350567,,5919.0
68715000,0.06121034390829112,,,0.018395094641428952,0.144494801386297,,0.005278592375366569,0.06888829645427885,0.10802452679285524,0.012156758197813916,0.01205011996800853,0.2669154892028792,,0.0015462543321780858,0.0050119968008531055,0.022713942948547054,0.058491069048253796,0.19317515329245535,,18755.0
68720000,0.031073056207706118,0.012981632371219444,0.00469548404916448,0.005800303825438475,0.15550338351056484,,0.005385996409335727,0.1299544261842287,0.17028034801822953,,0.010219582930534456,0.19030520646319568,,0.0011048197762739953,,0.00939096809832896,0.06822262118491922,0.1296782212401602,,7241.0
68725000,,,,0.008606949314631815,0.1622569333758368,,0.003665922856232069,0.11252789289129742,0.19397513547975773,,0.005419190309212623,0.2314313037934332,,,0.05323557539050048,0.008606949314631815,0.09037296780363405,0.04701944532993306,,6274.0
68730000,0.03582986592695331,,0.005547850208044383,0.0106333795654184,0.14008321775312066,0.09223300970873786,0.009708737864077669,0.11650485436893204,0.22445677300046232,0.009015256588072122,0.0048543689320388345,,,,,0.010171058714748035,0.06079519186315303,0.06171983356449376,,4326.0
69604000,0.026448736998514116,,,0.024665676077265972,0.10668647845468053,0.06835066864784546,,0.07459138187221397,0.06686478454680535,0.015156017830609212,,0.03833580980683507,0.2962852897473997,,,,0.010401188707280832,0.20594353640416047,0.01188707280832095,3365.0
69608000,0.011842959117456198,0.03990914990266061,,,0.18267358857884491,0.07284231018818949,,0.1573653471771577,0.15233614536015574,0.005029201817001947,0.004866969500324465,0.13416612589227775,,,,,0.03195976638546399,0.09085009733939,,6164.0
69612000,,,,0.0400775694893342,0.33225597931480283,0.007110536522301228,,0.23270846800258566,0.2365869424692954,,,,,,,0.027149321266968326,0.027149321266968326,,,1547.0
69616000,,,,0.04539073467477773,0.32241459990641086,0.08095460926532522,0.005615348619560131,0.2040243331773514,,,,,,,,0.016378100140383715,0.026204960224613945,0.06504445484323819,0.01357042583060365,2137.0
69620000,,0.08908685968819599,,0.03953229398663697,0.289532293986637,,0.004454342984409799,0.1765033407572383,0.2076837416481069,,0.017260579064587972,,,,,,0.018374164810690423,,,1796.0
69624000,0.023529411764705882,,0.01678921568627451,0.015196078431372549,0.11936274509803922,0.07389705882352941,0.0031862745098039215,0.07279411764705883,0.06017156862745098,0.009558823529411765,,0.06299019607843137,0.4100490196078431,,0.011029411764705883,0.005392156862745098,0.00821078431372549,0.08884803921568628,0.011642156862745098,8160.0
69628000,,0.1864406779661017,,0.02104032729398013,0.2428404441846873,,0.0029222676797194622,0.1402688486265342,,,,0.06867329047340737,,,,,0.01841028638223261,,,3422.0
69632000,,,0.0038141470180305132,0.03415395284327323,0.24358529819694869,0.08495145631067962,0.009535367545076282,0.17007628294036062,0.22312760055478503,,0.004160887656033287,,,,,,0.036061026352288486,0.12170596393897365,,5768.0
69636000,,0.11676812396236856,,,0.30049806308799115,0.03597122302158273,0.004427227448810182,0.20199225235196458,,,0.008854454897620365,,,,,,0.026009961261759824,,,1807.0
69640000,,0.007385524372230428,,,0.27868045297882815,,0.004431314623338257,0.21467257508616444,0.28311176760216644,,,,,,,,0.023141309699655343,0.1240768094534712,,2031.0
69644000,0.018805674694820192,,0.03365225998020455,0.01583635763774332,0.09683272847245133,0.022599802045529527,0.001649620587264929,0.07736720554272518,0.056087099967007586,0.008413064995051138,0.014021774991751897,0.03662157703728142,0.4259320356318047,,,0.026723853513691852,0.007258330583965688,0.14566149785549323,0.009237875288683603,6062.0
69648000,,0.31683168316831684,,0.041804180418041806,0.277961129446278,,0.002566923359002567,0.15071507150715072,,,,0.010267693436010267,,,,,0.017235056839017236,,,2727.0
69652000,,0.3676572218382861,,,0.17899101589495509,,,0.20594333102971665,,,,,,,,,0.018659295093296474,,,1447.0
69654000,,0.2334330910645575,0.0291435086219182,0.01738634744192675,0.20186689468433805,0.010617072823143794,,0.04261080233718113,0.1396608237138378,0.005344164172723386,0.0009975773122416988,,,,0.003063987459028075,0.014892404161322502,0.047669944420692605,0.06947413424540402,0.007766851931024654,14034.0
69656000,,,,0.05007473841554559,0.33856502242152464,,0.00523168908819133,0.21973094170403587,0.24887892376681614,,,,,,,0.02914798206278027,0.03587443946188341,,,1338.0
69658000,,0.06156901688182721,,0.031446540880503145,0.2707712677921218,0.018867924528301886,0.005958291956305859,0.15789473684210525,0.30089374379344586,,,,,,,,0.030784508440913606,0.05991393578285336,,3021.0
69701000,0.011343324106826359,0.003936978180693723,0.01942845937445791,0.015680033788624998,0.17624388146829675,0.03467859324680026,0.027732315652128005,0.11279216224573682,0.1307272850688971,0.004630851729781505,0.03581745091975956,0.15881407959936344,0.009284329770946308,0.002752867884967833,0.0077004879741155,0.08217876294413563,0.08715655144846103,0.06854263928380182,0.010558945312205387,132589.0
69707000,,,,,0.2906666666666667,,,0.31733333333333336,,,0.064,,,,,,,,,375.0
69710000,0.016113643591646347,,,,0.12890914873317078,,0.009646983992367221,0.07272341778861444,0.09731792642849571,0.038799957595674756,0.009010919113749603,0.09710590480228984,0.16696703063712498,,0.03360542775363087,0.02660871408883706,0.060426163468673806,0.1707834199088307,,9433.0
69741000,,,,,,,,,,,,,,,,,,,,16598.0
70604000,,,,0.0440251572327044,0.33081761006289306,,,0.17987421383647798,0.15471698113207547,,,,,,,0.042767295597484274,0.045283018867924525,0.0729559748427673,,795.0
70606000,,0.03552123552123552,,0.02277992277992278,0.1806949806949807,,,0.14903474903474903,0.22625482625482626,,,0.25984555984555985,,,,0.016602316602316602,0.040926640926640924,0.010424710424710425,,2590.0
70608000,0.006430408688196628,0.03258073735352958,,0.04758502429265504,0.18605315804515576,,0.0017147756501857674,0.086024578450986,0.14218348099456987,,,0.24364104029722777,,0.002857959416976279,,0.009145470134324093,0.05358673906830523,0.10431551871963418,0.01886253215204344,6998.0
70612000,0.010271041369472182,0.018830242510699,,0.03138373751783167,0.25905848787446506,,,0.12639087018544937,0.15520684736091298,,0.010271041369472182,0.16405135520684735,,,,0.019971469329529243,0.08473609129814551,0.04536376604850214,0.03937232524964337,3505.0
70616000,0.01765489673550966,0.3041305796135909,,0.013657561625582945,0.12724850099933377,,,0.057961359093937376,0.047968021319120584,,,,,,,0.013657561625582945,0.023984010659560292,0.01765489673550966,,3002.0
70618000,,,,0.023694390715667313,0.19294003868471954,,,0.12088974854932302,0.16972920696324953,,,0.1658607350096712,,,,0.01160541586073501,0.03239845261121857,0.02852998065764023,0.048355899419729204,2068.0
70622000,,0.06860269360269361,,0.06102693602693603,0.33080808080808083,,,0.11195286195286196,0.10227272727272728,,0.022727272727272728,,,,,0.022727272727272728,0.07996632996632996,,,2376.0
70624000,,0.27567067530064754,,0.014801110083256245,0.2784458834412581,,,0.15263644773358,0.08880666049953746,,,,,,,0.03145235892691952,,0.06475485661424607,,1081.0
70626000,0.023994226952913585,,,0.04293703770521378,0.20801010283240123,,0.0018040772145047808,0.10156954717661916,0.12881111311564136,,,0.38228396175356305,,,,0.01497384088038968,0.049431715677430994,0.03193216669673462,,5543.0
70628000,0.009599332220367279,0.04257095158597663,,0.023928770172509738,0.27629382303839733,,0.0013912075681691708,0.1197829716193656,0.14232053422370616,,0.004590984974958264,0.256677796327212,,,0.016416249304396217,0.010712298274902615,0.06733444629938787,,0.008486366165831942,7188.0
70630000,,0.22607722439843314,,0.18690542809177393,0.16955791829882486,,,0.09736989367655288,0.07330721880246223,,,,,,,0.019585898153329603,0.027979854504756575,0.03133743704532736,,1787.0
70636000,,,,0.0395558639833449,0.2685634975711312,,,0.15267175572519084,0.19430950728660654,,,,,,,0.02498265093684941,0.040249826509368494,,,1441.0
70638000,,0.19593998234774934,0.016107678729037952,0.009929390997352162,0.16262135922330098,,0.0028684907325684027,0.14585172109443953,0.08870255957634599,0.003089143865842895,0.004192409532215357,0.18137687555163284,,0.009488084730803177,0.004192409532215357,0.02846425419240953,0.04479258605472198,0.0825242718446602,0.00529567519858782,4532.0
70640000,0.02812223206377325,,0.005093002657218778,0.014614703277236492,0.2112488928255093,0.18888396811337466,0.0044286979627989375,0.11979627989371125,0.20283436669619131,,,,,,0.024136403897254206,0.016386182462356066,0.05203720106288751,0.07462356067316209,0.011514614703277236,4516.0
70642000,,,,0.028523489932885907,0.2961409395973154,,,0.14513422818791946,0.13842281879194632,,,,,,0.01174496644295302,0.02936241610738255,0.06291946308724833,0.051174496644295304,,1192.0
70644000,0.01967393969110076,0.05129933807305712,,0.01538367246874234,0.15279480264770778,0.027948026477077715,0.0010419220397156167,0.04253493503309635,0.07232164746261338,,,0.47125520961019857,,,,0.007783770531993136,0.03377053199313557,0.09365040451090954,0.00024515812699190976,16316.0
70646000,,0.20603835169318646,,0.03508771929824561,0.3084455324357405,0.00897592819257446,,0.08812729498164015,0.12199102407180742,,,,,,,0.017543859649122806,0.03916768665850673,0.033047735618115054,,2451.0
70648000,0.016101238556812062,0.06435110393107162,0.012385568120624663,0.03171782444803446,0.17253634894991923,0.06440495422724825,0.0012924071082390954,0.06844372644049543,0.10770059235325795,0.007539041464728056,0.0055465805061927845,0.3208400646203554,,0.0005385029617662897,0.009477652127086698,0.015831987075928918,0.045826602046311254,0.03516424340333872,0.020355411954765753,18570.0
70650000,,0.11738843701912509,,0.021103539239393274,0.1839964827434601,0.003956913607386239,,0.09738404044845021,0.06440976038689822,,,0.3908551329962629,,,,0.011431083754671357,0.05297867663222686,0.016926797098263356,,4549.0
70701000,0.03143817984148533,0.0048331765461376835,0.03106076395734637,0.020464953836967604,0.10217267621660292,0.041183395954327046,0.027517561104758257,0.08516642913875948,0.1056032176112391,0.007317361693977681,0.02223937179971046,0.30903601223503435,0.0026869757721534673,0.002236329940345758,0.004292401547968432,0.061732845884758594,0.08289630076102815,0.04394923474704686,0.014178444483250058,177523.0
70702000,,,,,0.22130013831258644,,,0.04149377593360996,,,,,,,,,0.022130013831258646,,0.017980636237897647,723.0
70706000,0.008145081450814507,,0.00922509225092251,0.011565115651156511,0.0945009450094501,0.04207542075420754,0.0012600126001260012,0.03150031500315003,0.05539555395553956,0.002160021600216002,0.0016650166501665016,0.32814328143281435,,,0.0012600126001260012,0.00895508955089551,0.023895238952389524,0.3634236342363424,,22222.0
70712000,0.006103763987792472,,,0.0168418672996496,0.18899061828868544,0.09494743981010512,0.0009042613315248107,0.1102068497795863,0.08432236916468859,,0.0032779473267774387,0.4150559511698881,,,0.002034587995930824,0.0084774499830451,0.04871707923589917,0.01865038996269922,,8847.0
70714000,0.028218048557031607,0.062299587723316535,0.0007329363261566652,0.008245533669262483,0.19825927622537792,0.05845167201099404,0.002015574896930829,0.061933119560238205,0.10829134218964727,0.004580852038479157,0.004672469079248741,0.30123683005038937,,0.002107191937700412,0.009528172240036646,0.011726981218506643,0.05671094823637197,0.06239120476408612,0.018415025194686213,10915.0
70724000,0.019044719572424058,0.024321764427305326,0.04042351667681483,0.024862999797036735,0.1693051890941073,0.04742574927271497,0.005141736012448414,0.06633516000270617,0.08598876936607808,0.005581489750355185,0.002570868006224207,0.2941952506596306,,0.005852107435220892,0.005615316960963399,0.023814356268182124,0.06163317772816453,0.08700358568432447,0.024355591637913537,29562.0
70730000,,,,,,,,0.048034934497816595,,,,,,,,,,,,458.0
71603000,,0.11511511511511512,,0.05555555555555555,0.2972972972972973,0.047547547547547545,0.0065065065065065065,0.15265265265265265,0.18618618618618618,,0.022022022022022022,,,,,,0.055055055055055056,0.053553553553553554,,1998.0
71605000,,0.061855670103092786,,,0.2958762886597938,0.03505154639175258,,0.2,0.20824742268041238,,,,,,,,0.03711340206185567,0.012371134020618556,,970.0
71607000,,0.09415867480383609,,,,0.05405405405405406,,0.1874455100261552,,,,,,,,,0.04010462074978204,0.014821272885789015,,1147.0
71610000,,0.1447935921133703,,0.07701786814540973,0.21873074553296365,0.041897720271102896,,0.15157116451016636,0.17313616759088107,,,,,,,,0.04004929143561306,,,1623.0
71613000,,,0.015928515928515928,0.06254856254856254,0.3341103341103341,0.0675990675990676,0.004273504273504274,0.13053613053613053,0.1717171717171717,,,,,,,0.006993006993006993,0.03613053613053613,0.09246309246309246,,2574.0
71615000,,0.09811985898942421,,,0.3078730904817861,0.017038777908343124,0.007050528789659225,0.15569917743830788,0.19858989424206816,,,,,0.002937720329024677,,0.022326674500587545,0.10810810810810811,,,1702.0
71624000,,0.20059790732436472,,,0.2179372197309417,0.05291479820627803,0.004783258594917788,0.11629297458893871,0.20239162929745888,0.0017937219730941704,,,,,,0.013153961136023917,0.04663677130044843,0.04484304932735426,,3345.0
71626000,,0.25228070175438594,,0.07508771929824562,0.2592982456140351,0.03543859649122807,,0.05157894736842105,0.14912280701754385,,,0.11052631578947368,,,,,,0.023157894736842106,,2850.0
71630000,,0.2465863453815261,,0.04457831325301205,0.21686746987951808,0.05943775100401606,0.004016064257028112,0.14779116465863454,0.17389558232931726,,,,,,,0.017670682730923693,0.0357429718875502,0.014457831325301205,,2490.0
71632000,,0.14646464646464646,,0.05656565656565657,0.21515151515151515,0.05387205387205387,0.0053872053872053875,0.1420875420875421,0.17373737373737375,,,0.05387205387205387,,,,0.008417508417508417,0.0468013468013468,0.05824915824915825,,2970.0
71634000,,0.09610123119015047,,0.0506155950752394,0.16997264021887826,0.04514363885088919,0.009233926128590971,0.1515047879616963,0.15082079343365254,,,,,,,0.006155950752393981,0.03898768809849521,0.12243502051983585,,2924.0
71636000,,0.20527045769764216,,,0.22052704576976423,0.08460471567267684,,0.13245492371705964,0.16019417475728157,,,,,,,,0.02565880721220527,,,1442.0
71638000,,0.15247524752475247,,,0.3227722772277228,0.06996699669966996,,0.16303630363036303,0.1504950495049505,,,,,,,,0.02838283828382838,0.04422442244224423,,1515.0
71642000,,,0.0022026431718061676,,0.2801762114537445,0.07753303964757709,,0.08590308370044053,0.0933920704845815,,0.009251101321585903,0.004405286343612335,,,,,0.004845814977973568,0.25726872246696036,,2270.0
71644000,0.006293161060369793,0.1578302517264424,0.04215860993539764,0.035197148585431055,0.1654600133660058,0.02244375139229227,0.0011138338159946536,0.03764758298061929,0.14791713076409,0.0018378257963911784,0.0014479839607930496,0.18907329026509245,0.011528179995544665,,0.012976163956337715,0.022388059701492536,0.0933949654711517,0.04037647582980619,0.008632212073958565,17956.0
71648000,0.05236931177134261,0.01861602106054908,0.006393380970289583,0.020214366303121473,0.09270402406919895,0.035163595336592704,0.0014103046257991727,0.04136893569010906,0.039112448288830384,0.0343174125611132,0.027077848815344113,0.010530274539300489,0.3829447160586687,,,0.05058292591199699,0.013256863482512222,0.16378337720947725,0.008367807446408424,10636.0
71650000,,0.41980070716811313,,0.037608486017357765,0.1951141112182578,0.04468016714882674,0.00546448087431694,0.09032465445194471,0.11861137897782063,,,,,,,,0.02539376406300225,0.01639344262295082,,3111.0
71653000,,0.2246498599439776,,,0.23865546218487396,0.06218487394957983,,0.11148459383753502,0.226890756302521,,,,,,0.0033613445378151263,,0.023529411764705882,,,1785.0
71656000,,0.2575864502470007,,0.07339449541284404,0.30063514467184194,0.07974594213126324,,0.13196894848270996,0.08327452364149612,,,,,,,,,,,1417.0
71658000,0.02450229709035222,0.11983154670750383,,0.05245022970903522,0.2542113323124043,0.041730474732006126,0.005742725880551302,0.11217457886676876,0.19640122511485453,,0.009571209800918835,0.007274119448698315,,,,0.009188361408882083,0.02986217457886677,0.10949464012251149,,2612.0
71701000,0.009176051264550867,0.0023556288628521593,0.07533272665225799,0.018446896447123953,0.11092784286960149,0.027433359875630378,0.02507299131687711,0.10483733363667387,0.11957304819322792,0.013323285178022977,0.029134910704129224,0.1235780912296667,0.03474671065104463,0.00620900163045539,0.004535888977363212,0.07109069882076366,0.1050269214727183,0.10456243127440944,0.014640920638531832,210984.0
71702000,,0.3460610050471802,,0.03730524467851657,0.18762343647136273,0.026771999122229537,0.0048277375466315555,0.10862409479921001,0.11608514373491333,,,,,,,0.01294711432960281,0.04718016238753566,0.10094360324775072,,4557.0
71703000,0.004268703662098405,0.19130532464614694,,0.026735565041563693,0.1508649741631094,0.04830375196585037,0.013817119748371152,0.08616041339024938,0.17995955964951696,0.0014603459896652437,,0.18714895529094586,,,,0.005279712424174343,0.04953942934172096,0.037407324196809706,,8902.0
71705000,0.018282283921140598,0.004843440889555904,0.029674602633194623,0.020806330581895082,0.12183641448939218,0.060849989767378404,0.010846578893512518,0.11849375810082544,0.1508288423494099,0.002319394228801419,0.00395661368442595,0.10641926461559452,,0.0011596971144007095,0.009209359437887987,0.012074493485230917,0.06528412579302817,0.22668667712667986,0.036359915410328125,14659.0
71710000,0.03315135691114803,0.0053801724820001584,0.06080386106495767,0.023696494975868343,0.14664926022628372,0.036949125721971676,0.0091779412928238,0.07983226521085529,0.10744520927288552,0.007872458264103172,0.010839465147559142,0.19590157449165282,,0.00047472110135295516,0.010325183954426774,0.0137669119392357,0.06511591106891368,0.17513252630746104,0.01606139726244165,25278.0
71715000,0.008683934720766583,,,0.04656385686480012,0.16963617307980236,0.053451115436442584,0.007036981584069471,0.09731995807755651,0.19449019314268604,,0.004641413385237311,0.1103458601587064,,,0.006288366521934421,0.003743075310675251,0.07291510705195388,0.14193741578080551,0.029794879472974996,6679.0
71811000,0.03535353535353535,,0.01917321361765806,0.029087167976056864,0.12373737373737374,0.04152637485970819,0.006172839506172839,0.07931163486719042,0.07519640852974187,0.02450430228208006,0.007388701833146278,0.006827534605312383,0.08529741863075196,0.0014029180695847362,0.0037411148522259632,0.013655069210624766,0.030957725402169848,0.3961840628507295,0.013655069210624766,10692.0
71812000,0.024110829892100706,,0.029572399094178768,0.04329292660183828,0.2115358998268283,0.057413081124284004,0.00626082323165046,0.13174370587451711,0.13760490209138138,,0.007592913280937791,0.011589183428799787,0.014919408552018116,,0.013720527507659518,0.016784334621020382,0.026908218995604104,0.2429732249900093,0.01625149860130545,7507.0
71816000,0.014738464502456411,,0.0568346016761391,0.021963202003660535,0.18591657836431943,0.04334842500722474,0.0045275021674212506,0.0947885560157981,0.10721510451786918,0.00683941816780657,0.023119160003853192,0.019458626336576437,0.21780175320296696,,0.005779790000963298,0.042770446007128406,0.016183412002697236,0.13216453135536074,0.00510548116751758,10381.0
71818000,0.005947734284970819,,0.1119289245752946,0.00936768149882904,0.06062971636742129,0.03014757815694584,0.0010036801605888257,0.02200661685439203,0.03635552581688413,0.031820378424593884,0.0156128024980484,0.025835470800341993,0.5207613099884763,,,0.012267201962752314,0.010408534998698933,0.09534961525593844,0.009107468123861567,26901.0
71819000,0.033874752260974555,,0.011549764220789576,0.0063330068113994125,0.04266806387680251,0.03802082146843748,0.0004556120008201016,0.00977287741759118,0.02776955144998519,0.006036859010866346,0.00277923320500262,0.03371528806068752,0.7371574367268834,,0.0032348452058227214,0.009681755017427159,0.004692803608447047,0.02371460464268629,0.0075631592136136865,43897.0
71821000,0.012138728323699421,,0.052215799614643545,0.015350032113037893,0.11175337186897881,0.03037893384714194,0.0017341040462427746,0.05960179833012203,0.05940912010276172,0.010789980732177264,0.006551059730250481,0.015221579961464355,0.4241490044958253,,,0.002119460500963391,0.01605651894669236,0.17186897880539498,0.009184328837508028,15570.0
71824000,0.004804506295559973,,0.0017395626242544733,0.04738237243207422,0.16749502982107356,0.044068919814446654,0.008117958913187541,0.11323724320742214,0.16045394300861499,0.0044731610337972166,0.007455268389662028,0.05500331345261763,0.17163684559310802,0.0013253810470510272,0.010520212060967529,0.026424784625579855,0.044234592445328035,0.08880053015241882,0.020377733598409543,12072.0
71826000,0.00779511175063924,,0.11554985041253014,0.00720504353047133,0.0497520678267891,0.021511609851033654,0.0008799262932328492,0.02209132599716353,0.019534363709769253,0.016159587573370326,0.004896531019989855,0.06779573287508152,0.6018074721270407,0.00024844977691280447,0.01147009803414114,0.002650130953736581,0.01864408534249837,0.02282632325386391,0.006790960568949989,96599.0
71829000,,,0.057781365509623143,0.007265156986871734,0.056846666949908656,0.017929217827250713,,0.01724943705654926,,0.0074775884777159365,0.00853974593193695,0.031524833241279686,0.6966478310744785,0.0003398903853507244,0.0018269108212601436,0.011046437523898544,0.00467349279857246,0.0590984407528572,,23537.0
71871000,0.0076599512951073725,0.02007969891520921,0.012751826433473544,0.04826212087668807,0.11883993801195483,0.03537746291786584,0.02136373699357981,0.22065530219172017,0.13989373477972106,0.0026123533318574274,0.050763781270754926,0.003719282709763117,0.12306840823555457,0.008257693159176445,0.03743635156077042,0.03238875359752048,0.028470223599734338,0.07841487713083906,0.009962364401151207,45170.0
71872000,0.0524021517343721,,0.03190502689667965,0.0295863476163977,0.13578185865331108,0.027360415507327027,0.004822852902986459,0.09423112595065851,0.10628825820812465,0.011964385086254869,0.021702838063439065,0.06010016694490818,0.28937117417918756,0.00621406047115563,,0.012706362455945093,0.033574475978482655,0.060749397143387125,,10782.0
71873000,0.04546004110748398,,0.07586748881634627,0.02659896022246403,0.134143392576472,0.07350985370571878,0.0036875831217506954,0.0467295369362834,0.09297545641397655,0.020191028896143152,0.011909079917785031,0.04515778019586507,0.21533067343731108,0.0022971829283037117,,0.06571152218595092,0.024664490388103012,0.09756982227058397,,16542.0
71874000,0.0741058987459359,,0.025383186251741754,0.015466790524849047,0.0803065490013934,0.019321876451463074,0.007710171853228054,0.059405480724570366,0.06562935438922433,0.017185322805387832,0.02069205759405481,0.036623316302833255,0.3722480260102183,0.006804458894565722,0.004598235020901068,0.047584765443567115,0.04366000928936368,0.05580585229911751,0.047468648397584766,43060.0
71875000,0.021037699235844386,,0.08293296575351632,0.015042222608835299,0.1409070834950417,0.03739143235683792,0.013489822410770446,0.06557552560791188,0.1073698861127096,0.011763446328439705,0.013583501733067462,0.04443076428944234,0.20020609450905344,0.0012178311898612209,0.009488377072655006,0.04000107062082625,0.06548184628561488,0.11601514928469146,0.013329229286832701,74723.0
71876000,0.02486602169966056,,0.09545570164282394,0.02036645586829341,0.12333020498022121,0.05571392234082676,0.022436431572392137,0.0577663558779416,0.1203831209269281,0.02603257580408908,0.024690600029821683,0.037110454254414046,0.15380972011472577,0.00226293954092149,0.018305251247686626,0.025094069870451097,0.08593907605406496,0.09726254484216436,0.00891142082781486,114011.0
71877000,0.01061410159211524,,,0.022649734647460198,0.13893100833965125,0.0634950720242608,0.00530705079605762,0.05458680818802123,0.09059893858984079,0.026914329037149357,0.006444275966641395,0.017247915087187263,0.4285443517816528,,0.013646702047005308,0.032410917361637606,0.03402198635329795,0.0381918119787718,0.014025777103866566,10552.0
71878000,0.0382830626450116,,0.006187161639597835,0.02310518174787316,0.16792343387470998,0.06071152358855375,0.007830626450116009,0.08749033255993813,0.15110208816705337,,0.013147718484145398,0.02368522815158546,0.1500386697602475,,,0.026392111368909513,0.05336426914153132,0.154969064191802,,10344.0
71879000,0.020489888540345724,,0.04685310018020423,0.028699192418073817,0.14009210438496963,0.09030234265500901,0.008543015417473137,0.08429553493959821,0.1541747313622105,0.013415203897750784,0.012280584662617633,0.03377160782219849,0.1825402122405393,,,0.00954415003670827,0.05846626176333178,0.09604218113862377,0.02015617700060068,14983.0
71883000,0.030295106462457977,,0.012065745237205827,0.006238326484871125,0.06989166977960404,0.03559955173701905,0.00537915577138588,0.04605902129249159,0.05278296600672394,0.012177810982443034,0.024505042958535676,0.052222637280537915,0.37609264101606277,0.007471049682480389,0.01654837504669406,0.11072095629435935,0.027157265595816212,0.10859170713485244,0.006238326484871125,26770.0
71884000,0.053398910943263656,,0.017389776919023364,0.02986123309327244,0.11839100649920956,,,0.03952222027050764,,0.015281925171262955,0.02652380115931846,0.020727208852977342,0.48041454417705953,,,0.021605480414544177,0.03530651677498683,,,5693.0
71885000,0.010524948024948026,,0.04430873180873181,0.01279885654885655,0.09284043659043659,0.033004158004158006,0.002793659043659044,0.0386564449064449,0.08458939708939708,0.026962058212058212,0.01253898128898129,0.04801195426195426,0.3694126819126819,0.0035732848232848235,,0.007276507276507277,0.02722193347193347,0.16703482328482328,,15392.0
71887000,0.017243953418931025,,0.023141236189907436,0.03754852194684981,0.13504031054045984,0.028889220662884442,0.011943863839952225,0.06815467303672738,0.10286652732158853,0.0159749178859361,0.02978501045088086,0.10219468498059123,,,,0.05412063302478352,0.04673036727381308,0.26276500447894896,,13396.0
71933000,,,0.016051698978528248,0.04065040650406504,0.09401709401709402,0.05128205128205128,,0.1248697102355639,0.05857827809047321,,,,0.45007296226808424,,,0.0579528872211799,,0.032520325203252036,,4797.0
71936000,0.03828549753445442,,0.06433177392843596,0.017322038184346945,0.07487672272095082,0.04344417751928183,0.0040713111644961435,0.049462637501580475,0.059577696295359715,0.02604627639398154,0.025085345808572513,0.01727146289037805,0.2173979011253003,0.0008850676444556834,0.032090024023264635,0.028878492856239727,0.031533695789606776,0.2445315463396131,0.024174990517132382,39545.0
71938000,,,0.15885545140601876,0.03552047360631475,0.2252096694622595,0.08411445485939813,,0.13418845584607794,0.08164775530340404,0.025407005426739022,0.008880118401578688,,,,,0.022940305870744943,0.011840157868771583,0.08485446472619634,0.02096694622594968,4054.0
71940000,0.050662802554607415,0.009016261471582675,0.08121791087497093,0.008712141540993578,0.049016977047889945,0.042111665682749246,0.001198590314674681,0.034633893271793774,0.022701658348092096,0.014597756668276713,0.007853449972271418,0.06855221023631908,0.4898477611406286,0.0009123597917672946,0.005617274012057461,0.031932592711855314,0.007620887672409166,0.06780085511368719,0.005975062165691694,55899.0
71943000,0.01747100981206361,0.015133339485097352,0.34554458490972284,0.006490111039340531,0.0487834886653748,0.04192427178493433,0.0006151764018332257,0.028882532066069947,0.021469656423979577,0.008673987265848481,0.012426563317031158,0.015440927686013965,0.3014056780781889,,0.015133339485097352,0.03561871366614377,0.0024299467872412415,0.07419027406108701,0.008304881424748547,32511.0
71946000,0.027069072806471688,0.049159925326695705,,0.04169259489732421,0.30398257622899816,,,0.16148102053515867,,,,,,0.0074673304293715,0.03702551337896702,0.02924704418170504,0.004044803982576229,0.015245799626633479,0.021468574984443062,3214.0
71948000,0.05634913051786738,0.006019491687368622,0.4542805274221288,0.00403688133002102,0.036331931970189184,0.03282056181922415,0.0004299636919549016,0.018440665010510223,0.013161666348175043,0.04259029237531053,0.0031052933307854002,0.02025606726543092,0.19195490158608827,0.0010987961016625262,0.004705713739728645,0.03549589145805465,0.008002102044716224,0.06279858589719091,0.008121536403592585,41864.0
71951000,0.04376124004453199,0.001712768690588336,0.020981416459707115,0.05005566498244412,0.10683394707544747,0.050398218720561785,0.013787787959236105,0.25914190288601524,0.10691958550997688,0.013188318917530188,0.06495675259056265,0.006080328851588593,0.007707459107647512,0.029802175216237046,0.012760126744883103,0.03481202363620793,0.03832319945191402,0.12062173503468357,0.01815534812023636,23354.0
71952000,0.03175935641832809,,0.06288912207065407,0.02273522210563134,0.12144106330884925,0.03756558237145855,0.006016089541797831,0.051206715634837356,0.059601259181532,,0.020776495278069254,0.039594263728576426,0.32214060860440713,0.0011892270024484086,0.011542497376705142,0.04756908009793634,0.02700244840853445,0.12451906260930395,0.011822315494928296,14295.0
71953000,0.010637495284798189,0.005507355714824595,0.22006789890607317,0.026480573368540174,0.11361750282912109,0.08276122218030932,0.003772161448509996,0.12508487363259146,0.08977744247453791,0.013956997359486986,0.006940777065258393,0.02957374575631837,,,0.006940777065258393,0.03545831761599397,0.031912485854394566,0.14266314598264807,0.01961523953225198,13255.0
71955000,0.12806695711992663,,0.00871359779867003,0.025567530382939692,0.16716349461132768,0.06982343499197431,0.008598945196055951,0.11052510891997248,0.1070855308415501,,0.014675533134602155,0.01891767943132309,0.18195368034854392,,0.001375831231368952,0.02614079339601009,0.03256133914239853,0.07372162348085301,,8722.0
71956000,0.05551560688552016,,0.20844400745491098,0.012268318095769191,0.07512143580411781,0.044435965543049176,0.008951763203850726,0.034589026018813376,0.04241081255594852,0.03624730346477261,0.012268318095769191,0.0105953656281643,0.24965146823591564,0.0009392013853220433,0.016010448615411708,0.034589026018813376,0.02579868805306488,0.12395990784086407,0.008232687143213535,68143.0
71958000,0.019756461232604373,0.003385934393638171,0.01820328031809145,0.024571322067594433,0.12785785288270377,0.060045974155069584,0.008697813121272366,0.07104249502982107,0.10704522862823061,0.0176441351888668,0.020160288270377733,0.031560636182902585,0.25410039761431413,0.0014289264413518887,0.006927186878727634,0.03876739562624255,0.04286779324055666,0.13037400596421472,0.015593936381709741,32192.0
73602000,,,,,0.18089990817263543,,,0.37373737373737376,0.23140495867768596,0.017447199265381085,,,,,,0.017447199265381085,0.020202020202020204,,,1089.0
73604000,0.022682228584012334,,0.023783307641488657,0.0222417969610218,0.2512662409160978,0.10526315789473684,0.003743668795419511,0.13851574543052192,0.2607355208103942,0.01475445937018278,,0.04800704690596785,,,0.004404316229905308,0.013433164501211186,0.038537767011671435,,0.008808632459810615,4541.0
73607000,,0.08954451345755693,,0.03881987577639751,0.2732919254658385,0.08540372670807453,,0.16873706004140787,0.16459627329192547,0.012422360248447204,,,,,,,0.036231884057971016,,,1932.0
73610000,,,,0.015580736543909348,0.20821529745042494,0.03375826251180359,0.015344664778092541,0.2547214353163362,0.1560434372049103,0.011803588290840416,,0.08758262511803588,,,0.012983947119924457,0.00967894239848914,0.037535410764872525,0.12913125590179414,0.005429650613786591,4236.0
73614000,0.0210896309314587,0.02038664323374341,0.007381370826010545,0.034094903339191567,0.31072056239015816,0.05588752196836556,0.002460456942003515,0.16906854130052723,0.1954305799648506,0.01195079086115993,,,,,0.008084358523725835,0.010193321616871705,0.04850615114235501,0.07521968365553602,0.026362038664323375,2845.0
73616000,0.023604176123467997,0.05447117566954154,,0.024965955515206535,0.27598729005901046,,,0.1307308216068997,0.1960962324103495,0.013163867453472538,,,,,,,0.044938719927371765,0.022696323195642305,0.017703132092601,2203.0
73620000,,,,0.03601617052554208,0.2675486953325983,,0.019845644983461964,0.18155090040426314,0.1679529584711503,0.011760382212421904,0.00808526277104006,,,,,0.015435501653803748,0.04373392135244395,0.04557148107313488,0.029768467475192944,2721.0
73622000,,0.048838594401429423,,,0.31149493746277546,0.036628945801072066,,0.1259678379988088,0.13311494937462776,0.015783204288266826,,0.08755211435378202,,,0.04973198332340679,0.008338296605122097,0.03365098272781417,,,3358.0
73625000,,,0.04988360492184902,0.020285999334885268,0.2723644828732956,0.05354173594945128,0.0033255736614566014,0.13435317592284668,0.16794146990355838,0.02826737612238111,,,,,,0.0036581310276022614,0.040239441303624876,0.18889258397073494,0.010641835716661123,3007.0
73627000,0.07595870206489676,,,0.03761061946902655,0.22123893805309736,0.048672566371681415,,0.14749262536873156,,0.022123893805309734,,,,,0.05014749262536873,,0.03171091445427729,,,1356.0
73629000,0.0505091649694501,,0.015274949083503055,0.02790224032586558,0.15580448065173116,0.06537678207739307,0.009572301425661914,0.09063136456211812,0.090020366598778,0.0050916496945010185,0.004684317718940937,0.13971486761710794,,,,0.019348268839103868,0.039511201629327905,0.13747454175152748,,4910.0
73632000,0.0490301724137931,,,0.029094827586206896,0.2182112068965517,0.05334051724137931,0.003232758620689655,0.19019396551724138,0.1336206896551724,0.014547413793103448,0.008081896551724138,,,,,0.004849137931034483,0.023706896551724137,0.23168103448275862,0.0334051724137931,1856.0
73634000,0.0464,,,0.0432,0.3064,0.0608,,0.2144,0.16,0.0168,,,,,,0.0248,0.0424,,,1250.0
73636000,0.017368928916050175,,,0.033772917336764234,0.20617561917015118,0.03827597298166613,0.0019298809906722419,0.13734319716950788,0.1476358957864265,0.010292698616918623,,0.17465422965583788,,,,0.015117401093599228,0.02991315535541975,,,3109.0
73639000,,,,0.0479559748427673,0.28773584905660377,,,0.2429245283018868,0.14150943396226415,0.01179245283018868,,,,,,,0.02358490566037736,,,1272.0
73642000,0.008651766402307137,,,0.029560201874549386,0.40663302090843545,0.07065609228550829,,0.24080749819754865,0.14563806777217014,0.01514059120403749,,,,,,,0.05407354001441961,,,1387.0
73644000,,0.07953855494839102,,0.04371584699453552,0.286581663630844,0.06314511232544019,0.006678809957498482,0.2058287795992714,0.16939890710382513,0.023679417122040074,,,,,,0.046751669702489375,0.03825136612021858,,,1647.0
73648000,0.03745318352059925,0.019975031210986267,,0.038077403245942575,0.2784019975031211,0.06491885143570537,,0.15980024968789014,0.15730337078651685,0.016853932584269662,,0.060549313358302125,,,,,0.04681647940074907,0.026841448189762796,,1602.0
73652000,0.011300738007380073,0.028367158671586717,,0.026752767527675275,0.22532287822878228,0.03297970479704797,0.01268450184501845,0.10585793357933579,0.28551660516605165,0.009916974169741697,,,,,0.004151291512915129,0.029059040590405903,0.04912361623616236,,,4336.0
73654000,,,,0.020710059171597635,0.2965154503616042,0.0631163708086785,,0.12294543063773833,0.12491781722550953,0.0210387902695595,,,,,,0.01051939513477975,0.03353057199211045,0.0782380013149244,,3042.0
73656000,0.008728773210601492,0.07697190922075861,,0.022059990477701952,0.2096492620219013,0.026345024599269958,0.0015870496746548167,0.11442628154261228,0.07427392477384542,0.01793366132359943,,0.2847167116330741,,,0.009998412950325344,0.00857006824313601,0.04745278527217902,0.08205046817965403,0.010633232820187272,6301.0
73701000,0.016604142880443647,0.005258522263904746,0.011560919915185125,0.02331756646550318,0.1355472190507258,0.029776545424889903,0.03626814549013212,0.11159680313162616,0.12351003099005056,0.013492089381830044,0.047926928722883705,0.267310389822215,,0.002290001631055293,0.0033208285760887293,0.02186918936551949,0.0830924808351003,0.051978470070135376,,153275.0
73705000,0.010993859616869509,,0.05217487222855462,0.016693017612236644,0.12813913299260948,0.043718057138655,0.006949295878221863,0.07247122844431371,0.10879876456962165,0.010699709526786042,,0.37665919035187706,,,0.007684671103430525,0.060116924660808174,0.04805677096738611,0.03364341655329632,0.017685774166268337,27197.0
73715000,,,,0.02443857331571995,0.1215323645970938,0.0488771466314399,,0.10634081902245707,0.16710700132100395,,,0.43163804491413477,,,,0.016512549537648614,0.046565389696169086,,,3028.0
75533000,0.009922555663117135,,,0.03146176185866408,0.255082284607938,0.02637947725072604,0.0007260406582768635,0.10297676669893514,0.140972894482091,,0.0012100677637947724,0.20607454017424975,0.04005324298160697,,,,0.06848983543078413,0.06679574056147145,0.028073572120038724,8264.0
75603000,0.005818181818181818,0.15393939393939393,,0.048484848484848485,0.312,0.002909090909090909,,0.12654545454545454,0.10036363636363636,,,0.12484848484848485,,,0.006303030303030303,,0.025454545454545455,0.01090909090909091,0.01090909090909091,4125.0
75606000,0.0021925453458241976,0.1355391668327686,,0.028901734104046242,0.30894957145704605,0.0031891568666533787,0.0013952561291608531,0.13055610922862268,0.16882599162846323,0.004983057604145904,,0.16125174407016146,,,0.0055810245166434125,,0.036675303966513854,,0.009168825991628464,5017.0
75609000,0.010935769656699889,,0.03045404208194906,0.02152547065337763,0.11060354374307863,0.017718715393133997,0.007129014396456257,0.08250276854928018,0.0757890365448505,0.003183831672203765,0.0027685492801771874,0.4727297895902547,0.02996954595791805,,,0.0011074197120708748,0.043258582502768546,0.07115171650055371,0.016265227021040975,14448.0
75612000,,0.16718266253869968,,0.027476780185758515,0.3204334365325077,,0.0042569659442724455,0.17608359133126936,0.17182662538699692,,0.005804953560371517,,,,,0.041408668730650154,0.02979876160990712,0.032507739938080496,,2584.0
75614000,,,,0.03094017094017094,0.16666666666666666,,0.0015384615384615385,0.07948717948717948,0.09264957264957265,,0.0015384615384615385,,0.348034188034188,,0.0035897435897435897,0.017435897435897435,0.015897435897435898,0.010256410256410256,,5850.0
75617000,,0.033363390441839495,,0.013074842200180343,0.2025849113315299,0.013826269912834385,0.0015028554253080854,0.13119927862939584,0.13615870153291254,0.01127141568981064,0.0028554253080853623,0.02554854223023745,0.3216110610159303,,,,0.02479711451758341,,0.015028554253080854,6654.0
75619000,0.01715647339158062,0.23367752184273233,,0.016044479745830023,0.24861000794281177,,0.0025416997617156473,0.10548054011119937,0.09118347895154885,,,0.1199364575059571,,,,0.02478157267672756,0.05051628276409849,,0.023669579030976967,6295.0
75620000,0.016288252714708785,0.1468410661401777,,0.01456071076011846,0.24827245804540968,0.0012339585389930898,,0.11451135241855874,0.09526159921026653,0.0032082922013820336,0.005676209279368213,0.1799111549851925,0.07058242843040474,,0.0032082922013820336,,0.021224086870681145,0.05873642645607108,0.012586377097729516,4052.0
75623000,,,,0.023243998475803378,0.1656293661882383,0.041280325161945894,0.006223802870570304,0.09526228883525975,0.10301028832719421,,0.01143147466023117,0.10999618950844658,0.02667344087387273,0.006858884796138702,,0.0071129175663660615,0.03429442398069351,0.2885812269782802,0.01575003175409628,7873.0
75626000,0.011311768207977774,,,0.02976781107362572,0.21333597936098433,0.012502480650922802,0.0005953562214725144,0.18257590791823775,0.13216908116689818,0.005755110140900972,0.003770589402659258,0.1496328636634253,,0.0035721373288350863,,0.00952569954356023,0.048422306013097834,,0.006945822583846001,5039.0
75629000,0.021013308428671492,,,0.01961242120009339,0.21433574597244923,0.08055101564324071,0.0023348120476301658,0.13565257996731264,0.12491244454821387,,,0.2972215736633201,,,0.010506654214335746,0.007704879757179547,0.06303992528601447,,,4283.0
75632000,,,,0.036414565826330535,0.45098039215686275,,,0.24593837535014004,0.20224089635854342,,,,,,,,0.0196078431372549,,,1785.0
75634000,,0.11918319261731788,,0.02984488513646181,0.2915766738660907,0.010602788140585117,,0.12900058904378559,0.10858040447673277,0.0011780875711761242,,0.20302375809935205,,,,0.02297270763793442,0.0465344590614569,,0.01472609463970155,5093.0
75636000,,,,0.02852253280091272,0.3185966913861951,,0.0019965772960638907,0.15373645179691955,0.1183685111237878,0.002567027952082145,,,,,,,0.026240730176839703,0.04249857387335995,,3506.0
75638000,,,,0.03671875,0.302734375,,0.0015625,0.191015625,0.22421875,,,0.08046875,,,,,0.065234375,,,2560.0
75642000,,,,0.02377179080824089,0.23961965134706814,0.016164817749603804,,0.1549920760697306,0.11568938193343899,,0.0025356576862123614,,,,,0.018700475435816166,0.015213946117274169,,0.010459587955625991,3155.0
75644000,,,,0.02999558888398765,0.2545213939126599,,,0.17379797088663432,0.17600352889280987,,,,,,,,0.043670048522276135,,0.1274812527569475,2267.0
75647000,,0.15228215767634853,,0.04896265560165975,0.34979253112033193,,,0.1817427385892116,0.15726141078838174,,,,,,0.011203319502074689,,0.023236514522821577,,0.027385892116182572,2410.0
75648000,,,,0.027149321266968326,0.1970211161387632,,0.0024509803921568627,0.10972850678733032,0.09728506787330317,,,,,,,0.021870286576168928,0.031485671191553544,,,5304.0
75649000,0.015681962849372143,,,0.015103292633528153,0.14964411781725595,0.035819686360743015,0.002488281928129159,0.06903535675018807,0.10745905908222904,0.004224292575661131,0.002198946820207164,0.36948093281638794,0.09715872924020601,0.001273074474856779,0.0026040159712979573,0.011689138360048609,0.039986111914819746,0.0672993461026561,0.006770441525374689,17281.0
75652000,0.004857737682165163,0.04240111034004164,0.05919500346981263,0.02199861207494795,0.16800832755031228,0.005412907702984039,0.0006245662734212352,0.062456627342123525,0.0626648160999306,0.008535739070090215,,0.272588480222068,,,0.0012491325468424704,0.0053435114503816794,0.09132546842470507,0.10076335877862595,0.0018736988202637057,14410.0
75654000,,0.2259910093992644,,0.027789129546383327,0.4131589701675521,0.008990600735594606,,0.09276665304454434,0.10870453616673478,,,,,,,,,0.042909685328974254,,2447.0
75655000,,0.11912663755458515,0.010655021834061135,0.03406113537117904,0.18026200873362444,0.0588646288209607,,0.09641921397379913,0.1273362445414847,,0.004192139737991266,0.17554585152838428,0.0903056768558952,,,0.005414847161572052,0.010131004366812227,0.07126637554585152,0.00925764192139738,5725.0
75656000,,0.08049167327517844,,0.042426645519429027,0.3826328310864393,,,0.2303727200634417,0.16494845360824742,,,,,,,0.011895321173671689,0.02656621728786677,,0.015463917525773196,2522.0
75657000,,0.36507936507936506,,0.022126022126022125,0.2041847041847042,0.011784511784511785,,0.10678210678210678,0.09211159211159212,0.006974506974506974,0.007455507455507456,,,,,0.03896103896103896,0.018999518999519,,,4158.0
75659000,,,,0.058390578999018644,0.3120706575073602,,,0.23699705593719333,0.1535819430814524,,,,,,,0.022080471050049066,0.029440628066732092,0.01422963689892051,,2038.0
75701000,0.02880343331738117,0.0027108387236210382,0.02117109467866681,0.018305880173518377,0.13582907513469286,0.028355743550951728,0.0329129166216404,0.09829106009849174,0.11158281488800037,0.0065486206523920525,0.021149482069252976,0.2927088318384612,0.00039828951634067645,0.0025194127545270697,0.005517390431789061,0.016345307748120475,0.09434521512265155,0.07080908347098507,0.011701684239776465,323885.0
75706000,,,,0.04037854889589906,0.19453207150368035,,0.00231335436382755,0.12429022082018927,0.11083070452155626,,0.005257623554153523,0.28412197686645635,,,,0.025236593059936908,0.05909568874868559,,0.025026288117770766,4755.0
75707000,,,,,,,,,,,,,,,,,,,,4751.0
75712000,0.01371616678858815,,,0.03145574250182882,0.1742136064374543,0.0563643013899049,0.013752743233357718,0.09023408924652523,0.10852231163130943,0.008156547183613753,0.0021945866861741038,0.25640087783467447,,0.002121433796634967,,0.014484272128749085,0.0634235552304316,0.14268471104608632,0.020885149963423555,27340.0
75715000,,,0.04684922467832398,0.016166281755196306,0.11481359287363907,0.03695150115473441,,0.13988782580006598,0.07984163642362256,0.017156054107555264,0.0023094688221709007,,,,,,0.030353018805674696,0.07588254701418674,,3031.0
75728000,0.014012738853503185,,,0.014360162130862768,0.17216753522486006,0.023161551823972205,0.008029337965643698,0.11001737116386798,0.09438332368268675,0.004284887087434858,0.0008878594865856012,0.3184713375796178,,,0.0002702181046130091,0.0047867207102875895,0.13159621694653542,0.0561667631731326,0.017178150936112718,25905.0
75734000,0.022275176129299627,,,0.018441773725652713,0.15861997513468712,0.03978450062163282,0.015126398673849979,0.11344799005387485,0.1062992125984252,0.008392043099875674,,0.4058226274347286,,,,0.00777041027766266,0.04569001243265645,0.030045586406962286,,9652.0
75738000,0.014916386129129376,,0.057968634534855075,0.015098849568017809,0.10398591382251782,0.03534316811268942,0.01459707511107462,0.04496811451405425,0.09319320141226702,0.012535238251635328,0.018364945124120756,0.362126063989928,,0.0027004588955488046,0.006422713048872832,0.038837342967402905,0.06293164007262045,0.0777567944823056,0.02463256424993842,109611.0
75742000,0.018365449840464287,,,0.011004195663643444,0.1363716302791247,0.03421852624174057,0.014697384619249805,0.06303544958922694,0.08916413335678215,0.009672637740873803,0.002763610783106801,0.4289123935381755,0.011406175413913524,0.00012561867195940004,0.0006029696254051202,0.07434113006557294,0.05323719317639374,0.02861593347235133,0.017586614074316005,39803.0
75743000,,,,,,,,,,,,,,,,,,,,13531.0
75746000,,,,,,,,,,,,,,,,,,,,7440.0
75752000,0.003169043449253607,,,0.026603285797681595,0.240180135101326,0.1524476690851472,0.014761070803102327,0.14494203986323076,0.14327412225836045,,0.00642148277875073,0.09799015928613126,,0.0020015011258443832,,0.005921107497289634,0.05095488282878826,0.09473771995663414,0.014594279042615295,11991.0
75755000,0.006439894319682959,,,0.018494055482166448,0.14894319682959048,0.053170409511228534,0.0018163804491413474,0.09015852047556143,0.08900264200792603,,0.0021466314398943197,0.36228533685601055,,,,,0.030878467635402907,0.1000660501981506,,6056.0
75758000,,0.06530523097084198,,0.013869171125914601,0.12449492191765862,0.03145134869498744,0.002730151796439882,0.13301299552255105,0.15026755487605112,0.00950092825161079,0.0009828546467183575,0.33231407666266244,,,0.023042481161952604,0.009828546467183575,0.04728622911433876,0.03363547013213935,0.01965709293436715,9157.0
75759000,,,,,0.22231270358306188,,,0.18648208469055375,,,,,,,,,,,,1228.0
75764000,0.007336409892320436,,,0.014672819784640872,0.122352384333215,0.09927819192994912,0.008874689385871494,0.08365873861081528,0.08010886285646669,,,0.4634954443261153,,,,0.006034788782392616,0.07371908649863922,0.03254052774819548,0.0010649627263045794,8451.0
76503000,,,,0.05697050938337802,0.37064343163538876,,0.005361930294906166,0.28619302949061665,0.15482573726541554,,,,,,,,,,,1492.0
76504000,,,,0.029470529470529472,0.21578421578421578,,,0.1853146853146853,0.08541458541458541,,,,,,,0.017482517482517484,,,,2002.0
76515000,0.018129156833297577,,0.4102124007723664,0.0034327397554172923,0.03647285990130873,0.01963098047629264,0.0017163698777086461,0.02274190087963956,0.01630551383823214,,0.0028963741686333405,0.30315382965028964,0.009118214975327183,,,0.010298219266251877,,0.10813130229564472,,9322.0
76530000,,,,0.05697589481373265,0.4192841490138787,,,0.13659605551497445,,,,,0.17969320672023376,,,0.030679327976625273,0.014609203798392988,,,1369.0
76538000,,0.05705024311183144,,0.021717990275526743,0.306645056726094,0.14100486223662884,0.0074554294975688815,0.18962722852512157,0.106645056726094,,,,,,,0.018476499189627228,0.022366288492706644,0.05121555915721232,0.006807131280388979,3085.0
76544000,,,,0.04591029023746702,0.2854881266490765,0.06754617414248021,,0.15989445910290237,,0.0158311345646438,,,,,,0.017414248021108178,0.008443271767810026,,,1895.0
76602000,,,,0.01764705882352941,0.46310160427807484,0.03582887700534759,,0.2898395721925134,,,,,,,,,,,0.01818181818181818,1870.0
76606000,,,,0.02970922882427307,0.24083438685208597,,0.0031605562579013905,0.15391908975979773,0.14601769911504425,,0.0041087231352718075,,0.2816055625790139,,,0.03381795195954488,0.012326169405815424,,,3164.0
76609000,0.020160339542560718,,0.035958500353690165,0.015208677198773874,0.18474416411223768,0.08582881395897195,0.00754539023815138,0.12084414053289319,0.14430558830464513,,0.006366423013440227,0.02357934449422306,,,0.010257014854987031,0.01780240509313841,0.018981372317849562,0.20089601509078048,0.00754539023815138,8482.0
76610000,0.058667060735924335,,0.2130929510861534,0.011083197872026008,0.07285355401211763,0.0035466233190483225,,0.054086005615486925,0.03797842470814246,0.013890941332939263,,,0.5000738879858135,,,0.010935421900398996,0.0031032954041672824,0.007832126496231712,,6767.0
76611000,,0.014116575591985429,,0.06238615664845173,0.38160291438979965,0.16985428051001822,,0.14799635701275046,0.13069216757741348,,,,,,,,0.009562841530054645,,,2196.0
76612000,0.03167305236270754,,,0.011749680715197957,0.15300127713920816,0.026053639846743294,0.004342273307790549,0.23116219667943805,0.07126436781609195,,0.007918263090676884,,,,0.013282247765006385,0.006896551724137931,0.017624521072796936,0.38901660280970624,,3915.0
76618000,,,,,0.17568291376539905,,,0.1328334226031066,0.11622924477771826,,,,0.5104445634708088,,,,,,,1867.0
76620000,,,,0.007994389901823282,0.15497896213183732,0.0182328190743338,0.0032258064516129032,0.17321178120617112,0.13225806451612904,,0.003927068723702665,0.12959326788218795,,,,0.007152875175315568,0.01150070126227209,0.2985974754558205,,7130.0
76621000,,,0.035585982512031454,0.008472852979055107,0.14234393004812582,0.050091506812173794,0.005829322849589914,0.10133532162949908,0.10974039178472175,0.012743170880498882,0.00942181251270928,0.35992679455026094,,,0.027994306242798073,0.0031180098962922797,0.04541449196773538,0.02738426082830611,,14753.0
76622000,,0.0318084345961401,,0.06433166547533953,0.318084345961401,0.048248749106504646,0.006433166547533953,0.1997855611150822,0.1451036454610436,0.017512508934953538,,,0.08720514653323802,,,0.0318084345961401,0.010007147962830594,0.021443888491779844,,2798.0
76624000,,0.026785714285714284,,0.057539682539682536,0.28125,,,0.2316468253968254,0.18055555555555555,,,,,,,0.030257936507936508,0.008432539682539682,,,2016.0
76625000,,,,0.034055727554179564,0.39969040247678017,0.034055727554179564,0.005263157894736842,0.21269349845201238,0.16130030959752323,,,,,,,,0.022291021671826627,0.07987616099071207,,3230.0
76626000,0.021804763502180476,0.004696410600469641,0.05713966230571397,0.008162808900816282,0.09426366990942636,0.02795482500279548,0.0092810019009281,0.059487867605948784,0.039695851503969586,0.003130940400313094,0.013641954601364196,0.0600469641060047,0.2313541317231354,,0.011852845801185284,0.01755563010175556,0.0060382422006038244,0.3310969473331097,,8943.0
76628000,,0.03335250143760782,,0.025876940770557792,0.23365919110599961,0.028560475368986007,0.00843396588077439,0.1730879815986199,0.1144335825186889,,0.0021084914701935977,,0.23346751006325475,,,0.019551466359977,0.03814452750622963,0.07494728771324516,,5217.0
76632000,,,,0.014646237043713385,0.2057232987832357,0.16674177557458314,0.00473186119873817,0.20797656602073006,0.17890941865705273,,0.0031545741324921135,,,,0.006309148264984227,0.025236593059936908,0.015998197386210004,0.1149166291122127,0.024109959441189724,4438.0
76634000,,,,0.10059171597633136,0.4223372781065089,,,0.20857988165680474,0.16789940828402367,,,,,,,,,,,1352.0
76636000,,,,,0.3824733824733825,0.08271908271908272,,0.04381654381654382,,,,,,,,,,0.14905814905814907,,2442.0
76640000,,,,0.028225806451612902,0.32150537634408605,0.006720430107526882,0.004032258064516129,0.14516129032258066,0.13440860215053763,,0.0032258064516129032,0.005376344086021506,0.2411290322580645,,,0.03333333333333333,0.004838709677419355,0.05241935483870968,,3720.0
76642000,,,,,0.23184357541899442,,,0.19273743016759776,,,,,,,,0.10614525139664804,,,,358.0
76646000,,0.036570979158474244,,,0.23908769170271332,0.0554463232402674,0.007078254030672434,0.17341722375147464,0.2229650019661817,,,,,,0.012583562721195438,0.02202123476209202,0.02634683444750295,,,2543.0
76647000,0.046299483648881236,0.016695352839931153,,0.019621342512908778,0.1487091222030981,0.041824440619621345,0.0034423407917383822,0.13648881239242686,0.0802065404475043,0.0049913941480206545,0.008089500860585198,0.05008605851979346,,,,0.016351118760757316,0.009122203098106713,0.3676419965576592,,5810.0
76648000,,,0.07091538052155402,0.016365087812666313,0.15300691857370943,0.05721128259712613,0.0030601383714741882,0.08728046833422033,0.06918573709419905,0.0033262373602980307,0.006253326237360298,0.054284193720063864,,0.001197445449707291,0.0065194252261841406,0.02048962213943587,0.009313464608834487,0.31373070782331025,0.011442256519425226,7516.0
76650000,0.01524390243902439,0.012062566277836691,,0.015774125132555675,0.24589077412513255,0.05395015906680806,,0.28724814422057265,0.08470307529162248,0.007423117709437964,0.0022534464475079535,0.08947507953340403,0.043213149522799574,,0.015376458112407211,0.0076882290562036056,0.028234358430540826,0.07648462354188759,0.0102067868504772,7544.0
76652000,,,,,0.32419196865817823,,,0.22037218413320275,0.1851126346718903,,,,,,,0.06562193927522038,,,,1021.0
76654000,0.01269169751454257,,,0.021946060285563194,0.20848757271285034,0.108011634056055,0.005552617662612375,0.11025912215758858,0.19196192490745637,,0.005552617662612375,,,,0.002908514013749339,0.008725542041248016,0.01560021152829191,0.17424643046007404,0.010576414595452142,7564.0
76701000,0.02089828092990113,0.006658056471007393,0.04071657611116059,0.021232297140821234,0.133662153736528,0.05437783913779282,0.021944865057450788,0.18855215106439832,0.18037988777055314,0.01084439298120602,0.03113031085775363,0.041963569965262314,0.012670348267569253,0.004097265520619934,0.010120691190879131,0.03078516077313619,0.05972209851251448,0.11726195778035094,0.013004364478489357,89816.0
76702000,,0.008087005019520357,,0.07780256553262688,0.31427774679308423,,0.01728945900725042,0.21221416620189626,0.1826547685443391,,0.01645287228109314,,,0.0013943112102621305,,0.04266592303402119,0.014500836586726157,0.04573340769659788,,3586.0
76715000,,,,0.036535204451971934,0.16452939753205903,0.06605371400919428,0.009920154851197677,0.1609000725864989,0.23905153641422697,,0.005564964916525526,,,0.0026615049600774254,,0.050084684248729736,0.05371400919428986,0.13573675296394871,,4133.0
76785000,,,,,0.21631205673758866,,,0.4583333333333333,,,,,,,,,,,,1128.0
77603000,,0.0811292719167905,0.012481426448737,0.01991084695393759,0.15720653789004457,,,0.049331352154531945,0.01188707280832095,0.030609212481426448,,,0.14680534918276375,,0.012481426448737,0.01991084695393759,0.03803863298662704,0.23833580980683508,,3365.0
77609000,0.01688247828224881,0.0293394525487625,0.11129323061793149,0.007048024913948533,0.0755613833797738,0.17620062284871332,0.004589411571873463,0.06916898869037863,0.04982789706605475,0.011801344041960335,,0.011473528929683658,0.3417472545484347,,,0.0034420586789050975,0.024913948533027374,0.03704310768726438,,6101.0
77633000,,0.18174342105263158,,,0.25164473684210525,,,0.13815789473684212,0.1455592105263158,,,,,,,,0.07401315789473684,0.054276315789473686,,1216.0
77701000,0.010469607643830047,0.008538320796909941,0.005793860540760317,0.014027241309209189,0.06993291319373857,0.06881479975604798,0.025005082333807684,0.2786135393372637,0.10002032933523074,0.0021345801992274853,0.027342955885342548,0.008538320796909941,0.2348038219150234,,0.007115267330758284,0.03435657653994714,0.04838381784915633,0.05427932506607034,,9838.0
77705000,,,0.10976879816704853,0.009581337221412205,0.04749010622786919,0.1437200583211831,,0.042282857737971254,0.036659029368881484,0.06581962091230993,0.005832118308685691,,0.31451780878983543,,,0.039575088523224326,0.032909810456154966,0.0785253072276609,,4801.0
77710000,,0.05025996533795494,,0.05632582322357019,0.23483535528596186,,,0.13084922010398614,0.0831889081455806,,,,,,,,0.0658578856152513,0.07712305025996534,,1154.0
77715000,0.00904392764857881,0.11584840654608096,,0.02153316106804479,0.17226528854435832,,0.007751937984496124,0.08570198105081826,0.08828596037898363,,,,,,,0.013781223083548665,0.03359173126614987,0.16881998277347116,,2322.0
78603000,0.017916390179163903,0.047777040477770406,,0.027869940278699403,0.17916390179163902,0.0789648307896483,,0.12806901128069012,0.19177173191771732,,,,,,,,0.0245520902455209,0.10683477106834771,,1507.0
78606000,,0.17796143250688706,,0.032506887052341595,0.2975206611570248,0.04077134986225895,0.004407713498622589,0.11900826446280992,0.20440771349862258,,,,,,,0.019834710743801654,0.04077134986225895,0.024793388429752067,,1815.0
78609000,,0.0205078125,,,0.2197265625,0.080078125,0.0048828125,0.23046875,0.212890625,,,,,,,0.017578125,0.0400390625,,,1024.0
78612000,0.006338028169014085,0.004225352112676056,,0.01073943661971831,0.17746478873239438,0.03961267605633803,0.0031690140845070424,0.08785211267605633,0.18890845070422535,0.009683098591549295,0.004225352112676056,,,0.008802816901408451,,0.007746478873239437,0.036619718309859155,0.0857394366197183,0.006338028169014085,5680.0
78615000,0.021612433220009712,0.020883924235065566,,0.025740650801359885,0.2355512384652744,0.06969402622632345,0.00412821758135017,0.10004856726566294,0.14327343370568238,,0.010199125789218067,0.01894123360854784,,0.001699854298203011,0.020883924235065566,0.019184069936862554,0.035211267605633804,0.2525497814473045,,4118.0
78618000,0.03745541022592152,0.18014268727705113,,0.03507728894173603,0.24494649227110582,0.07431629013079667,0.005945303210463734,0.13198573127229488,0.14149821640903687,,,,,,,0.009512485136741973,0.018430439952437573,0.07728894173602854,,1682.0
78621000,0.03994552882433046,,,0.017249205628688154,0.17839310031774852,0.05401724920562869,0.006354970494779845,0.10031774852473899,0.16023604176123468,0.007262823422605538,0.04403086699954607,,,,,0.016341352700862462,0.029959146618247844,0.3177485247389923,,2203.0
78623000,0.0035597745476119848,0.010086027884900622,,0.01868881637496292,0.13497478493028775,0.06585582913082172,0.00385642242657965,0.19578760011865914,0.09670720854345892,,,,,,0.009492732126965293,0.1251854049243548,0.032334618807475526,0.23553841590032631,,3371.0
78626000,0.016124303723248315,0.07358545880973322,,0.0316622691292876,0.18293755496921724,0.0732922896511287,0.0043975373790677225,0.14394605687481676,0.3110524772793902,,,,,,0.012313104661389622,0.00732922896511287,0.03869832893579595,0.019642333626502494,0.026385224274406333,3411.0
78629000,0.012911555842479019,0.024531956100710135,,0.04970948999354422,0.262750161394448,0.05939315687540349,,0.16010329244673982,0.18721755971594578,,,,,,,0.022595222724338282,0.029696578437701744,0.09231762427372499,,1549.0
78634000,0.041596402473299605,0.020798201236649803,,0.03934794828555368,0.2563237774030354,0.05508712759977515,,0.15739179314221471,0.21866216975829117,,,,,,,0.014052838673412029,0.02866779089376054,0.1101742551995503,,1779.0
78637000,0.014212454212454213,0.035897435897435895,0.003956043956043956,0.03736263736263736,0.15963369963369964,0.05794871794871795,0.004761904761904762,0.1043956043956044,0.0915018315018315,0.008571428571428572,0.0032967032967032967,0.27384615384615385,0.019633699633699635,0.0026373626373626374,,0.011135531135531136,0.06065934065934066,0.08036630036630037,0.028717948717948718,13650.0
78640000,0.003938484621155289,0.3900975243810953,,0.027944486121530384,0.17160540135033758,0.003938484621155289,,0.030570142535633907,0.06207801950487622,0.046511627906976744,,0.23630907726931732,,0.0018754688672168042,,,0.020817704426106528,0.003938484621155289,,5332.0
78643000,0.008132915069129778,0.014174509120483328,0.012199372603694667,0.023701638201463926,0.20669222725688394,0.06634135006390147,0.00604159405135355,0.10526315789473684,0.11734634599744394,0.005112118043453003,0.0029046125246892066,0.3411176948995004,,0.0015103985128383875,,0.008481468572092483,0.0556523759730452,0.0241663762054142,0.0012780295108632508,8607.0
78646000,0.0073228248727814325,0.04592280004964627,,0.030408340573414423,0.20305324562492244,0.0532456249224277,0.007695171900210997,0.11977162715650987,0.15775102395432544,0.0073228248727814325,,0.1531587439493608,,0.005088742708204046,0.0018617351371478217,0.03711058706714658,0.05932729303711059,0.03164949733151297,0.021347896239295023,8057.0
78650000,0.010363054666852136,0.10418695228821812,0.06356934205035471,0.020934761441090556,0.14167478091528724,0.053484490193350956,,0.020795660036166366,0.09326749200166921,0.009945750452079566,0.013492836277646404,0.06475170399221032,,,,0.009250243427458617,0.20663513701488384,0.17192933648629852,0.011962720823480317,14378.0
78701000,0.021219598605249582,0.0013301095786536058,0.02009459938218275,0.023991696138331395,0.14100404626792384,0.03345784982192692,0.03682663202580661,0.09987631224011585,0.10490462368465216,0.012511731690793032,0.05102275481853949,0.2210903169265767,,0.004307317467322191,0.007197508841499419,0.025825258407970713,0.101946062191946,0.07821541559708868,0.015041426076363208,160889.0
78705000,0.02033734939759036,0.016,0.0020240963855421685,0.031036144578313253,0.19016867469879517,0.05609638554216868,0.0054939759036144575,0.06833734939759036,0.10775903614457831,0.015903614457831325,0.007228915662650603,0.3587469879518072,,0.001542168674698795,0.003759036144578313,0.01946987951807229,0.059855421686746985,0.03296385542168675,0.00327710843373494,10375.0
78715000,0.02112479572721113,,0.009326796604089442,0.012894097014627924,0.11415361313723145,0.039080872095340585,0.0049623340906373315,0.06698154569731755,0.10038263780939854,0.011379489019092033,0.021443660568376578,0.4104587667902268,,0.006795806927338674,0.0008768783132049903,0.07333891346805373,0.04282753397903464,0.04523894934034836,0.018753238471043085,50178.0
79605000,0.018525817895151755,0.05616870319274734,0.005124162396531336,0.016160819865983445,0.18131651556957035,0.027197477335435555,,0.06444619629483642,0.08395743003547497,,,0.46708711076074105,,,,0.021087899093417423,0.028577059519117067,,,5074.0
79615000,0.017562346329469618,,,,0.3853178784685634,,,0.14471373375482965,0.1506849315068493,,,,,,,0.024587284861257466,0.018616087109237796,,,2847.0
79618000,0.029872389791183295,0.06612529002320186,,0.027552204176334107,0.3167053364269142,,,0.0968677494199536,0.1818445475638051,,0.009280742459396751,0.15893271461716937,,,,0.017111368909512762,0.033642691415313224,,0.016241299303944315,3448.0
79622000,0.03896103896103896,0.03896103896103896,0.027623170480313337,0.022263450834879406,0.3090084518655947,,,0.1463615749330035,0.18676561533704392,,0.012987012987012988,0.024943310657596373,0.03421974850546279,,0.0037105751391465678,0.05813234384662956,0.06740878169449598,0.00515357658214801,0.0012368583797155227,4851.0
79630000,0.021948687527806616,0.020613970043007565,0.018315289930298087,0.025359632211181968,0.16824855405605812,0.010158683078748332,0.004671511196796678,0.06829304463888478,0.05672549310395966,0.00867566365119383,0.00719264422363933,0.15935043749073113,0.004968115082307578,0.0007415097137772505,0.0033367937119976273,0.016239062731721786,0.3422067329082011,0.058282663502891886,,13486.0
79633000,0.022504189609767775,0.049796504668422316,0.039741441225760114,0.027292315058654537,0.1611204213550395,0.015082595163993297,,0.12449126167105579,0.025855877423988507,,0.004548719176442423,,,,,0.030165190327986594,0.2856116830260953,0.17955470433325352,,4177.0
79640000,0.027092113184828417,0.050571944611679714,0.057194461167971104,0.07525586995785671,0.39193257074051774,0.023479831426851294,,0.10776640577965081,0.19205298013245034,,,,,,,0.02588801926550271,0.012642986152919929,,,1661.0
79701000,0.018375898975026898,0.0045585820261622965,0.016875247749023162,0.05405175831021009,0.18435358740585536,0.04029106970949657,0.02030126281216377,0.1938954640693131,0.18741151820601393,0.006568888385525795,0.02568095588651679,0.08867999320459823,,0.002859731581629764,0.010391301885723993,0.01902712497876437,0.060620646695735886,0.04142363667251826,0.024576703097570644,35318.0
79703000,0.03271604938271605,,,0.033950617283950615,0.2820987654320988,0.05555555555555555,,0.14074074074074075,0.25864197530864197,,0.012962962962962963,0.0345679012345679,,,,0.025308641975308643,0.07160493827160494,,,1620.0
80601000,0.006419153365718251,0.041637751561415685,,0.03244274809160305,0.2820957668285913,0.0260235947258848,0.00659264399722415,0.09351145038167939,0.22952810548230396,0.06297709923664122,0.0034698126301179735,0.03487161693268564,,,,0.02099236641221374,0.06904927133934767,0.06176266481609993,0.013705759888965996,5764.0
80602000,,0.0202328688681046,,,0.2254246993701088,0.02271425844626837,0.009162053827066235,0.08436724565756824,0.16281733155182287,,0.009162053827066235,0.14811987020423745,,,,0.02195075396067952,0.04924603932048101,0.18591334224088565,0.011834319526627219,5239.0
80603000,,0.05139920045688178,,0.04283266704740148,0.31524842946887494,0.04283266704740148,,0.17133066818960593,0.1901770416904626,,,,,,,0.06453455168475157,0.05368360936607653,0.04968589377498572,,1751.0
80604000,0.005342831700801425,0.012911843276936777,,0.05654496883348174,0.3748886910062333,0.031611754229741766,0.006233303650934996,0.1460373998219056,0.195013357079252,,0.009349955476402494,,,,,0.026714158504007122,0.04719501335707925,0.036064113980409616,,2246.0
80605000,0.005781938325991189,0.22466960352422907,,0.04102422907488987,0.2643171806167401,0.04515418502202643,0.006607929515418502,0.10820484581497797,0.12169603524229075,,0.009361233480176211,,0.05561674008810573,,,0.033314977973568284,0.036068281938325994,,,3632.0
80606000,0.014563106796116505,0.008148404993065187,,0.02565880721220527,0.3378987517337032,0.014736477115117892,0.008668515950069348,0.11858529819694869,0.18966712898751734,0.00572122052704577,0.006934812760055479,0.06449375866851595,,,,0.027045769764216365,0.03952843273231623,0.08633841886269071,,5768.0
80607000,0.007220216606498195,,,0.04693140794223827,0.4220216606498195,0.03104693140794224,0.007942238267148015,0.14296028880866427,0.19025270758122745,,0.0068592057761732855,,,,,0.02924187725631769,0.05451263537906137,,,2770.0
80608000,,0.04031413612565445,,0.05445026178010471,0.3649214659685864,,0.009424083769633508,0.16753926701570682,0.18481675392670158,,0.011518324607329843,,,,,0.03193717277486911,0.06439790575916231,0.041361256544502616,,1910.0
80609000,0.007232338886736407,0.008911274699728787,0.006069998708510913,0.01892031512333721,0.14348443755650264,0.09266434198631021,0.009040423608420509,0.06709285806534934,0.1239829523440527,0.004649360712901976,0.010396487149683584,0.3054371690559215,0.03480563089241896,0.0006457445434586077,0.0012914890869172154,0.012075422962675966,0.0526927547462224,0.0814929613844763,0.019178612940720652,15486.0
80610000,0.02040816326530612,0.02040816326530612,,0.057242409158785465,0.3708312593330015,0.02936784469885515,0.006470881035340966,0.13787954206072672,0.1528123444499751,,,,,,,0.03683424589347934,0.03882528621204579,0.10652065704330513,,2009.0
80611000,0.024110109159943046,0.004224015187470337,0.022116753678215473,0.03198860939724727,0.15272899857617467,0.06022781205505458,0.009444708115804461,0.0745609871855719,0.1296155671570954,0.016801139060275274,0.0038917892738490746,0.34114855244423353,,0.0014238253440911248,0.0020408163265306124,0.010251542477456098,0.04992880873279544,0.03962980541053631,0.014665401044138585,21070.0
80612000,,0.02033492822966507,0.001993620414673046,0.03787878787878788,0.3050239234449761,0.044657097288676235,0.009569377990430622,0.13237639553429026,0.13636363636363635,,0.012360446570972886,,0.1331738437001595,,,0.040271132376395534,0.03668261562998405,0.06578947368421052,,2508.0
80613000,0.0029511583296443853,0.029364025379961634,,0.027888446215139442,0.267817618415228,0.06536815700162314,0.01416555998229305,0.1063892577836801,0.21484432639811127,0.006787664158182087,0.004721853327431017,0.08691161280802714,,,0.008705917072450936,0.017116718311937434,0.0727460528257341,0.05179282868525897,,6777.0
80614000,,0.23432028016555237,,0.025151225724291626,0.24769181789239095,0.03279210442534225,0.0070041388092964025,0.10283349251830627,0.1076090417064629,,0.008277618592804839,0.053167780961477236,,,,0.022285896211397645,0.03693091372174467,0.10506208213944604,,3141.0
80615000,0.015694076038903625,0.034924845269672856,0.01270999115826702,0.016578249336870028,0.11615826702033599,0.038903625110521665,0.004531388152077807,0.0624447391688771,0.08653846153846154,0.0016578249336870027,0.0067418213969938105,0.42628205128205127,,,,0.011604774535809019,0.06830238726790451,0.0664235190097259,0.015362511052166225,9048.0
80617000,,0.16888740839440372,,0.02798134576948701,0.25316455696202533,0.03264490339773484,0.012325116588940706,0.1055962691538974,0.16355762824783476,,0.006662225183211193,,,,,0.02731512325116589,0.04863424383744171,0.059293804130579615,,3002.0
80618000,,0.024723247232472326,,0.04169741697416974,0.23837638376383763,0.026568265682656828,0.007749077490774908,0.10922509225092251,0.12915129151291513,,0.014760147601476014,0.011808118081180811,,,,0.021402214022140223,0.04095940959409594,0.05793357933579336,,2710.0
80619000,,,,0.12648743940061702,0.4230938739532834,0.035698545614808286,0.005288673424416042,0.13530189510797708,0.12252093433230499,,,,,,,0.04186866460996033,0.030850594975760245,,,2269.0
80621000,,0.012044564890093345,,0.036133694670280034,0.2971996386630533,0.05420054200542006,0.0057211683227943394,0.12225233363444746,0.3405600722673893,,,,,,,0.021077988557663355,0.04667268894911172,0.031616982836495035,0.010237880156579343,3321.0
80622000,0.0035072336694432268,0.013590530469092503,,0.03003068829460763,0.23169662428759316,0.049539675580885574,0.009644892590968873,0.11091626479614204,0.12538360368259535,,0.005918456817185445,0.25208241999123193,,,,0.020166593599298552,0.05852696185883385,0.05019728189390618,,4562.0
80623000,0.00782868984572876,0.07920792079207921,,0.027860925627446465,0.25673497582316374,0.12756159336863918,0.014966612940363803,0.11489753626525444,0.17844807736587612,0.0016117890858853327,0.0036840893391664746,0.04858392816025789,,,,0.019801980198019802,0.05295878425051807,0.045130094404789316,,4343.0
80624000,0.016146266175946812,0.07443903597293126,,0.024456844354742966,0.20159088210851242,0.06126083343226879,0.010566306541612253,0.10067671850884483,0.13213819304285884,0.004986346907277692,0.016146266175946812,0.014484150540187582,0.10138905378131308,0.0005936127270568681,0.004511456725632197,0.01733349163006055,0.048557521073251814,0.13391903122402946,0.0278997981716728,8423.0
80625000,,0.2169249106078665,,0.043504171632896306,0.17878426698450536,0.023241954707985697,0.011918951132300357,0.16626936829559,0.13230035756853398,,0.010727056019070322,,0.08283671036948749,,,0.02800953516090584,0.029797377830750895,0.048271752085816445,,1678.0
80626000,0.013457943925233645,0.09196261682242991,,0.059065420560747664,0.3461682242990654,0.028785046728971964,0.008598130841121496,0.1405607476635514,0.17046728971962616,,0.007850467289719627,,,,,0.03289719626168224,0.051962616822429905,0.029906542056074768,,2675.0
80627000,,0.04868270332187858,,0.045819014891179836,0.37399770904925544,,0.009163802978235968,0.17812142038946163,0.13172966781214204,,0.012027491408934709,,,,,0.06471935853379153,0.04009163802978236,,,1746.0
80628000,0.008620689655172414,0.008058470764617692,,0.03392053973013493,0.2625562218890555,0.03073463268365817,0.009370314842578711,0.12237631184407796,0.17035232383808097,,0.012556221889055473,0.012181409295352323,,,,0.01555472263868066,0.14730134932533734,0.12481259370314843,,5336.0
80630000,0.0064965197215777265,0.07726218097447796,0.07888631090487239,0.032946635730858466,0.28723897911832946,0.029930394431554524,0.00788863109048724,0.10881670533642691,0.12064965197215777,,0.010208816705336427,,0.07563805104408353,,,0.025754060324825988,0.03689095127610209,0.10069605568445476,,4310.0
80631000,0.011439688715953307,0.0036575875486381322,0.015953307392996108,0.018443579766536964,0.17766536964980545,0.08879377431906615,0.006303501945525292,0.0796887159533074,0.1290272373540856,0.0036575875486381322,0.010972762645914397,0.2046692607003891,0.06085603112840467,0.004280155642023347,0.008093385214007782,0.012607003891050584,0.06863813229571984,0.07673151750972762,0.018443579766536964,12850.0
80633000,0.006789524733268671,0.038797284190106696,0.010022631749110895,0.0345942450695118,0.21403168444875526,0.05366957646298093,0.005819592628516004,0.1196249595861623,0.11736178467507274,,0.02424830261881668,,0.1354671839637892,,,0.007759456838021339,0.04300032331070158,0.16747494342062721,0.0158422243776269,3093.0
80634000,0.016846652267818573,0.01079913606911447,,0.05010799136069115,0.3714902807775378,0.03282937365010799,0.009935205183585313,0.17624190064794817,0.15939524838012958,,,0.008639308855291577,,0.007775377969762419,,0.03282937365010799,0.04017278617710583,0.05356371490280778,,2315.0
80635000,0.012048192771084338,0.10742971887550201,,0.04216867469879518,0.2825301204819277,0.03032128514056225,0.008433734939759036,0.09779116465863454,0.12289156626506025,,0.005421686746987952,0.050200803212851405,,,,0.018674698795180723,0.06987951807228916,0.09819277108433735,,4980.0
80636000,,,,0.04870892018779343,0.3855633802816901,0.04342723004694836,0.007629107981220657,0.17488262910798122,0.18955399061032863,,,0.014084507042253521,,,,0.03755868544600939,0.056338028169014086,0.03345070422535211,,1704.0
80637000,0.005266981474754813,0.03977479113694152,,0.02778786778060298,0.13221939702143118,,,0.0586632764257174,0.14838358154740283,0.003814021067925899,0.02488194696694515,,0.382310207046858,,,0.03450780966218671,0.016527424627678897,0.06574645840900835,,5506.0
80638000,0.008506616257088847,0.0759294265910523,,0.03497164461247637,0.30434782608695654,0.05419029615626969,0.007246376811594203,0.14209199747952111,0.18840579710144928,,0.009136735979836169,0.00630119722747322,,,,0.024574669187145556,0.055450535601764335,0.06994328922495274,,3174.0
80639000,0.04550379198266522,0.1292885518237631,,0.033224990971469845,0.20910075839653305,0.021668472372697724,0.004694835680751174,0.11123149151318165,0.07583965330444203,,,0.010111953773925604,,,,0.024557602022390754,0.03466955579631636,0.27193932827735645,,2769.0
80640000,,,0.08480565371024736,0.04672163329407145,0.30467216332940716,0.040832351786415394,0.008637612877895563,0.14016489988221437,0.14801727522575578,,0.00745975657636435,,,,,0.0392618767177071,0.08166470357283079,,0.014134275618374558,2547.0
80641000,0.026856524873828405,0.07894736842105263,0.0027937995674116797,0.0273972602739726,0.17078226387887527,0.04677361211247296,0.011445565969718817,0.1104001441961067,0.12184571016582552,0.004866618601297765,0.002613554434030281,0.24648521989906272,,0.0006308579668348954,0.004055515501081471,0.017573900504686372,0.05758832011535688,0.03406633020908435,0.02361211247296323,11096.0
80642000,0.004088307440719542,,,0.06050695012264922,0.3270645952575634,0.03025347506132461,0.008585445625511038,0.12632869991823384,0.2645134914145544,,0.006541291905151268,0.004088307440719542,,,,0.03025347506132461,0.0580539656582175,0.022076860179885527,,2446.0
80643000,,,,0.06983087834151663,0.4451718494271686,,0.007637752318603383,0.1702127659574468,0.16530278232405893,,,,,,,0.03273322422258593,0.0436442989634479,,,1833.0
80644000,,0.14569273521238588,,0.0444620881302104,0.2786820166732831,0.08217546645494243,0.009527590313616514,0.13775307661770544,0.14886859865025803,,0.006748709805478364,,,,,0.03691941246526399,0.05200476379515681,0.030964668519253672,,2519.0
80645000,0.11004784688995216,,,0.03697259678120922,0.2427142235754676,0.05002174858634189,0.002174858634188778,0.14615050021748585,0.2083514571552849,,0.0039147455415398,,,,,0.03784254023488473,0.045237059591126574,0.02435841670291431,,2299.0
80647000,0.016133518776077885,,,0.05285118219749652,0.27399165507649514,0.023365785813630042,0.0072322670375521555,0.08789986091794158,0.3240611961057024,,0.006954102920723227,0.028650904033379693,,,,0.015855354659248956,0.04255910987482615,0.08094575799721836,,3595.0
80648000,0.0067039106145251395,,,0.049162011173184354,0.39664804469273746,0.049720670391061456,0.01005586592178771,0.17094972067039105,0.17318435754189945,,,,,,,0.04078212290502793,0.0446927374301676,,,1790.0
80649000,,0.22895027624309391,,0.03314917127071823,0.18895027624309393,0.04066298342541436,,0.06364640883977901,0.0369060773480663,0.004198895027624309,,0.10541436464088398,,,,0.026298342541436464,0.06740331491712707,0.16530386740331493,,4525.0
80650000,0.01094027202838557,0.054405677114133646,,0.03341218214074512,0.23240685984624482,0.028089887640449437,0.00827912477823773,0.09727971614429332,0.1215257244234181,,0.010644589000591367,0.005322294500295683,0.08900059136605559,,,0.02690715552927262,0.03459491425192194,0.04937906564163217,,3382.0
80651000,0.00181250629342463,0.02089416977142282,0.0097170476286376,0.02210250730037257,0.1791863860638405,0.05145503977444366,0.01203302789245796,0.07048635585540228,0.12355251233511227,0.022052159903332997,0.011126774745745645,0.18991038163326956,0.07219816735474777,0.0022656328667807874,0.0004531265733561575,0.008961836673044003,0.059460275903735774,0.13065149531769207,0.011630248716141375,19862.0
80652000,0.021507072619235422,0.070673607824578,0.01872009254877215,0.011305673870747227,0.1123205552926329,0.0266603565231109,0.0006835988852079718,0.039070305516117156,0.04348740600515329,0.03423252879002997,0.013777146763422201,0.10984908239995793,0.13524741021191566,,0.001630120418572856,0.016511542304254088,0.09843823946994794,0.23878634905610768,0.00709891150023663,19017.0
80653000,0.04727321632707955,0.0176181830408177,0.08694775065563849,0.020173492031470647,0.1561428283235828,0.04189361845202071,0.005177862954744133,0.04861811579584426,0.09595857709636205,,0.005312352901620604,0.15473068388137987,0.18882388541456527,0.009145316387600027,,0.01674399838612064,0.035438101001950106,0.061058435881917825,0.008472866653217672,14871.0
80654000,0.017639077340569877,0.010854816824966078,,0.04477611940298507,0.33649932157394846,0.042740841248303935,0.007462686567164179,0.16689280868385345,0.16824966078697423,,0.0203527815468114,,,,,0.059023066485753055,0.050203527815468114,,,1474.0
80655000,0.029460443561734526,,0.013075140681893412,0.021019529956967892,0.16914928831512743,,0.004634227077126779,0.06885137371731215,0.07762330354187355,,0.003806686527639854,0.02929493545183714,0.5056272757365111,,,0.01737835153922542,0.027474346242965905,0.012247600132406488,,6042.0
80656000,,0.2545164718384697,0.011158342189160468,0.038788522848034,0.2104144527098831,0.03002125398512221,0.01514346439957492,0.10786397449521785,0.12911795961742828,,0.0140807651434644,0.0007970244420828905,,,0.002391073326248672,0.028692879914984058,0.03799149840595112,0.08156216790648246,,3764.0
80657000,0.013803680981595092,0.09969325153374232,,0.028970688479890934,0.1688820722563054,0.044648943421949555,0.0066462167689161555,0.10190865712338106,0.125426039536469,,0.005112474437627812,0.15899795501022496,,,,0.026584867075664622,0.06032719836400818,0.11639400136332652,,5868.0
80658000,0.025374376039933443,,,0.05033277870216306,0.3086522462562396,0.03119800332778702,0.00956738768718802,0.1127287853577371,0.141846921797005,0.004991680532445923,,,,,,0.023710482529118136,0.03410981697171381,0.1701331114808652,,2404.0
80659000,0.04408698242478403,0.06210902591599642,,0.034554661900506406,0.14804885314268693,0.06270479594876378,0.007000297885016384,0.08519511468573131,0.11572832886505809,0.022043491212392016,0.02249031873696753,,0.17009234435507894,,0.002383080131069407,0.01757521596663688,0.04170390229371462,0.12972892463509086,0.0037235627047959487,6714.0
80701000,0.030860635874170372,0.0017606388415392072,0.048094454647064445,0.02127603454017323,0.10463601924173835,0.03354445613074886,0.03154313070600299,0.08551297564449603,0.11531854704433579,0.012730012298095278,0.0395682148638802,0.1925723461007125,0.01950220739270489,0.002522263508946617,0.010636368731845473,0.061958661255065134,0.09725386499790635,0.07894190221530568,0.011767265965268597,303299.0
80703000,0.04508748317631225,,0.18236877523553163,0.02489905787348587,0.22611036339165544,0.0740242261103634,0.006729475100942127,0.16689098250336473,0.07267833109017496,,,,,,0.039703903095558546,0.02220726783310902,0.06460296096904442,,,1486.0
80707000,,,,,,,,,,,,,,,,,,,,2887.0
80723000,0.012060102807433769,,0.0026690391459074734,0.024219058916567813,0.15351917754052985,0.09460260972716489,0.009984183471727956,0.06524317912218268,0.17615658362989323,0.01571767497034401,0.0030644523527085803,0.3134638196915777,,,0.004250691973111902,0.00771055753262159,0.0681099248714907,0.029458283906682484,0.019968366943455912,10116.0
80727000,0.02887982383307462,,0.0560629580159561,0.014945308833616115,0.13977834735208114,0.08422078625320385,0.012418324248222087,0.046965813508537596,0.08700046929713728,0.009097144507418504,0.010757734377820296,0.2707122486552832,0.05151438576224685,,0.0002526984585394029,0.01754449297859283,0.10793834157611638,0.04631601747229342,0.015450705750694921,27701.0
80735000,0.007661290322580645,,0.02724014336917563,0.015277777777777777,0.11989247311827957,0.06922043010752688,0.011559139784946236,0.03915770609318996,0.0961021505376344,0.01057347670250896,0.013978494623655914,0.276747311827957,0.17773297491039428,0.0011648745519713263,0.004838709677419355,0.042428315412186376,0.04408602150537634,0.03257168458781362,0.009767025089605735,22320.0
80739000,0.03457994908473754,,0.021608679839980605,0.013819856952357861,0.09664807855497635,0.049612074190811005,0.007152382106922051,0.06064371438962299,0.08991999030185477,0.020487331797793672,0.007788822887622742,0.39453267062674263,,0.0024851497151169837,0.007879742999151413,0.04670263062189356,0.05133955630985574,0.07494847860346708,0.01982058431325009,32996.0
80743000,0.03859691710159,,0.050734312416555405,0.03629081199174657,0.2286685277339483,0.09831290205121981,0.015171744143706761,0.09928389367641705,0.2037868673382692,0.002427479062993082,0.006311445563782012,0.04357324918072582,0.022454181332686004,,,0.010195412064570943,0.07682971234373104,0.04199538778978031,,8239.0
80745000,0.024237375540481575,0.0004958546550835019,0.0103931135705502,0.012039351025427426,0.1449085644016026,0.040739418461660515,0.016660716410805666,0.06281486770597802,0.1099210599389107,0.008151850529572771,0.011483993811733905,0.3357531040501408,,0.0019040818755206475,0.004522194454361537,0.021579594589234002,0.09510492284501566,0.08316474275060494,0.0159863540798921,50418.0
81603000,0.017358490566037735,0.023018867924528303,,0.08528301886792453,0.3177358490566038,,0.006792452830188679,0.18528301886792453,0.2169811320754717,0.01169811320754717,,,,,,0.03018867924528302,0.02339622641509434,,,2650.0
81606000,,,,0.02754165249914995,0.14518871132267935,,,0.07752465147908874,,,,,0.5005100306018361,,,0.028901734104046242,,,,2941.0
81609000,,0.03739565943238731,,0.022036727879799666,0.28848080133555926,0.019031719532554257,0.002671118530884808,0.14624373956594325,0.15191986644407346,,,,,,,0.021035058430717863,0.08614357262103506,,,2995.0
81612000,,,,0.043877143996808934,0.3833266852812126,0.04746709214200239,0.005185480654168329,0.20462704427602713,0.19345831671320304,,,,,,,,0.024331870761866773,0.017949740725967292,,2507.0
81615000,0.018413059984813972,0.009870918754745633,0.49810174639331817,0.014236902050113895,0.13097949886104784,0.026955201214882308,,0.07687927107061504,0.04973424449506454,0.0028473804100227792,,,,,,0.13211845102505695,0.017084282460136675,,,5268.0
81618000,,0.09278204035237284,,0.023302074452969595,0.24083546462063085,0.051719238420005684,0.00312588803637397,0.22051719238420006,0.12460926399545326,,,0.03225348110258596,,,,0.010798522307473715,0.017476555839727195,0.07345836885478829,0.02529127593066212,7038.0
81621000,,,,0.04619930163846361,0.41525651356432985,0.05801772763900081,0.0042976094547408005,0.12489927477840451,0.14020950846091862,,,,,,0.0198764437281762,0.021756647864625302,0.0166532366371206,,0.0749395648670427,3723.0
81622000,0.017921146953405017,,,0.047192353643966546,0.46296296296296297,0.044802867383512544,,0.1574074074074074,0.1633811230585424,,,,,,,0.017921146953405017,0.028375149342891277,0.005973715651135006,0.00985663082437276,3348.0
81624000,0.011759628870428309,0.020066889632107024,0.034307908080699105,0.037328730175855,0.20466069694681197,0.09612687452799655,0.005933757686913367,0.09040888984788004,0.1432732765131082,0.006257417197108641,0.003668141115546445,0.2100550221167332,,,,0.014133131945193656,0.019419570611716473,0.08933002481389578,0.011867515373826734,9269.0
81627000,,,,0.06520450503852994,0.46769413159454654,0.04090100770598696,0.007705986959098993,0.14285714285714285,,,,,,,,0.033787788974510964,0.014226437462951986,,,1687.0
81630000,,0.038,,0.07066666666666667,0.388,,0.008,0.21666666666666667,0.18333333333333332,,,,,,,0.038,,,,1500.0
81633000,,,,0.03362904889622447,0.25582834743140087,0.05611718588817825,0.009490406436971322,0.21332783164844232,0.21621621621621623,,0.002682071384361461,0.015267175572519083,,,,0.016298741489581183,0.019806065607592325,0.09119042706828967,,4847.0
81635000,0.06975745868212063,,0.1021678471775059,0.00815625670744795,0.08220648207769908,0.0884309937754883,,0.04571796522858983,0.04829362524146812,,0.009229448379480575,0.05258639192959862,0.2816054947413608,,,0.00815625670744795,0.004936681691350075,0.1663447091650569,,4659.0
81636000,,,,0.036270535523789206,0.21484958395562193,0.028163004053765733,0.0034136974610625135,0.1354811179859185,0.12716023042457864,,,0.004480477917644549,,,,0.011307872839769575,0.015574994666097717,,,4687.0
81639000,,,,0.020221787345075015,0.2309197651663405,,,0.12067840834964122,0.091324200913242,,,,0.45401174168297453,,,0.03718199608610567,,,,1533.0
81642000,0.012612612612612612,0.05675675675675676,,0.04114114114114114,0.2585585585585586,0.04264264264264264,0.003903903903903904,0.13723723723723724,0.1981981981981982,0.0045045045045045045,,,,,0.016516516516516516,0.015015015015015015,0.02762762762762763,0.07057057057057058,,3330.0
81645000,0.008437739708514446,,0.4216312963436461,0.010738941447200204,0.11736128867297367,0.07824085911531578,,0.04423421119918179,0.06494502684735362,,,,,,0.013295832267962158,0.0109946305292764,0.003068268984914344,0.14983380209665048,,3911.0
81648000,0.023556098412144476,0.01675100331530274,,0.01500610713662537,0.246030361193509,0.2804048159134532,0.005409178153899843,0.1537253533414762,0.13749781887977666,,,0.015529575990228582,,,,0.015355086372360844,0.016576513697435003,0.04868260338509859,,5731.0
81650000,0.03168831168831169,,,0.05142857142857143,0.32935064935064934,0.05246753246753247,,0.1709090909090909,0.12051948051948053,,,,,,,0.024415584415584415,0.024415584415584415,0.01818181818181818,,1925.0
81651000,0.00691663633054241,,0.05278485620677102,0.07826720058245358,0.32580997451765564,0.04768838733163451,,0.1823807790316709,0.23844193665817257,0.004732435384055333,,,,,,0.039315617036767385,0.018201674554058973,,,2747.0
81657000,0.009555661729574774,0.05255613951266125,,0.040611562350692784,0.3210702341137124,,0.006688963210702341,0.22455805064500717,0.21691352126134736,,,,,,,0.019111323459149548,0.023889154323936932,,,2093.0
81701000,0.023146469806325457,0.012666293159322854,0.008920234211075592,0.03080337035450241,0.14921618385349725,0.046831229608146854,0.024530644080457877,0.16874842083292138,0.16105856375440794,0.00672313218864318,0.02150962879961331,0.17084665326434434,0.0008019422381878303,0.0036471893572378035,0.004822638939239144,0.022860846543409242,0.057597029518065675,0.0685935251403399,0.016708960880598492,91029.0
81720000,0.03969291081345965,,0.05504737014047697,0.012577589023195035,0.1313296308395949,0.08265272786671023,0.008493956223456387,0.09408689970597844,0.09637373407383208,,0.019764782750735056,0.05619078732440379,,0.007513884351519112,0.0437765436131983,0.017314603070891867,0.01911140150277687,0.29941195687683764,,6122.0
82601000,,0.006541291905151268,0.028618152085036794,0.04660670482420278,0.49959116925592806,,,0.12019623875715454,0.2526573998364677,,,,,,,,,,,1223.0
82603000,,0.009575486753909991,,0.07341206511330993,0.5352697095435685,,,0.11235237791254389,0.2052345994254708,,,,,,,,,,,3133.0
82605000,,,,0.060662914321450906,0.5540963101938712,,,0.12695434646654158,0.21325828642901815,,,,,,,,,,,1599.0
82606000,,,,0.062219149671621156,0.4026961631524369,,,0.10922917386795714,0.21396474248185274,,,,,,,,,,,2893.0
82607000,,0.07796693807056501,,0.03182827535159141,0.5001233654083395,,,0.1228719467061436,0.21194177152726376,,,,,,,0.034295583518381446,,,,4053.0
82609000,,0.02773290253096392,0.008616047388260635,0.02988691437802908,0.5102315562735595,,,0.15643511039310717,0.2016693591814755,,,,,,,0.030694668820678513,,,,3714.0
82611000,,0.0032751091703056767,,,0.7710152838427947,,,0.04475982532751092,,,,,,,,,,,,3664.0
82613000,,,,0.062242798353909466,0.5046296296296297,,,0.1111111111111111,0.2613168724279835,,,,,,,,,,,1944.0
82615000,0.020845396641574986,0.008685581933989578,,0.04863925883034163,0.49971048060220036,,,0.16328894035900404,0.20961204400694847,,,,,,,,,,,1727.0
82616000,0.025661914460285134,,,0.05336048879837067,0.5413441955193483,,,0.1209775967413442,0.20081466395112016,,,,,,,,,,,2455.0
82618000,,,,0.050199468085106384,0.5169547872340425,,,0.09940159574468085,0.2878989361702128,,,,,,,0.03324468085106383,,,,3008.0
82620000,,0.1270668583752696,0.003235082674335011,,0.6258087706685838,,,0.03612508986340762,,,0.0066498921639108555,0.041337167505391806,,,,0.028576563623292594,,,,5564.0
82621000,,,,0.061068702290076333,0.5593337959750173,,,0.07494795281054822,0.21235253296322,,,,,,,,,,,1441.0
82622000,0.020785219399538105,0.012413394919168591,,0.01674364896073903,0.5216512702078522,,,0.14318706697459585,0.2098729792147806,,,,,,,,,0.011836027713625866,,3464.0
82623000,,0.01522198731501057,,0.04186046511627907,0.5162790697674419,,,0.10739957716701903,0.2587737843551797,,,,,,,,,,,2365.0
82624000,0.011223087494273936,0.15643609711406323,,0.014658726523133303,0.46220797068254693,,,0.0847457627118644,0.21965185524507558,,,,,,,,,,,4366.0
82626000,,,,0.009507042253521126,0.7390845070422535,0.05070422535211268,,0.03838028169014084,,,,,,,,,,,,2840.0
82627000,,,,,0.6633444075304541,,,0.053156146179401995,,,,,,,,,,,,2709.0
82629000,,0.008008008008008008,,0.0940940940940941,0.45145145145145144,,,0.12812812812812813,0.2222222222222222,,,,,,,,,,,999.0
82630000,,0.0076384468491406746,,0.047103755569700825,0.5436028007638447,,,0.13112667091024824,0.2024188415022279,,,,,,,,,,,1571.0
82632000,,0.019230769230769232,,0.040865384615384616,0.452724358974359,,,0.18509615384615385,0.20833333333333334,,,,,,,,,,,1248.0
82634000,,0.025313807531380753,,0.05292887029288703,0.4690376569037657,,,0.1489539748953975,0.21778242677824267,,,,,,,,0.0066945606694560665,,,4780.0
82635000,,0.01812962683184771,0.00800725185073274,0.020244749962229944,0.5694213627436169,,0.001964042906783502,0.07055446442060734,0.13748300347484516,,,,,,,0.019338268620637557,0.0007554011179936546,,,6619.0
82636000,,,,0.00539568345323741,0.3683453237410072,,,0.15755395683453238,0.22158273381294963,,,,,,,0.016906474820143885,0.011510791366906475,,,2780.0
82637000,0.011915467625899281,0.05148381294964029,0.0044964028776978415,0.06070143884892086,0.49797661870503596,,,0.10813848920863309,0.17468525179856115,,0.010116906474820143,,,,,0.018884892086330936,,0.053282374100719426,,4448.0
82639000,,,,,0.6034858387799564,,,0.16775599128540306,0.17320261437908496,,,,,,,,,,,2754.0
82640000,0.018995356690586745,0.01561840439003799,0.008864499788940482,0.06880540312368087,0.42211903756859437,,,0.17855635289151542,0.21232587589700294,,,,,,,0.022794428028704093,,,,2369.0
82642000,,0.004120879120879121,,0.07142857142857142,0.6016483516483516,,,0.10027472527472528,0.18086080586080586,,,,,,,,,,,2184.0
82644000,,0.010371650821089023,,,0.5786516853932584,,,0.10458081244598098,0.24157303370786518,,,,,,,0.022904062229904928,,,,2314.0
82646000,,0.022657450076804916,,0.05222734254992319,0.46351766513056836,,,0.1033026113671275,0.29723502304147464,,,,,,,,,,,2604.0
82647000,,0.05115158007498661,,0.021424745581146223,0.5361542581681843,,,0.09292983395822174,0.2062131762185324,,,,,,,0.021424745581146223,,,,3734.0
82648000,,0.006132282084975909,0.005256241787122208,0.039859833552343404,0.6458607095926413,,,0.08694699956197985,0.19185282522996058,,,,,,,,0.0010950503723171265,,,4566.0
82649000,0.024935826916024934,0.0429042904290429,0.007700770077007701,0.017235056839017236,0.365969930326366,,,0.1895856252291896,0.2357902456912358,,,,,,,0.055372203887055375,,,,2727.0
82651000,0.022095238095238095,0.014095238095238095,,0.04380952380952381,0.5973333333333334,,,0.10019047619047619,0.1820952380952381,,,,,,,,,,,2625.0
82653000,,0.008882521489971347,0.013753581661891117,0.0498567335243553,0.4851002865329513,,,0.09426934097421204,0.16189111747851004,,,0.009169054441260744,,,,,0.0020057306590257878,,,3490.0
82654000,,0.026556918776207486,,0.0717502717813325,0.7824196303773878,,,0.05187140860382047,,,,,,,,,,,,6439.0
82655000,,0.012324929971988795,0.008963585434173669,,0.5512605042016807,,,0.12717086834733893,0.19831932773109243,,,,,,,0.03473389355742297,,,,1785.0
82656000,0.019287833827893175,0.024925816023738872,,,0.5296735905044511,,,0.08427299703264095,0.19851632047477744,,,,,,,0.04124629080118694,0.0008902077151335311,,,3370.0
82657000,,0.011627906976744186,,0.018826135105204873,0.5791805094130675,,,0.13953488372093023,0.19878183831672203,,,,,,,0.03156146179401993,,,,1806.0
82658000,,,0.02631578947368421,0.05066771406127259,0.5216025137470542,,,0.13550667714061274,0.2030636292223095,,,,,,,0.025923016496465043,,,,2546.0
82659000,0.03624733475479744,,,0.06538734896943853,0.4292821606254442,,,0.13717128642501777,0.27007818052594174,,,,,,,,,,,1407.0
82700000,0.021743311273262064,0.007794558515753154,0.018428644154081113,0.030759658351716727,0.25476554103738897,0.041834945415464675,0.011324169919113072,0.19302562362124553,0.23016007692742801,0.004225352112676056,0.0210419141354149,0.04426155325527462,0.005588551388653204,0.002782962837264551,0.0038746535437524745,0.02096272413598054,0.019576899145879293,0.056564285310255105,0.011284574919395893,176790.0
82701000,0.017983104246243064,0.007667214988708283,0.02493471250267191,0.032750624994191506,0.2128976496500962,0.06129125194003773,0.01700727688404383,0.23818551872194496,0.19734017341846266,0.005380990882984359,0.03255545952175166,0.010706220202414476,0.003801079915614167,0.003828960697391288,0.0024535087963866507,0.024451445618535145,0.026254402840122305,0.07101235118632726,0.009498052992072565,107601.0
82705000,0.009820359281437126,0.0081437125748503,,0.006826347305389222,0.2952095808383233,0.013532934131736526,0.0033532934131736527,0.15904191616766467,0.43964071856287423,,0.0037125748502994014,,,,,,0.002874251497005988,,,8350.0
82708000,,,,,0.46552901023890786,,0.0061433447098976105,0.07133105802047782,0.20819112627986347,,,,,,,,0.004095563139931741,,,2930.0
82710000,0.06687675070028011,0.01876750700280112,0.01953781512605042,0.04257703081232493,0.2950280112044818,,0.004201680672268907,0.11008403361344538,0.24908963585434174,,0.001330532212885154,0.07584033613445378,,,0.006092436974789916,0.013165266106442577,0.00938375350140056,0.07563025210084033,0.008123249299719889,14280.0
82715000,,,,0.06355283307810107,0.44869831546707506,,0.002297090352220521,0.11919346605410924,0.25778458397141396,,,0.021949974476773864,,,0.009698825931597753,,0.007912200102092905,,,3918.0
82720000,0.042638706858890346,,0.013018785495849715,0.022892092616863258,0.37335080821319355,0.03547400611620795,0.002621231979030144,0.07924858016601136,0.15788553953691567,0.004456094364351245,0.0016601135867190912,0.18470948012232416,,,0.0041939711664482305,0.006815203145478375,0.017562254259501964,0.021756225425950196,0.03031891655744867,11445.0
82725000,0.023026315789473683,,0.017105263157894738,0.017434210526315788,0.309375,,0.0006578947368421052,0.17088815789473685,0.32861842105263156,,0.003618421052631579,,,,0.011513157894736841,0.011677631578947368,0.005756578947368421,0.03305921052631579,,6080.0
82730000,0.0071119013223691525,0.017001889098788754,,0.014779419935548394,0.19791087898655407,,0.0008889876652961441,0.1352372485831759,0.23080342260251138,,0.00333370374486054,,,,0.005445049449938882,0.024224913879319923,0.004333814868318702,0.057339704411601286,,8999.0
82735000,0.0029858385940965708,0.0024739805493943015,0.00042654837058522436,0.037877495307967926,0.3362907353693909,,0.0012796451117556731,0.1372632656543252,0.3728885855656031,,0.006398225558778365,,,,,0.027640334413922538,0.013222999488141955,,,11722.0
82738000,0.0273224043715847,,,0.03415300546448088,0.2609289617486339,,,0.10040983606557377,0.17008196721311475,,,,,,,0.0430327868852459,,,,1464.0
83610000,,0.2014840182648402,,0.016552511415525113,0.5570776255707762,,,0.02682648401826484,,,,,,,,,,,0.003139269406392694,3504.0
83615000,,,,0.034134447927551374,0.49216300940438873,,0.0013932427725531174,0.16231278300243818,0.18007662835249041,,,,,,,0.01079763148728666,0.011494252873563218,,,2871.0
83618000,,,,0.06891701828410689,0.6322081575246132,,,0.19479606188466947,,,,,,,,,,,0.012658227848101266,1422.0
83620000,,0.09084967320261438,,0.015359477124183006,0.29934640522875816,,,0.12450980392156863,0.1650326797385621,,,0.2199346405228758,,,,,0.024509803921568627,,,3060.0
83625000,,0.07097258730754788,,0.04205782951558393,0.47728126173488544,,,0.10401802478407811,,,,0.18325197146075856,,,,,0.006759294029290274,,,2663.0
83630000,,,,0.07863171923589515,0.4238116392714349,0.07774322523322967,,0.24300310972900932,0.12927587738782764,,,,,,,,,,0.015548645046645935,2251.0
83635000,,0.03786086133459536,,0.02839564600094652,0.38476100331282537,0.021533364884051113,0.003076194983435873,0.1273071462375769,0.17297681022243255,,,,,,,,0.010175106483672503,,0.017747278750591577,4226.0
83640000,,,,0.014611236736823796,0.37658723256218474,,0.001217603061401983,0.10801878587580449,0.2412593494520786,,,0.07409984345103496,,,,0.017394329448599758,0.018264045921029745,,0.008001391546355888,5749.0
83645000,0.01798002219755827,0.018423973362930078,0.005327413984461709,0.019089900110987792,0.4048834628190899,0.023085460599334074,,0.2044395116537181,0.19711431742508323,,,0.06459489456159823,,,,,0.009544950055493896,,0.028190899001109878,4505.0
83648000,,,0.001001001001001001,0.05005005005005005,0.3660326993660327,,,0.17017017017017017,0.17951284617951285,0.03303303303303303,,,,,,0.08308308308308308,0.013013013013013013,,,2997.0
83701000,0.013144832150604847,0.01027686877229106,0.0012133691215942934,0.03759605838879288,0.18038754274368496,0.09444056329742251,0.02101334706033754,0.23463984998345405,0.21059308011913078,0.004596095157554142,0.03939772769055411,0.038441739897782844,,0.0035298010810015813,0.0018384380630216569,0.03208074419972791,0.02742949590028312,0.03064676251057102,0.0187520682428209,54394.0
83703000,,,,0.030710603003810805,0.3384891279982067,0.01882985877605918,0.0006724949562878278,0.20376597175521183,0.2600313830979601,,,,,,,,0.01658820892176642,0.05850706119704102,0.013449899125756557,4461.0
83710000,,,,0.005291853752405388,0.1994868505452213,0.052116741500962155,0.0006414368184733803,0.17126363053239255,0.19403463758819756,,0.0025657472738935213,0.1191468890314304,,0.0030468248877485566,,0.014753046824887749,0.04153303399615138,0.1557087876844131,0.023091725465041693,6236.0
84610000,,,,0.06157536985205918,0.39344262295081966,0.026789284286285485,0.003998400639744102,0.2191123550579768,0.17872850859656136,,0.007996801279488205,,,,,0.03318672530987605,0.01639344262295082,,,2501.0
84615000,0.01427712654042681,0.025849113315299068,0.08476104598737602,0.1038473098887887,0.1498346859032161,0.011121130147279832,0.0006011421701232341,0.20168319807634505,0.07529305680793508,0.13119927862939584,0.006011421701232342,0.056958220619176436,,,,0.016080553050796514,0.03892395551547941,0.06447249774571687,0.01427712654042681,6654.0
84620000,,,,0.03740648379052369,0.37572734829592686,0.02493765586034913,0.004987531172069825,0.17622610141313383,0.16417290108063176,,,,,,,0.021612635078969242,0.02535328345802161,,,2406.0
84625000,0.017580144777662874,,,0.05170630816959669,0.33505687693898656,,,0.21199586349534644,0.13598759048603928,,,,,,,,0.03360910031023785,,,1934.0
84630000,,,,0.03931451612903226,0.4223790322580645,0.03881048387096774,,0.1975806451612903,0.20362903225806453,,,,,,,0.03578629032258065,0.028729838709677418,,,1984.0
84635000,,,,0.0364756039791568,0.5116058739933681,0.023211747986736146,,0.18379914732354335,0.16011369019422075,,,,,,0.0028422548555187117,0.041212695405021316,0.01705352913311227,,,2111.0
84640000,,0.1327329678935004,,0.060297572435395456,0.38919342208300706,0.03563038371182459,,0.1667971808927173,0.11667971808927173,,,0.008613938919342208,,,,0.028974158183241974,0.015661707126076743,,,2554.0
84643000,,,,0.05968402574605032,0.30076067875950846,,,0.2018724400234055,0.19660620245757754,0.06260971328262141,,,,,0.007021650087770626,0.0076067875950848445,0.051492100643651256,,,1709.0
84645000,,,,0.03556187766714083,0.32219061166429586,,,0.19630156472261737,,,,,,,,,,,,1406.0
84650000,,,,0.03719676549865229,0.4210242587601078,0.03018867924528302,,0.19784366576819407,0.1450134770889488,,0.00862533692722372,,,,,0.030727762803234502,0.031266846361185985,,,1855.0
84701000,0.01227485812978041,0.00697014557118184,0.0046262028127313105,0.028620774734764372,0.21662965704416481,0.044719960523069334,0.03300024673081668,0.26073279052553666,0.19343696027633853,0.0074636072045398474,0.03867505551443375,0.003700962250185048,,0.004317789291882556,0.009622501850481125,0.050333086602516654,0.05835183814458426,0.012028127313101407,,16212.0
85605000,,,,,0.5532390171258377,,,0.08711839166046165,0.1913626209977662,,,,,,,,0.029784065524944156,,0.06105733432613552,1343.0
85610000,,,,0.038857142857142854,0.42514285714285716,,,0.08114285714285714,0.208,,,,,,,0.128,,,,875.0
85615000,,,,,0.5821862348178137,,,0.0874493927125506,0.20080971659919028,,,,,,,0.027530364372469637,0.048582995951417005,0.011336032388663968,0.0032388663967611335,1235.0
85620000,,,,0.0246189917936694,0.46658851113716293,,,0.1254396248534584,0.26143024618991795,,,,,,,,0.03634232121922626,,,853.0
85623000,,,,0.028277634961439587,0.4524421593830334,,,0.07326478149100257,0.19023136246786632,,,,,,,0.043701799485861184,,,,778.0
85625000,,0.1599552572706935,,0.013422818791946308,0.470917225950783,,,0.08612975391498881,0.19910514541387025,,,,,,,0.040268456375838924,,,,894.0
85628000,,,,,0.4287138584247258,,,0.1296111665004985,0.36191425722831505,,,,,,,,0.014955134596211365,,,1003.0
85632000,,,,0.020657276995305163,0.3352112676056338,,,0.14178403755868543,0.3333333333333333,,,,,,,,0.03943661971830986,,,1065.0
85637000,,,,0.02147766323024055,0.6606529209621993,0.02147766323024055,,0.109106529209622,0.08075601374570447,,,,,,,0.02663230240549828,0.041237113402061855,,0.007731958762886598,1164.0
85642000,0.14235764235764237,0.17432567432567433,0.012487512487512488,0.06343656343656344,0.26173826173826176,,,0.05094905094905095,0.07342657342657342,,,0.00999000999000999,0.026473526473526472,,,0.03296703296703297,,0.10989010989010989,0.003996003996003996,2002.0
85646000,0.018973214285714284,,,0.021205357142857144,0.5122767857142857,,,0.08816964285714286,0.1875,,,,,,,0.10825892857142858,0.03125,,,896.0
85650000,0.014977973568281937,,,0.021145374449339206,0.5312775330396475,,,0.11189427312775331,0.213215859030837,,,,,,,,,,,1135.0
85654000,,0.1227967097532315,,0.01762632197414806,0.3396004700352526,,,0.19036427732079905,0.12162162162162163,,,,,,,,0.012925969447708578,,,1702.0
85701000,0.058190863228699555,0.018462724215246636,0.005395179372197309,0.04137471973094171,0.1850826793721973,0.07605801569506726,0.019338565022421525,0.2868203475336323,0.15004904708520178,0.0020319506726457397,0.03219590807174888,0.01022982062780269,,0.0024523542600896862,0.007111827354260089,0.025574551569506727,0.029358183856502244,0.03664517937219731,0.01110566143497758,28544.0
86550000,,0.10416666666666667,0.0019290123456790122,0.020833333333333332,0.18479938271604937,0.08256172839506173,0.0019290123456790122,0.12770061728395063,0.09799382716049383,,,,,,,,0.05594135802469136,0.12924382716049382,,2592.0
86604000,0.052434456928838954,0.09207240948813983,0.025905118601747816,0.02278401997503121,0.1560549313358302,0.09238451935081149,0.012484394506866416,0.14544319600499375,0.12141073657927591,,,,,,0.018414481897627965,,0.056179775280898875,0.17009987515605493,,3204.0
86609000,,0.07099391480730223,,0.05070993914807302,0.26267748478701824,0.08823529411764706,,0.22210953346855983,0.21805273833671399,,,,,,,0.034482758620689655,0.0436105476673428,,,986.0
86610000,0.009871668311944718,0.019743336623889437,0.0013820335636722605,0.04264560710760119,0.18282329713721618,0.08706811451135242,0.013820335636722606,0.16781836130306022,0.13840078973346495,0.007699901283316881,0.0031589338598223098,0.07620927936821323,,0.004540967423494571,0.007699901283316881,0.010661401776900297,0.07502467917077986,0.08311944718657453,0.01678183613030602,5065.0
86612000,0.0032558139534883722,0.05372093023255814,,0.017674418604651163,0.11372093023255814,0.11162790697674418,0.0011627906976744186,0.12186046511627907,0.08581395348837209,0.005348837209302326,,0.05069767441860465,,,,0.006279069767441861,0.037209302325581395,0.3744186046511628,,4300.0
86615000,,0.02016580775263276,0.002688774367017701,0.015348420345059377,0.11931436253641049,0.06150571364552991,0.002016580775263276,0.07002016580775264,0.13163791171857495,,,,0.012099484651579655,,0.0319291956083352,0.005825677795205019,0.03697064754649339,0.16412726865337218,0.02050190454850997,8926.0
86618000,0.010514665190924184,0.1671278361925844,,0.026009961261759824,0.22136137244050913,0.07802988378527947,,0.1604869950193691,0.09795240730492528,,,,,,0.026009961261759824,0.03431101272827892,0.051466519092418374,,,1807.0
86621000,,0.056594724220623505,0.007194244604316547,0.049400479616306954,0.18081534772182253,0.09400479616306955,,0.16546762589928057,0.12422062350119904,,,,,,,,0.04316546762589928,0.24172661870503598,0.011510791366906475,2085.0
86624000,,0.055738339461970196,,0.0216760209018773,0.15115153861041222,0.03057867234371976,0.0025159667118250435,0.15657054383588156,0.18289142635958971,,,,0.022256628604606154,,,0.004451325720921231,0.04877104702922392,0.2697890458680085,,5167.0
86627000,0.01592920353982301,0.05486725663716814,,0.034513274336283185,0.32831858407079645,0.06991150442477877,,0.24690265486725663,0.18495575221238938,,,,,,,,0.04513274336283186,,,1130.0
86630000,,0.17677253769650306,,0.02406159769008662,0.24510747513634906,0.04491498235482836,0.004491498235482836,0.1286493423163298,0.1806223933269169,0.019890920757138275,,0.07282643567532884,,,,,0.05838947706127687,,,3117.0
86633000,0.0034003091190108192,0.021638330757341576,,0.033075734157650694,0.17279752704791346,0.0856259659969088,0.0027820710973724882,0.11313755795981453,0.11097372488408037,,0.0012364760432766616,,,,,0.009582689335394128,0.05131375579598145,0.08469860896445132,0.022565687789799074,3235.0
86636000,,0.06430868167202572,0.1151710026308097,0.011984799766150248,0.21748026892721425,0.009938614440222157,,0.03010815551008477,0.0941245249926922,0.012861736334405145,,0.09500146156094709,0.1806489330605086,,,0.019877228880444315,0.03127740426775796,,0.01870798012277112,3421.0
86639000,,0.08200382897255903,,0.015315890236119975,0.15124441608168473,0.01021059349074665,,0.18219527760051052,0.2606892150606254,,,,,,,,0.023931078493937462,,,3134.0
86642000,,,,0.03709508881922675,0.2894461859979101,0.08934169278996865,0.00522466039707419,0.1917450365726228,0.1677115987460815,,,,,,,,0.061128526645768025,,,1914.0
86645000,0.005272604891182409,0.10511554857527484,0.01828584249495176,0.014247251514471617,0.10825667489342607,0.09872111285618129,0.004487323311644604,0.14516490913170293,0.08189365043751402,0.006282252636302446,0.006057886470720216,0.2741754543414853,,0.01985640565402737,0.0025802109041956475,0.003028943235360108,0.040498092887592554,0.059905766210455465,0.006170069553511331,8914.0
86701000,0.007663186175734261,0.014166208707333455,0.033950051902057764,0.029920009769799107,0.1684221774439763,0.04817732185381938,0.023905477193625208,0.1702387494657141,0.13557122794162546,0.00635036942052879,0.03543078707944068,0.09009586615375222,0.004869634243145875,0.002701960065946144,0.012761800085485742,0.03498809305733651,0.08806557977651584,0.07834157660133113,0.014395188373939062,65508.0
86706000,0.01051750926257918,0.01697143540098004,,0.012310266523246086,0.10039440659734672,0.005975857535556352,0.007888131946934385,0.07696904505796581,0.10039440659734672,,,0.08210828253854428,,,0.0023903430142225407,0.022230190032269632,0.0556949922313852,0.005975857535556352,0.010995577865423689,8367.0
87604000,,,,0.04401600582029829,0.40705711167697345,0.0625682066205893,,0.17606402328119317,0.16478719534376138,,,,,,,0.024736267733721354,0.028737722808293925,,,2749.0
87608000,0.042071197411003236,0.01430761369443025,0.03031851473343553,0.018054845852495317,0.10219724067450178,0.0744336569579288,0.004939533299267587,0.16181229773462782,0.10185658320558678,,,0.05365355135411344,,,,0.0018736160790325327,0.025378981434167943,0.16964741951967297,0.017032873445750298,5871.0
87612000,,0.2313386798272671,,0.03639728562615669,0.19617520049352252,,,0.1406539173349784,0.16409623689080816,,,,,,,0.013571869216533004,0.024059222702035782,,,1621.0
87616000,,0.10154155495978552,,0.043230563002680966,0.30797587131367293,,0.003686327077747989,0.18096514745308312,0.12768096514745308,,,,,,,0.010388739946380697,0.07171581769436998,,,2984.0
87620000,0.029246424251049598,0.0040560734362769515,,0.012381697858108588,0.12324770511634527,0.11833772148295738,0.0069024407599800755,0.10061908489290543,0.12424393367964136,0.005408097915035936,0.0074717142247207,0.04753433430584217,0.09670532982281363,0.0017789795773144525,,0.010816195830071871,0.050024905714082406,0.23240589198036007,0.020209207998292178,14053.0
87624000,,0.2391304347826087,,0.02543068088597211,0.1689909762100082,,0.005332239540607055,0.1105414273995078,0.15196882690730107,,,,,,,0.01251025430680886,0.026661197703035273,,,4876.0
87626000,0.032768613464110564,,,0.027418635755684352,0.1526972804279982,0.07155595185020062,0.004012483281319661,0.10510477039679002,0.11335265269728043,0.0030093624609897457,0.01214890771288453,0.14210878288007134,0.038564422648238963,0.0027864467231386537,0.008582255907267054,0.011814534106107891,0.0475925100312082,0.17465448060633082,0.021511368702630405,8972.0
87628000,0.022075510625128945,0.1809366618526924,,0.05260986177016711,0.26201774293377345,0.03404167526304931,0.003919950484835981,0.1411182174540953,0.11305962451000619,0.011553538271095523,,,,,,0.013616670105219723,0.03527955436352383,,0.010934598720858262,4847.0
87632000,,0.06975945017182131,,0.028178694158075602,0.22336769759450173,,0.010309278350515464,0.17903780068728523,0.1979381443298969,,,,,,,0.013402061855670102,0.03161512027491409,,,2910.0
87636000,,0.04397098821396192,,0.05213055303717135,0.18087035358114234,0.10199456029011786,0.006346328195829556,0.20172257479601088,0.1672710788757933,,0.009519492293744334,,,,,0.01813236627379873,0.034904805077062555,,,2206.0
87640000,,0.09745179063360881,,0.04442148760330578,0.20867768595041322,,0.0065426997245179065,0.20213498622589532,0.15943526170798897,,,,,,,0.01997245179063361,0.024104683195592287,0.014807162534435262,,2904.0
87644000,0.025918207866631935,0.006251628028132326,,0.024746027611357125,0.10797082573586872,0.03750976816879396,0.004688721021099245,0.13154467309195103,0.09755144568898151,,0.012503256056264652,0.24837197186767387,,,,0.01002865329512894,0.02122948684553269,0.23430580880437615,0.022271424850221412,7678.0
87648000,0.02000487923883874,0.09904854842644548,,0.038789948767992195,0.3049524274213223,,0.005855086606489388,0.1746767504269334,0.15418394730422055,,,,,,,0.016101488167845818,0.016101488167845818,,,4099.0
87652000,,,,0.06057781919850885,0.31174277726001864,0.09412861136999068,,0.21109040074557317,0.13932898415657036,,,,,,,0.016309412861136997,0.024231127679403542,0.05079217148182665,,2146.0
87701000,0.01309388118206333,0.013357982819493481,0.012079174890884323,0.022893441939340023,0.14832781963248173,0.0592143671290762,0.02336604486947819,0.1750854855300103,0.17054015734897557,0.012051374718523255,0.030580189597175504,0.13177281699146534,,0.00428122654360457,0.00971616024019349,0.03636262544827778,0.06817992271552084,0.055238942481443384,0.013552584026020961,71942.0
87710000,0.06230402181322427,,0.03940013633265167,0.011270165871392865,0.11483753692342649,0.07834583049306976,0.006044080890706657,0.08988866166780277,0.11715519200181777,0.01386048625312429,0.0087252897068848,0.031129288798000455,,,0.002226766643944558,0.012042717564189957,0.034310384003635536,0.1619631901840491,,22005.0
87712000,0.055031022390072834,,,0.028594550849743727,0.08848125168599946,0.03506878877798759,0.005125438359859725,0.07984893444834097,0.07688157539789588,,0.014027515511195037,,0.32964661451308336,,0.028055031022390074,0.006474237928243863,0.03506878877798759,,,3707.0
87715000,0.048952345633228256,0.028184683849434452,,0.025959577229742258,0.19043204153532356,0.0897459669942518,0.007046170962358613,0.1620619321342481,0.12701650287409605,0.006860745410717597,0.010940107546819951,0.007787873168922678,,,0.004635638791025403,0.00815872427220471,0.03504542926015205,0.17708140181717041,,5393.0
87723000,0.03868507927651462,,0.06416515553075743,0.0062770260845306175,0.08304273027386433,0.04366020365462408,0.005905054168410285,0.04375319663365416,0.041893337053052496,0.004928627888594411,0.0033012507555679545,0.04923978239642907,0.43678802250430093,,,0.013019017064211652,0.022829776351885434,0.11559027293439346,0.017389687078625565,21507.0
87725000,0.03202315376715526,0.0038589611925434913,0.022095664892789343,0.011919210780194815,0.148601126567703,0.057791055923816635,0.01098559113683752,0.08362119939003516,0.11184763327420409,0.012572744530544923,0.0206952354277534,0.07618336289795537,0.08626645504621418,0.0018049979771574394,0.010363178041265988,0.036037718233591635,0.05281175115924439,0.18600815361155199,0.034543926804219964,32133.0
88604000,,0.05276073619631902,,,0.2752556237218814,0.07934560327198364,,0.03680981595092025,0.17995910020449898,0.033128834355828224,,0.06993865030674846,,,,,0.03844580777096115,0.17586912065439672,0.025766871165644172,2445.0
88608000,,,,,0.5636200716845878,0.06451612903225806,,0.08781362007168458,,,,,,,,,0.010752688172043012,,,1116.0
88612000,0.011782215056430609,0.08297159866054818,0.007689445615775766,0.027781222869899543,0.19099590723055934,0.04725288354210592,0.0021083963785191616,0.07937492248542725,0.12017859357559221,0.005208979288106164,0.001364256480218281,0.3418082599528711,,,,0.009053702095994046,0.032866178841622226,0.027285129604365622,0.012154285005581049,8063.0
88616000,,0.022498060512024826,,0.04266873545384019,0.30023273855702093,0.07680372381691233,0.0023273855702094647,0.18153607447633824,0.14274631497284718,,0.008533747090768037,,,,,0.032583397982932506,0.031031807602792862,0.11016291698991466,,1289.0
88620000,,,,0.0210989010989011,0.2421978021978022,0.03208791208791209,,0.11384615384615385,0.09274725274725275,,,0.24879120879120878,,,,0.023296703296703296,0.018461538461538463,,,2275.0
88624000,,0.08229942100909843,,0.03143093465674111,0.3730355665839537,0.051695616211745246,0.0033085194375516956,0.12531017369727046,0.17369727047146402,,,0.005376344086021506,,,,0.020264681555004136,0.038461538461538464,0.04838709677419355,,2418.0
88628000,0.0068959572450650805,0.13214378070855962,0.0395655546935609,0.02163606585639169,0.19386259805189207,0.02310145677096802,0.0014653909145763296,0.17248513059219034,0.09137143349711231,0.0068959572450650805,0.002930781829152659,0.14214291871390397,,,0.0074131540384449615,0.012585121972243773,0.04990949056115852,0.07301094733212654,0.02189466425308163,11601.0
88632000,0.043111831442463534,0.022042139384116692,,0.038573743922204216,0.28622366288492707,0.04149108589951377,0.002917341977309562,0.12317666126418152,0.21361426256077795,,,,,,,0.019773095623987033,0.051539708265802266,0.1354943273905997,,3085.0
88636000,0.023820430600091615,0.2304168575355016,,0.028401282638570773,0.27164452588181404,0.04168575355016033,,0.09986257443884562,0.13559322033898305,,,0.010535959688502062,,,,0.02244617498854787,0.024736601007787448,,,2183.0
88640000,0.011845386533665835,0.08665835411471322,,0.029301745635910224,0.32231920199501246,0.06296758104738155,0.003117206982543641,0.1415211970074813,0.15586034912718205,,,,,,,0.02119700748129676,0.03740648379052369,0.04551122194513716,,1604.0
88644000,,0.13988095238095238,,0.03333333333333333,0.3279761904761905,0.050595238095238096,0.005357142857142857,0.14226190476190476,0.14642857142857144,,,,,,,0.019642857142857142,0.02976190476190476,,,1680.0
88648000,,0.09787975602672089,,0.02410688353180366,0.20621550972988673,0.07261109497531222,0.0034853325588149867,0.11792041823990705,0.13447574789427824,,0.00551844321812373,0.17659018297995935,,0.00261399941911124,0.006680220737728725,0.014522218995062446,0.03717688062735986,0.062445541678768514,,3443.0
88652000,,0.4433887569279493,,0.02315914489311164,0.1789390340459224,0.03721298495645289,0.0033650039588281866,0.08036421219319081,0.09996041171813143,,,0.052256532066508314,,,,0.017022961203483768,0.029097387173396674,0.018606492478226443,,5052.0
88656000,,,,0.06845238095238096,0.22321428571428573,0.05654761904761905,0.001984126984126984,0.18452380952380953,0.17261904761904762,,0.00992063492063492,,,,,0.027777777777777776,0.0248015873015873,0.14087301587301587,,1008.0
88701000,0.011084730896608042,0.004052807476522449,0.013292603626355346,0.036762593191888335,0.13316799491886824,0.04503455472046214,0.024543681098492295,0.12906982019447427,0.13201869130612306,0.010494956674278282,0.03149999243879202,0.2887474102862673,,0.004037685060565276,0.007016801004128419,0.021685544482586538,0.06263704689461189,0.02976091460371709,0.015077048709301799,66127.0
88705000,,,0.007832673437768979,0.009554140127388535,0.1519194353589258,0.0422620072301601,0.0031847133757961785,0.06662076088827681,0.10354622138061628,0.006025133413668445,0.0018936133585815114,0.47142365295231536,,,0.004217593389567912,0.008176966775692891,0.05474264072990188,0.03899122051988294,0.019280426923739026,11618.0
88715000,0.003953771289537713,,,0.029653284671532845,0.12119829683698297,0.03999391727493917,0.0031934306569343066,0.08728710462287105,0.11070559610705596,,0.0024330900243309003,0.5019768856447688,,,0.01322992700729927,0.010492700729927007,0.0267639902676399,0.022506082725060828,,6576.0
89603000,0.006771314250538628,0.10649430594028932,,0.024007386888273315,0.24992305324715297,0.034164358264081256,0.0043090181594336715,0.08217913204062789,0.1963681132656202,,,,,,,,0.03262542320714066,0.03385657125269314,,3249.0
89605000,0.019925280199252802,,,0.049813200498132,0.37484433374844334,0.052303860523038606,,0.14694894146948942,,,,,,,,,0.048567870485678705,,,803.0
89607000,0.0037369207772795215,0.21076233183856502,,0.011210762331838564,0.1395117090184355,0.011709018435475834,,0.05256601893373194,0.07174887892376682,,,,,,,,0.017438963627304436,0.06253114100647733,,4014.0
89610000,0.028966425279789335,0.08426596445029624,,0.02040816326530612,0.1784068466096116,0.03423304805793285,0.0019749835418038184,0.09545753785385122,0.3140223831468071,,,,,,,,0.03620803159973667,,,1519.0
89613000,0.01542111506524318,,,0.042704626334519574,0.17319098457888493,0.046263345195729534,,0.11743772241992882,,,,,,,,,0.02609727164887307,,,843.0
89616000,0.009603841536614645,,,0.030012004801920768,0.22749099639855944,0.026410564225690276,,0.09183673469387756,0.16686674669867949,,,,,,,,0.03361344537815126,0.030612244897959183,,1666.0
89618000,0.05788982259570495,,,0.03828197945845005,0.22408963585434175,0.04295051353874883,,0.11671335200746966,0.2679738562091503,,,,,,,,0.031746031746031744,,,1071.0
89621000,0.0021819276201941163,0.016627793243548267,0.07260552253404559,,0.13114137386201188,0.004439094123843202,0.0009028666014596344,0.20171544654277332,0.10134677601384395,,0.0075238883454969525,0.34263787525393125,,,,0.004138138590023324,0.02084117071702656,0.026333609209239335,,13291.0
89624000,0.008210180623973728,,,0.024630541871921183,0.23864258347016967,0.047619047619047616,,0.07662835249042145,0.15818281335522716,,,0.3147235905856596,,,,,0.025177887246852763,,,1827.0
89626000,0.006262359920896506,0.17040210942649966,,,0.21160184574818722,0.018787079762689517,0.0026367831245880024,0.0975609756097561,0.15622940013183917,,,0.18391562294001318,,,,,0.023731048121292023,0.06954515491100857,0.007251153592617007,3034.0
89628000,0.046840958605664486,,,0.015250544662309368,0.16666666666666666,0.018518518518518517,,0.10239651416122005,,,,,,,,,0.029411764705882353,,,918.0
89629000,0.008527131782945736,0.10697674418604651,,0.01925064599483204,0.1569767441860465,0.028423772609819122,0.0015503875968992248,0.09909560723514212,0.11098191214470285,0.004651162790697674,,0.20155038759689922,,,,0.00904392764857881,0.027777777777777776,0.20878552971576228,0.01020671834625323,7740.0
89631000,0.00967741935483871,0.21129032258064517,,0.025806451612903226,0.17338709677419356,0.04032258064516129,,0.1064516129032258,0.08790322580645162,,,0.17258064516129032,,,,0.025,0.027419354838709678,,,1240.0
89634000,0.0057049714751426246,0.24938875305623473,,,0.20293398533007334,0.04917142080956262,0.002988318391741375,0.097799511002445,0.16761749524585712,0.0016299918500407497,,0.034229828850855744,,,,0.014126596033686498,0.035316490084216244,0.08095626188535723,,3681.0
89637000,0.0038159847360610556,0.4237863048547806,,0.01399194403222387,0.1456434174263303,0.013143947424210304,,0.06169175323298707,0.14309942760228958,0.004663981344074624,,0.10811956752172991,,,,,0.03646385414458342,,,4717.0
89640000,0.025658338960162053,0.17893315327481432,,0.01350438892640108,0.15698852126941257,0.021269412559081703,0.0013504388926401081,0.06650911546252532,0.07528696826468602,0.008440243079000676,,,,,,,0.02903443619176232,0.08811613774476705,,2962.0
89643000,0.020516074450084604,0.06204173716864072,0.016003948110547096,0.017766497461928935,0.13240270727580372,0.03919909757473209,0.0017625493513818387,0.06465031020868585,0.08439086294416244,,0.0071912013536379014,0.2993513818386915,,,0.010575296108291032,0.007614213197969543,0.03200789622109419,0.19655950366610264,,14184.0
89646000,0.01051156271899089,0.28731604765241764,,0.0350385423966363,0.1702873160476524,0.03714085494043448,,0.11843027330063069,0.1800981079187106,,,,,,,,0.02943237561317449,,,1427.0
89649000,0.03694102397926118,,,,0.2961762799740765,0.05897602073882048,,0.13933895009721323,0.22229423201555412,,,,,,,,0.05897602073882048,,,1543.0
89651000,0.01171875,,,0.028125,0.20859375,0.03515625,,0.28203125,,,,,,,,,0.03359375,,0.07578125,1280.0
89654000,0.01872399445214979,0.059870550161812294,,0.010864539990753583,0.14008321775312066,0.008552935737401757,0.001155802126675913,0.08760980120203421,0.09801202034211742,,,,,,,,0.022191400832177532,0.12390198797965789,,4326.0
89657000,0.004345888121239135,0.31357254290171604,,0.007131713839982171,0.09070648540227323,0.023958101181190104,0.001894361488745264,0.04334744818364163,0.05727657677735681,,,0.395587252061511,,,,0.007577445954981056,0.020615110318698462,0.016714954312458213,,8974.0
89701000,0.020314108549402667,0.014364720247073188,0.020637314754961812,0.03865306806483277,0.1470229117287941,0.029028705499293733,0.02254064018769901,0.12445833034068328,0.1351839881251646,0.006966889319830497,0.030896119131413248,0.23969929852282792,,0.0027891498479733776,0.0076492135315664725,0.026586703057291293,0.07711460652637123,0.04242380712968948,0.013646484234719529,83538.0
90605000,0.022396416573348264,,,0.0761478163493841,0.3762597984322508,,0.0008398656215005599,0.12234042553191489,0.28023516237402013,,0.005599104143337066,,,,0.0016797312430011197,0.019036954087346025,0.007838745800671893,,,3572.0
90610000,0.021048744460856722,,,0.03360413589364845,0.4863367799113737,,,0.1894387001477105,0.1654357459379616,,,,,,,,0.019571639586410634,,0.024741506646971934,2708.0
90615000,,,,0.07407407407407407,0.4267806267806268,,,0.19373219373219372,0.22393162393162394,,,,,,,,,,0.02621082621082621,1755.0
90620000,,,,0.10125,0.421875,,,0.23625,0.156875,,,,,,,,,,,1600.0
90625000,,,,0.04593837535014006,0.4470588235294118,,,0.226890756302521,0.18711484593837535,,,,,,,,0.017927170868347338,,,1785.0
90630000,0.010052910052910053,,,0.020105820105820106,0.34973544973544973,0.040740740740740744,0.0013227513227513227,0.18439153439153438,0.19735449735449737,,0.00753968253968254,0.004629629629629629,,0.0005291005291005291,0.001851851851851852,0.009391534391534392,0.029894179894179893,0.10423280423280423,0.03518518518518519,7560.0
90635000,0.017095696600510905,,,0.033012379642365884,0.3462369817252898,,,0.13637256828453528,0.29416388288465317,,0.0053055610139516604,0.01768520337983887,,,,0.012576144625663196,0.008253094910591471,0.10159166830418549,,5089.0
90640000,0.009824561403508772,,0.08673684210526315,0.024,0.36140350877192984,,0.0005614035087719298,0.15635087719298246,0.1590175438596491,,,,,,0.0014035087719298245,0.03129824561403509,0.023719298245614036,0.004491228070175438,,7125.0
90701000,0.012403972823754052,0.006897674625142468,0.006572033333826729,0.036738258411166534,0.20111310114122471,0.05122929587471691,0.015512366968131559,0.25277165144540326,0.18073091668023505,0.008984739264938793,0.02017495818469782,0.06640121967465475,,0.004144525525836676,0.0036412617119850796,0.018901996773190842,0.04295504669992155,0.05134771088974082,0.0170813659171983,67559.0
91601000,,,,0.012815212897891691,0.22281934683753618,,,0.05663497312939231,,,,,,,,,0.01364200082678793,,,2419.0
91603000,,,,0.027901785714285716,0.3588169642857143,,,0.16796875,,,,,,,,,,,,1792.0
91610000,0.004980630879911455,0.026563364692861097,0.002951484965873455,0.01955358789891164,0.30178933776056077,0.018077845415974913,,0.18409887474635675,0.16989485334809076,0.02176720162331673,,,,,,0.10145729570190001,0.023980815347721823,0.06474820143884892,0.00774764803541782,5421.0
91615000,,,,0.021023403411344704,0.47798492661642206,,,0.064260214200714,,,,,,,,0.024990083300277667,,,,2521.0
91620000,0.006839945280437756,,0.007181942544459644,0.03488372093023256,0.4883720930232558,,,0.13577291381668946,0.1716826265389877,,,,,,,0.03146374829001368,0.010259917920656635,,,2924.0
91623000,,,,0.020937188434695914,0.5333998005982054,,,0.11665004985044865,0.2073778664007976,,,,,,,0.031904287138584245,,,,1003.0
91625000,,0.05397727272727273,,0.017361111111111112,0.37563131313131315,0.03630050505050505,,0.12436868686868686,,,,,,,,0.017361111111111112,,0.027777777777777776,,3168.0
91630000,,,,0.01532567049808429,0.26862494678586635,0.032779906343124735,,0.09237973605789698,,,,,,,,0.02724563644103874,0.01319710515112814,,,2349.0
91635000,0.008043875685557587,,,0.010786106032906764,0.3117001828153565,0.02303473491773309,0.001279707495429616,0.09872029250457039,0.14460694698354662,0.009872029250457038,,0.20914076782449725,,,,,0.016819012797074956,0.041681901279707494,0.03235831809872029,5470.0
91640000,,,,0.022570076447033127,0.504914452129596,,,0.13214415726246814,,,,,,,,0.019293775027302514,0.018565708045140152,,,2747.0
91701000,0.010036754311563471,0.005831212892281595,0.006644048628781454,0.02374893977947413,0.17362878145320892,0.07513429459994346,0.02420836867401753,0.29050042408821036,0.15769013288097258,0.003640090472151541,0.02791914051456036,0.07174158891716144,,0.003781453208934125,0.0032160022618037886,0.025940062199604184,0.059337008764489683,0.026116765620582415,,28296.0
91705000,0.014901783698351772,,,0.04673741250846692,0.38767216075863625,0.022804244750508015,0.0020320614134116052,0.12711673063897042,0.27884398284037026,0.008805599458116957,,,,,,0.018514337322194627,0.02099796793858659,,,4429.0
92601000,0.0055762081784386614,0.05441027374112876,0.043764785400473134,0.03142953700574518,0.17725582967218656,0.04325785738425143,0.004562352145995268,0.07603920243325447,0.09885096316323082,,0.02010814464346063,0.07654613044947617,0.012504224400135181,,0.011321392362284556,,0.029063872930043935,0.2958769854680635,,5918.0
92602000,0.029146206241089816,0.06740060193252019,0.016553144305401554,0.022414066212577223,0.18145097418026296,0.03888800887058451,0.00546491367020434,0.06146047837795026,0.08838903849200064,0.005148107080627277,0.012672263583082528,0.03429431332171709,0.25138602882939964,,0.007048946618089656,0.010613020750831618,0.03793758910185332,0.12696024077300808,0.002692856011405037,12626.0
92604000,,0.09042709867452135,,0.0459499263622975,0.31634756995581736,0.03475699558173785,0.004418262150220913,0.10191458026509573,0.1402061855670103,,0.05508100147275405,,0.09572901325478646,,,0.011782032400589101,0.021796759941089837,0.03475699558173785,,3395.0
92605000,,0.23996620194338825,0.043092522179974654,0.06928601605407689,0.2532741867342628,0.030840726658217153,0.005280946345585129,0.07710181664554289,0.09928179129700042,,0.014152936206168145,,,,0.009294465568229826,0.025137304604985214,0.05809040980143642,0.05238698774820448,,4734.0
92606000,,0.12051333467014237,0.28032885502305993,0.04692199719270102,0.19410467214758373,0.026268297573691597,0.005013033888109084,0.08842991778624423,0.08241427712051333,,0.013033888109083618,0.06276318427912572,,,0.007018247443352717,0.013635452175656707,0.03208341688389813,0.018447964708241428,,4987.0
92607000,,0.29770773638968484,,0.0495702005730659,0.2312320916905444,0.030659025787965616,0.004297994269340974,0.09570200573065903,0.0997134670487106,,0.01518624641833811,,,,0.024068767908309457,0.012320916905444125,0.03008595988538682,0.027793696275071632,,3490.0
92608000,0.05490734385724091,0.00943320936617133,0.02847520390735982,0.020127372268599064,0.11616733970726724,0.02853904965603103,0.028395396721520805,0.04094108633541364,0.07936026559831447,0.013487414406793187,0.02663963863306252,0.09136326634850202,0.22773778551020735,0.001628066591115864,0.007374183971524796,0.03540246763818614,0.050501987198927394,0.12978244561140284,0.009736476672359579,62651.0
92610000,,0.22439313203078745,0.06275902901124926,0.013321492007104795,0.22320899940793368,0.03493191237418591,0.006808762581409118,0.10035523978685613,0.10509177027827117,,0.04144464179988159,,,,,,0.0941385435168739,0.04322084073416223,,3378.0
92612000,,0.12217709179528838,,0.04289195775792039,0.33176279447603574,0.033631194151096666,0.011210398050365557,0.09179528838342811,0.13078797725426483,,0.011047928513403736,,,,0.013647441104792851,0.015434606011372868,0.048415922014622255,0.04029244516653128,,6155.0
92613000,,0.4335216572504708,,0.044821092278719395,0.21581920903954802,0.031638418079096044,0.005649717514124294,0.07909604519774012,0.08173258003766479,,0.012429378531073447,0.0030131826741996233,,,0.015819209039548022,0.01770244821092279,0.01807909604519774,0.01544256120527307,,2655.0
92614000,0.027690371302706105,0.012114537444933921,,0.0355569540591567,0.18376337319068597,0.03382630585273757,0.005821271239773443,0.08511642542479547,0.11626809314033984,0.008653241032095658,0.016362492133417242,0.04137822529893014,0.19304594084329768,,0.010541220893643802,0.01038388923851479,0.05711139081183134,0.14663310258023915,0.015418502202643172,6356.0
92615000,,0.3361406078359575,,0.024533138044672283,0.25338703771512266,0.033870377151226656,0.006407909190772611,0.07140241669718052,0.08128890516294397,,0.016843647015745148,,,,0.030941047235444892,0.010801904064445257,0.021603808128890515,,,5462.0
92617000,0.030063771636805344,0.03654216013766576,0.022370685292033607,0.031177244660390728,0.1783075210041502,0.06063366737524041,0.005719202348415831,0.06250632655127038,0.09672031582143942,0.0032898066605931775,0.018220467658669907,0.13169349124405305,0.07946148395586598,0.0031885818402672336,0.007085737422816075,0.048587913756453084,0.05223200728818706,0.11974896244559166,0.012349428079765159,19758.0
92618000,0.012038629448339727,0.15888345019182432,,0.03082418309300172,0.21576928165101203,0.0867839661330864,0.008069850509326631,0.07977245667416324,0.10702473872205318,,0.0231512104775764,0.14433126074877628,,,,0.009392776822330997,0.04855139568726022,0.03280857256250827,0.01812409048815981,7559.0
92620000,,0.01770573566084788,0.09775561097256857,0.041521197007481296,0.1844139650872818,0.018329177057356608,0.012219451371571072,0.05598503740648379,0.04551122194513716,,0.3750623441396509,0.03341645885286783,,,0.01970074812967581,0.03815461346633416,0.035910224438902745,0.01945137157107232,0.003117206982543641,8020.0
92622000,0.0012939654158334313,0.060698741324550054,,0.031525702858487235,0.21773908951888013,0.07504999411833901,0.0022350311728031994,0.08598988354311257,0.06869780025879309,0.0014115986354546525,0.00917539113045524,0.2075049994118339,,0.0007057993177273262,0.012116221620985766,0.005528761322197389,0.15468768380190565,0.045288789554170095,0.009881190448182567,8501.0
92624000,,0.13850786216125793,,0.05988624958179993,0.29909668785547006,0.06356641017062563,0.005352960856473737,0.09836065573770492,0.13382402141184344,,0.023753763800602207,,,,0.01639344262295082,0.01371696219471395,0.02107728337236534,0.0234192037470726,,2989.0
92626000,0.00935379751004545,0.011889862327909888,0.04268493511626375,0.01745603056452144,0.10618536328305118,0.15025360648178646,0.0029312956985705816,0.03646004874514196,0.06014096568078519,0.002404321190962387,0.008760951188986232,0.3992161254199328,0.03211250905737435,,0.0037217574599828734,0.0016467953362756076,0.03935840853698702,0.07407285422567683,,30362.0
92627000,0.012993986254295533,0.1095360824742268,,0.03812285223367698,0.1792310996563574,0.11265034364261169,0.007087628865979381,0.07893041237113402,0.11211340206185567,,0.013208762886597938,0.13509450171821305,0.07291666666666667,,0.009987113402061855,,0.04478092783505155,0.04241838487972509,,9312.0
92628000,0.0059741434548264295,0.02436772077946553,0.0033922581131506538,0.015868229618182503,0.07419622328596735,0.019185104217707586,0.00216727601673514,0.041197090196374055,0.07165202970110437,0.002525347706456598,0.002563039463269383,0.20355433266744563,,0.0003392258113150654,0.007877577173872075,0.012344050356187101,0.06695940597791263,0.4375259130828088,0.008311032377219103,53062.0
92629000,,0.14794816414686826,0.31533477321814257,0.029157667386609073,0.18286537077033838,0.040316774658027354,0.004679625629949604,0.091792656587473,0.08783297336213103,,0.016198704103671708,,,,,0.01079913606911447,0.01331893448524118,0.012958963282937365,,2778.0
92630000,,0.09806397306397306,,0.04882154882154882,0.20875420875420875,0.04292929292929293,0.005050505050505051,0.13005050505050506,0.11447811447811448,,0.013468013468013467,,,,,,0.037037037037037035,0.04461279461279461,,2376.0
92632000,,0.011045364891518738,,0.09546351084812624,0.3136094674556213,0.060749506903353054,0.00631163708086785,0.1341222879684418,0.1341222879684418,,0.06469428007889547,,,0.007889546351084813,0.04260355029585799,0.011045364891518738,0.03629191321499014,,,2535.0
92633000,,0.12080986859747922,,0.0356663984982569,0.3027621346205417,0.029900777688388308,0.0054974524001072675,0.06503083936712255,0.09734513274336283,,0.006301957629391257,0.22003218020917137,,,0.01327433628318584,0.014481094127111826,0.025341914722445697,0.015956020380799144,,7458.0
92634000,,0.04218219116610039,0.023527149176229247,0.02577088274889416,0.0909032630296814,0.015193281620616707,0.001218026796589525,0.047887685108019745,0.04173344445156741,0.006731200717994743,0.09327520994935573,0.17398551189178793,,,0.005449067247900507,0.004359253798320405,0.14404769536508752,0.28277453682928394,,15599.0
92636000,0.034658376876777565,0.027515047291487533,0.011971691249421258,0.017263046497784245,0.1872478338514452,0.035650505985845626,0.00621734241682651,0.05536080428599775,0.1388980752695284,0.005688206891990211,0.012633110655466632,0.015344930220252663,0.2510086645942192,,0.010516568556121436,0.025663072954560488,0.03948673854090879,0.10807593094781401,0.01607249156690257,15119.0
92638000,,0.135808345232429,,0.0563223861653181,0.2527367920038077,0.03395208630810725,0.006980802792321117,0.08043788672060924,0.11661113755354593,,0.01776931619863557,0.17959701729335237,,,0.01824528002538474,,0.03046168491194669,0.02237029985721085,,6303.0
92639000,0.013489208633093525,,,0.04154676258992806,0.1658273381294964,0.03974820143884892,0.0028776978417266188,0.11366906474820145,0.13327338129496402,,0.013489208633093525,0.31510791366906477,0.029316546762589928,,0.008633093525179856,0.016007194244604315,0.03147482014388489,0.04136690647482014,0.019784172661870502,5560.0
92640000,0.016104294478527608,0.10122699386503067,0.012269938650306749,0.062116564417177916,0.3243865030674847,0.037576687116564415,0.0043456032719836404,0.12551124744376277,0.11733128834355828,,0.025051124744376277,,0.017382413087934562,,0.022494887525562373,0.010991820040899795,0.04677914110429448,0.03450920245398773,,3912.0
92642000,,0.17584605175846052,,0.05872594558725946,0.2664233576642336,0.05242203052422031,0.0072992700729927005,0.10982083609820836,0.11247511612475117,,0.010617120106171201,,,,0.013271400132714002,0.0092899800928998,0.024220305242203054,0.0776376907763769,,3014.0
92644000,0.025648151824353833,0.009780177604849062,0.11545638623099218,0.01832956154630034,0.12368814600124403,0.039623615357128675,0.007556808406453065,0.03910747607892961,0.06969203689734121,0.005386376569923638,0.00786119823718585,0.3969111049350856,0.0018925106867299269,0.001019044215931499,0.011857969058111989,0.014915101705906486,0.04699514299704874,0.05097867947750824,0.01330051216897606,75561.0
92645000,,0.02500762427569381,0.0878316559926807,0.0384263494967978,0.17383348581884722,0.028057334553217444,0.0036596523330283625,0.07746264104910033,0.07990240927111925,,0.011893870082342177,,0.2824031716986886,,,,0.020128087831655993,0.13113754193351632,,3279.0
92646000,0.021589486858573217,0.046829370045890696,0.012724238631622862,0.020233625365039632,0.19378389653733835,0.04224030037546934,0.006257822277847309,0.06591572799332499,0.10763454317897372,,0.012307050479766374,0.012307050479766374,0.24155193992490614,,,0.025552774301209846,0.04578639966624948,0.12150604922820192,,9588.0
92648000,,0.11995637949836423,0.02554915095809316,0.01822713818351768,0.23928960897336032,0.028353326063249727,0.003115750116840629,0.10219660383237264,0.07851690294438386,,0.012307212961520486,0.07462221529833307,,,0.015422963078361116,0.007789375292101573,0.25019473438230255,0.01059355039725814,,6419.0
92650000,,0.08129285014691479,,0.06301012079660463,0.3137446947437153,0.06692784851452824,0.009141364675155077,0.1354880835781913,0.14332353901403852,,0.04048318641854391,,,,0.009467841984982043,0.008488410055501142,0.034280117531831536,,,3063.0
92652000,,0.27982617856202263,0.03160389781406373,0.035159336318145905,0.1902818014221754,0.058862259678693706,0.0039504872267579665,0.08045825651830392,0.0957334737951014,,0.016592046352383462,,,,0.03068211746115354,0.026863313141954174,0.04082170134316566,0.06768501448511983,,7594.0
92653000,0.029884684099399057,0.1031346434952087,,0.05181094688971902,0.1812571057333117,0.04385252558063992,0.005359753126522657,0.08494396621731362,0.10914406366737048,,0.018353094039304855,0.0129933409127822,0.15413350657787883,,,0.02468734773428618,0.0324833522819555,0.12798440799090466,,6157.0
92654000,,,,0.025852272727272727,0.21477272727272728,0.035227272727272725,0.005681818181818182,0.08380681818181818,0.0971590909090909,,,0.3508522727272727,0.02130681818181818,,,0.01278409090909091,0.026988636363636364,0.020738636363636365,0.027556818181818182,3520.0
92655000,,0.09057363300905737,,0.07011070110701106,0.2864810466286481,0.061053337806105334,0.00872190540087219,0.14223414961422343,0.15397517611539752,,0.015095605501509561,,,,0.02214022140221402,0.013753773901375378,0.03857765850385777,0.019456558201945657,,2981.0
92656000,,0.1410090556274256,0.08063820612332902,0.039241052177662786,0.2785683484260457,0.03708495040965933,0.01250539025442001,0.10780508840017249,0.10564898663216904,,0.015092712376024149,,,,,,0.03147908581285037,,,2319.0
92657000,0.022312238528454743,0.20047811939703833,0.009628793412577196,0.012683445115877549,0.07218274785842353,0.003652300949598247,,0.027359054386081414,0.030612922504814396,,,0.14317019722425128,0.01168736303871439,,0.0033202735905438607,0.006906169068331231,0.1005378843216681,0.3510857294641078,,15059.0
92658000,,0.015084294587400177,,0.052647145814847675,0.2670807453416149,0.03253475303164744,0.00354924578527063,0.1106181603076013,0.10204081632653061,,0.01892931085477669,,0.23484176279207336,,0.02839396628216504,0.006211180124223602,0.022182786157941437,0.037267080745341616,,3381.0
92659000,0.006420281504650589,0.04395423491645403,0.006091036299283891,0.021236315746151948,0.19705325541196805,0.07029385134578978,0.010453535270392625,0.09046012017449996,0.13935303317145445,0.0006584904107333937,0.018437731500535022,0.2323648036875463,,0.00567947979257552,0.008231130134167422,0.013745987324059593,0.05588937361099679,0.06469668285455593,,12149.0
92701000,0.02615313584439182,0.002919142725228244,0.03257822855696052,0.022459526681858123,0.15649285852583292,0.024651862442845868,0.055439882042804166,0.08998108514662735,0.10655466690496403,0.014315714221884634,0.03650715636775241,0.18236897368303473,0.004012331888655556,0.005445094797670643,0.010681679400682126,0.054016055284988755,0.1014104225310159,0.06530241425018245,0.008700832551420103,335715.0
92730000,0.021457508587624578,0.0020949182827831605,0.03759300050832576,0.013355104052742648,0.12994654877616724,0.02412236787381198,0.018014756850844898,0.036029513701689796,0.07707296785224664,0.008995825567245336,0.015750396648130747,0.3875829880312389,0.002064110660977526,0.0026263497589303596,0.00478288328532479,0.021603844791201345,0.1197184183366965,0.05998243965557079,0.017221460589349806,129838.0
93605000,,,,0.059349074664964904,0.597319719208679,,,0.11805998723675813,,,,,,,,,,,,1567.0
93610000,,0.01034037052994399,,0.08573890564411892,0.45454545454545453,,,0.08444635932787592,0.33950883239982765,,,,,,,0.02068074105988798,,,,2321.0
93615000,,,,0.07750085353362922,0.599863434619324,,,0.099351314441789,0.15227039945373846,,,,,,,0.017753499487879822,,,,2929.0
93620000,,,,0.03445575567736883,0.45653876272513705,,,0.09827721221613156,0.18089271730618636,,,,,,,0.02779953014878622,,,,2554.0
93622000,,0.0034158838599487617,,0.036720751494449186,0.5092513521206946,0.003700540848277825,,0.13692001138627954,0.15855394249928836,,0.004554511813265016,,,,,0.02305721605465414,0.007970395673213778,,,3513.0
93625000,,,,0.08029197080291971,0.48722627737226276,,,0.10857664233576643,0.15237226277372262,,,,,,,,,,,1096.0
93630000,,,0.006042296072507553,0.06117824773413897,0.506797583081571,,,0.13972809667673716,0.14501510574018128,,,,,,,0.07099697885196375,,,,1324.0
93635000,,0.0241884150222788,,0.04392106938255888,0.5238701464035647,0.012730744748567792,,0.196053469127944,,,,0.002546148949713558,,,,0.012730744748567792,,,,1571.0
93638000,,0.008215085884988798,,0.1157580283793876,0.5772964899178491,,,0.1321882001493652,,,,,,,,,,,,1339.0
93640000,,0.016981132075471698,,0.07594339622641509,0.48160377358490564,,,0.21132075471698114,0.18867924528301888,,,,,,,,,,,2120.0
93643000,,,,,0.40253164556962023,,,0.2,,,,,,,,,,,,395.0
93645000,,0.01566951566951567,,0.04985754985754986,0.5811965811965812,,,0.17592592592592593,,,,,,,,,,,,1404.0
93650000,,0.025587248322147652,,0.0398489932885906,0.2558724832214765,,,0.10486577181208054,,,,,,,,0.051174496644295304,,,,2384.0
93654000,,0.015420717398592021,,0.05263157894736842,0.4790479383171304,,,0.16392893060677172,0.21521957760643648,,,,,,,,,,,2983.0
93656000,,,,0.06674473067915691,0.4672131147540984,,,0.2107728337236534,,,,,,,,0.0351288056206089,,,,854.0
93657000,,,,0.06481481481481481,0.4666666666666667,,,0.13055555555555556,0.175,,,,,,,0.0962962962962963,,,,1080.0
93658000,,,,0.07160909856781802,0.5897219882055602,,,0.14406065711878685,,,,,,,,0.04633529907329402,,,,1187.0
93701000,0.010598366085228527,0.005583067848468599,0.048134245970412895,0.037062738542093805,0.21537393937482258,0.043497460808125415,0.022521527931110622,0.25183736554900166,0.19468189130366212,0.004889127211935779,0.02854619436646374,0.012112418383118316,0.020912847364602718,0.011702362552439833,0.011071507428319086,0.02195375831940195,0.016055262908872978,0.036873482004857586,,31703.0
93703000,,,,0.04503956177723676,0.5709068776628119,,,0.1898965307364577,0.027388922702373707,,,,,,,,,,,1643.0
94502000,,0.22247838616714696,,0.031988472622478385,0.2962536023054755,0.029971181556195964,0.006628242074927954,0.06023054755043228,0.20288184438040346,,,0.016426512968299712,,,,0.03112391930835735,0.0484149855907781,0.03804034582132565,0.007492795389048991,3470.0
94504000,0.04143600067102835,0.10920986411675894,,0.028183190739808756,0.2323435665156853,0.028854219090756583,0.0050327126321087065,0.11256500587149806,0.1229659453111894,,0.003355141754739138,0.13303137057540682,0.0055359838953195776,,0.016943465861432645,0.01610468042274786,0.020298607616171783,0.11021640664318068,0.009058882737795673,5961.0
94506000,0.009440104166666666,0.3880208333333333,,0.037109375,0.24576822916666666,0.020182291666666668,0.0068359375,0.07259114583333333,0.08756510416666667,,,0.059895833333333336,,,,0.043294270833333336,0.021809895833333332,,,3072.0
94508000,0.027686941356006103,,,0.042947460213647266,0.21996947896228472,0.015478526269893177,,0.03597122302158273,0.002616088947024199,0.020928711576193592,,0.1986047525615871,0.20972313058643993,,,0.025506867233485938,0.016786570743405275,,,4587.0
94510000,,0.4488099735549679,,,0.19267094824329428,,,0.04760105780128447,0.09860219115980355,,,0.16093690970910465,,,,,,,,2647.0
94512000,0.06268436578171091,0.18436578171091444,,0.043510324483775814,0.30678466076696165,0.05457227138643068,,0.10545722713864307,0.1290560471976401,,,,,,,0.032448377581120944,0.028023598820058997,0.01327433628318584,,1356.0
94514000,0.04549082202713488,0.1831604150039904,,0.03471667996807662,0.30646448523543496,0.035115722266560255,0.0031923383878691143,0.10015961691939346,0.10095770151636073,,,0.003591380686352753,0.05227454110135674,,,0.023543495610534718,0.050678371907422186,0.0446927374301676,,2506.0
94516000,0.008330918574326282,0.15437554332077658,0.010141987829614604,0.027455809910170964,0.17190669371196754,0.024630541871921183,0.0021008403361344537,0.10439003187481889,0.08164300202839757,0.006085192697768763,0.004129237902057375,0.1022167487684729,0.08222254419008983,0.0005070993914807302,0.0012315270935960591,0.01905244856563315,0.04737757171834251,0.1513329469718922,0.0009417560127499276,13804.0
94518000,0.03799551234106208,0.03784592370979806,,0.03216155572176515,0.25086013462976814,0.035302916978309645,0.006133133881824981,0.08421839940164548,0.09274495138369485,0.0019446522064323112,,0.08945400149588631,0.15706806282722513,,,0.01600598354525056,0.03694839192221391,0.10979805534779356,0.002243829468960359,6685.0
94520000,0.04374649467190129,,0.0014021312394840158,0.01878855860908581,0.21116096466629278,0.03140773976444195,0.003925967470555244,0.0978687605159843,0.08693213684800898,,0.003925967470555244,0.16797532249018507,0.04795288839035334,,0.0361749859786876,0.014862591138530567,0.030005608524957934,0.07683679192372406,0.12450925406618059,3566.0
94522000,0.02497398543184183,0.09469302809573361,,0.025320846340617414,0.18487686437738468,0.019771071800208116,,0.05723204994797086,0.10509885535900104,,,,0.42108914325355534,,,0.014915019077349982,0.01699618453000347,0.025320846340617414,,2883.0
94524000,0.04505813953488372,0.08255813953488372,,0.030523255813953487,0.2552325581395349,0.034593023255813954,0.006686046511627907,0.08546511627906976,0.11686046511627907,,,0.2372093023255814,0.020930232558139535,,,0.02005813953488372,0.04883720930232558,0.005813953488372093,0.0008720930232558139,3440.0
94526000,0.04823257350512058,0.012553683515031383,,0.036339610175090846,0.34852989758837133,0.03865213082259663,0.005285761480013214,0.1288404360753221,0.17905517013544764,,0.00726792203501817,,,,,0.025107367030062767,0.0370003303600925,0.008919722497522299,0.1047241493227618,3027.0
94528000,0.046689895470383276,0.11219512195121951,,0.050174216027874564,0.3310104529616725,0.06132404181184669,,0.13519163763066203,0.1602787456445993,,,,,,,0.03484320557491289,0.023693379790940768,,,1435.0
94530000,0.05853658536585366,0.04320557491289199,,0.05435540069686411,0.2961672473867596,,0.006968641114982578,0.14634146341463414,0.18815331010452963,,,,,,,0.03554006968641115,0.059233449477351915,0.015331010452961672,,1435.0
94533000,0.052551020408163264,0.075,,0.03188775510204082,0.32448979591836735,0.03316326530612245,0.00739795918367347,0.0933673469387755,0.14744897959183673,,,0.05663265306122449,,,,0.0336734693877551,0.027551020408163266,0.06862244897959184,,3920.0
94535000,,0.24450811843361986,,0.03127984718242598,0.2695797516714422,,,0.09527220630372493,0.09121298949379178,0.0052531041069723014,,0.042263610315186245,,,,,0.012177650429799427,0.18433619866284623,,4188.0
94537000,0.03532277710109622,0.21607795371498173,,0.02971985383678441,0.24604141291108406,,,0.045797807551766136,0.05943970767356882,,,0.08501827040194884,0.11912302070645554,,,0.023629719853836783,0.037758830694275276,0.07113276492082826,,4105.0
94539000,0.04758961681087762,0.14276885043263288,,0.0377008652657602,0.3207663782447466,0.04264524103831891,0.006180469715698393,0.13411619283065512,0.14956736711990112,,,,,,,0.032756489493201486,0.06613102595797281,,,1618.0
94541000,0.045129334067143645,,,,0.33076499724821135,0.050082553659878924,,0.11172261970280682,0.2553659878921299,,,,,,,0.02971931755641167,0.02476609796367639,,,1817.0
94544000,0.01247220342260466,0.14473556995069128,0.010248477230977472,0.020400270714492894,0.19849173353959199,0.03596635405588321,0.003867349898482065,0.06390795707241613,0.07966740790873054,0.0010635212220825678,,0.32292371652325247,0.0031905636662477037,,,0.014115827129459538,0.03906023397466886,0.04109059267137194,0.005220922362950788,10343.0
94546000,0.035157545605306796,0.22388059701492538,,0.04046434494195688,0.34228855721393037,0.026533996683250415,0.003648424543946932,0.08225538971807629,,,,0.002321724709784411,0.042786069651741296,,,0.02155887230514096,0.05207296849087894,,,3015.0
94548000,0.08928571428571429,0.013605442176870748,,0.05442176870748299,0.32908163265306123,,,0.1522108843537415,0.22534013605442177,,,,,,,0.03571428571428571,0.027210884353741496,,,1176.0
94550000,0.016510596352883194,0.03844258255298177,,,0.25800887136520456,0.03671759487432233,0.0032035485460818135,0.06998521439132578,0.19837358304583538,0.007146377525874815,,0.016264169541646133,0.22375554460325284,,,0.014046328240512568,0.025381961557417447,0.05717102020699852,,4058.0
94552000,0.055031446540880505,0.07232704402515723,,0.046645702306079666,0.3259958071278826,0.029350104821802937,0.006289308176100629,0.10482180293501048,0.139937106918239,,,,,,,0.0220125786163522,0.07127882599580712,0.0319706498951782,,1908.0
94701000,0.0176680360950809,0.004011903184222257,0.012535691481030805,0.020469139669650496,0.14180210353842632,0.03126995409804465,0.025908702095104996,0.08672578099586761,0.11465850631904871,0.006578075491247304,0.026999024131657893,0.29743503246870595,0.02334252978807995,0.002373408190065419,0.005144392371360071,0.038299820488416084,0.08305121501632472,0.05302820379986266,0.008692456899148224,166006.0
94710000,0.015602085709630113,0.008432458856118624,0.009573081310086362,0.019879419912009123,0.1255499429688773,0.03043017761121069,0.0053364836239204825,0.05169463907446635,0.09353104122535441,0.008432458856118624,0.00224050839172234,0.5016701971647385,,,0.008554668404758025,0.007699201564282223,0.04216229428059312,0.041347563956330456,0.010958122861332898,24548.0
94720000,0.021665349388628016,0.015435399135245711,0.003207959458831187,0.027151424984890045,0.1618857222557999,0.05281510065553954,0.008182621228323028,0.05950997256962202,0.12641219954437677,0.008275605560463061,0.02375749686177879,0.3494351201822493,,0.0014412571481705332,0.01613278162629597,0.020038123576177413,0.05044400018596867,0.052489655493049424,0.0017667023106606537,21509.0
94730000,0.025207562268680605,0.009302790837251175,,0.011903571071321397,0.2235670701210363,0.049914974492347705,0.009502850855256578,0.08212463739121736,0.13824147244173252,0.008502550765229568,0.0023006902070621185,0.29058717615284585,,,,0.019905971791537462,0.038811643493047915,0.05911773532059618,0.009302790837251175,9997.0
94740000,0.008914819136522754,0.009474912485414235,,0.019743290548424736,0.13474912485414237,0.031878646441073515,0.013815635939323221,0.07374562427071178,0.08877479579929988,0.002473745624270712,0.003687281213535589,0.5013768961493582,,,0.009054842473745625,0.011575262543757292,0.0441073512252042,0.02851808634772462,0.016196032672112018,21425.0
95605000,,,,0.017072615524698385,0.26769861142727064,0.03642157978602322,0.0029592533576143867,0.11495561119963578,,,,0.00933302982016845,0.39562941042567723,,,0.00933302982016845,0.02276348736626451,,,4393.0
95608000,0.023877917414721724,,0.02423698384201077,0.04937163375224417,0.3488330341113106,0.03321364452423698,0.0037701974865350088,0.16319569120287253,0.1533213644524237,,0.008797127468581687,,,,0.004488330341113106,0.014901256732495512,0.014901256732495512,0.0696588868940754,0.01651705565529623,5570.0
95612000,,,,0.02395871728713601,0.32510136380390714,0.018798378179137487,0.002948765204570586,0.16549944710652414,,,,,0.19830446000737192,,,0.03059343899741983,0.010689273866568375,,,2713.0
95615000,,,,0.03518728717366629,0.42905788876276957,0.04540295119182747,,0.23382519863791146,0.16799091940976163,,,,,,,0.032917139614074914,0.0170261066969353,,0.0170261066969353,1762.0
95620000,,,,0.05052748473070516,0.31371460299833426,0.043309272626318715,0.004997223764575236,0.25930038867295946,,,,,,,0.021654636313159357,,0.02387562465297057,,0.020544142143253747,1801.0
95625000,0.015503875968992248,,,0.04468764249886001,0.32558139534883723,0.03784769721842225,0.00364797081623347,0.23073415412676698,0.146374829001368,,,,,,,,0.022799817601459188,,0.013223894208846329,2193.0
95630000,0.011224057602710715,,,0.0349428208386277,0.3117323168149089,0.0169419737399407,,0.21050402371876323,0.10207539178314273,,,0.12685302837780602,0.0349428208386277,,,0.029436679373146972,0.025201185938161796,,0.04976704786107582,4722.0
95635000,0.007883565797453002,0.06973923590054579,,0.024863553668890235,0.22417626844552255,0.041237113402061855,0.004649282393369719,0.12209419850414392,0.20436628259551243,0.011522134627046696,,,0.14978775015160703,,,0.015564988882150799,0.019405700424499697,0.05700424499696786,0.003840711542348898,4947.0
95701000,0.021669100592732582,0.002942187097328408,0.02989433897431492,0.03695988317154884,0.1652349454514217,0.05018898720041234,0.0243535778713169,0.1846276093119148,0.1478824843226527,0.0025126707327549178,0.026780345331157116,0.042414741001632165,0.005132720556653208,0.0026200498238982905,0.006764882742032472,0.029207112790997337,0.07138561979211408,0.1384546001202646,0.010952667296624,46564.0
95702000,,,,0.022439820481436147,0.21256629946960423,0.10077519379844961,0.00448796409628723,0.13259893920848634,0.1689106487148103,,,,,,,0.00448796409628723,0.03508771929824561,,,2451.0
95708000,0.05016957829397837,,0.010046714020605363,0.013374288091124335,0.12401612593588021,0.07192679337044858,0.006527164522941064,0.07013502271709221,0.09835541050745504,0.02022141165930761,0.00390350035195495,0.41101938951814165,,,,0.013950214372560311,0.02815639598131439,0.056056824726435014,0.014718116081141614,15627.0
95709000,,,,0.0060377358490566035,0.13056603773584904,,0.0033962264150943396,0.08075471698113207,0.14943396226415095,,,,0.4422641509433962,,0.0015094339622641509,,0.009811320754716982,,,2650.0
95715000,0.007984514880232278,,,0.00959754818937011,0.21082345350431486,0.020808129687878055,0.0063714815710944435,0.1213001048471651,0.12363900314541496,,0.0021775949673360755,0.11573513993063957,0.2289700782321155,,,0.010242761513025243,0.04121300104847165,0.059520929107186066,,12399.0
96602000,,0.007551553877432472,,0.03252977054893988,0.66279407493465,0.027592216090618647,0.0021783328492593667,0.10078419982573338,0.13462097008422888,,,,,,,,,,,6886.0
96604000,,,,0.06771879483500717,0.5196556671449067,0.03787661406025825,,0.17474892395982783,,,,,,,,,,,,3485.0
96607000,,0.013306451612903225,,0.04112903225806452,0.6661290322580645,0.03602150537634408,,0.10631720430107527,0.11599462365591398,,,,,,,,,,,7440.0
96610000,,0.01907223697079782,0.03129802990079642,0.02591868101159704,0.5700712589073634,0.025429649294397092,0.0014670951515998324,0.06818499371244935,0.1543942992874109,,0.007894369149084812,0.004401285454799497,,0.000698616738857063,0.001606818499371245,,0.0012575101299427134,0.06853430208187788,0.0076847841274276935,14314.0
96611000,,,0.02576808721506442,0.1199207135777998,0.3528245787908821,,,0.3528245787908821,,,,,,,,,,,,1009.0
96612000,,0.005904509823882724,0.0045810852081848725,0.05507482439173369,0.6871627812277309,0.02168380331874173,,0.06820726865519698,0.12684515931996335,,,,,,,,,,,9823.0
96616000,,0.0056002800140007,0.006300315015750788,0.0392019600980049,0.5593279663983199,0.03167658382919146,,0.11498074903745187,0.2023101155057753,,,,,,,,0.0005250262513125656,0.007350367518375919,,5714.0
96622000,,0.00989068193649141,,0.04823876453236162,0.4969633871247614,0.03053964948811383,,0.23529411764705882,0.12753774076002083,,,,,,,0.015269824744056915,0.0005205622071837585,,,5763.0
96625000,,0.00046941010796432484,0.008136441871381631,0.03551869816930058,0.6341730558598029,0.021279924894382726,,0.11250195587544985,0.1533406352683461,,,,,,,,,,,6391.0
96628000,,,,0.03881064162754304,0.4131455399061033,0.038184663536776214,,0.22785602503912364,0.24663536776212833,,,,,,,,,,,3195.0
96631000,,,,0.01880141010575793,0.5409322365844105,,0.005875440658049354,0.12690951821386603,0.14492753623188406,,,,,,,,,,,2553.0
96634000,,0.0006907440299980265,0.0033550424314189855,0.031182159068482335,0.6787053483323465,0.03049141503848431,0.001874876652851786,0.09739490822972173,0.11940003947108743,,,0.001874876652851786,,0.0005920663114268798,,,0.001381488059996053,0.016577856719952634,,10134.0
96637000,,0.0002566735112936345,0.0018822724161533196,0.029603011635865845,0.5291752224503764,0.018394934976043806,0.0014544832306639288,0.09317248459958932,0.19464407939767284,,,0.09017796030116358,,0.0005989048596851471,,0.004021218343600274,0.001026694045174538,0.01634154688569473,,11688.0
96640000,,0.009001768204468736,0.004179392380646198,0.041793923806461984,0.5556984407651503,0.05079569201093072,,0.12811445105288538,0.1811605851149333,,,,,,,,,,,6221.0
96691000,,,,,0.37117117117117115,,,0.5027027027027027,,,,,,,,,,,,555.0
96701000,0.011088341179728607,0.009426751592356689,0.019562448075325395,0.040963721960675714,0.26228745499861533,0.030739407366380506,0.012506230960952644,0.30201052340072004,0.17827748546109112,0.0028247022985322624,0.020548324563832734,0.004896150650789255,0.021235114926613126,0.0032456383273331488,0.005206314040432014,0.02120188313486569,0.009659374134588757,0.032700083079479365,0.011620049847687622,90275.0
96702000,,,0.007659840550257933,0.034703767390964514,0.5976238861966546,0.026105987181491323,,0.08394559949976552,0.13975300922307332,,,0.04048772862279194,,,,,0.04111302172893544,,,6397.0
97503000,,0.18646864686468648,,0.024752475247524754,0.2896039603960396,,,0.14521452145214522,0.25,,,,,,,,,,,1212.0
97505000,0.014150943396226415,0.09905660377358491,,0.05817610062893082,0.31839622641509435,,0.012578616352201259,0.1289308176100629,0.15330188679245282,,,,,,,,0.07389937106918239,,,1272.0
97507000,,0.031140768986336193,,0.028598665395614873,0.3736892278360343,0.03876707975850016,0.012392755004766444,0.11566571337782014,0.2513504925325707,,,,,,,0.04003813155386082,0.055926278995869085,,0.005401970130282809,3147.0
97510000,0.011187214611872146,0.09360730593607305,0.05593607305936073,0.031735159817351595,0.2182648401826484,0.02442922374429224,0.0073059360730593605,0.08972602739726028,0.13013698630136986,,,0.2461187214611872,,,,0.015068493150684932,0.03949771689497717,0.023059360730593607,,4380.0
97513000,0.012548680225010819,0.057983556901774126,0.17914322803980962,,0.25530073561228905,0.03678061445261791,0.008221549112938122,0.1181306793595846,0.187797490263955,,,,,,,0.028991778450887063,0.040242319342276074,0.027260926006057985,,2311.0
97516000,,0.06890299184043518,,0.043517679057116954,0.43789664551223934,,,0.08975521305530372,,,,,,,,,0.041251133272892114,,,2206.0
97519000,0.009983361064891847,,,0.024126455906821963,0.1834442595673877,0.058652246256239604,0.0074875207986688855,0.17678868552412647,0.11397670549084858,,,0.2795341098169717,,,,0.012479201331114808,0.05033277870216306,0.040349417637271213,,2404.0
97521000,0.023255813953488372,0.01568415359653867,,,0.3791238507301244,0.04056246619794483,0.018929150892374257,0.1444023796646836,0.19361817198485667,,,,,,,,0.06976744186046512,,,1849.0
97524000,,,,0.02531645569620253,0.2109704641350211,0.047619047619047616,0.009644364074743821,0.10367691380349608,0.13261000602772754,,,,,,,0.03375527426160337,0.024110910186859555,,,1659.0
97526000,,,,0.034045922406967535,0.3056215360253365,0.0688836104513064,0.011084718923198733,0.12747426761678543,0.15122723673792557,,,,,,,0.034045922406967535,0.06334125098970704,,,1263.0
97529000,,,,0.046063202999464384,0.3149437600428495,0.05838243170862346,0.007498660953401178,0.1521156936261382,0.12961971076593465,,,0.12212104981253348,,,,0.025709694697375468,0.05570433851098018,,0.010712372790573112,1867.0
97532000,,0.05150868637610485,,0.02804023163669613,0.2782688204815605,0.040536421822615055,0.00853398354160317,0.09814081072843646,0.1929289850655288,,,0.18561414202986895,,,,0.017372752209692168,0.041755562328558364,,,3281.0
97535000,,,,,0.22685185185185186,0.07407407407407407,0.017592592592592594,0.13518518518518519,0.16296296296296298,,,,,,,,0.06018518518518518,,,1080.0
97538000,,,,,0.35485747527632344,0.062245491564863295,0.015706806282722512,0.16870273414776032,0.2024432809773124,,,,,,,0.03432228039557882,0.06108202443280977,0.03315881326352531,,1719.0
97541000,0.015932661957011873,0.05396061926950248,0.06718773485645574,0.012024650533593867,0.15917631143844882,0.02840823688561551,0.005110476476777394,0.13708101608297008,0.08251916428678792,0.006162633398466857,0.00405831955508793,0.2696527882158425,,,0.0030061626333984666,0.012776191191943485,0.04434089884262739,0.08657748384187584,0.012024650533593867,6653.0
97544000,0.0047302480184096135,0.22679621580158527,0.0017898235745333673,0.02032728202505753,0.18090002556890822,0.017898235745333675,0.005113781641523907,0.09831245205829711,0.164919457939146,0.004602403477371516,,0.17182306315520327,,,0.005113781641523907,0.010227563283047815,0.047046791102019946,0.024929685502429046,0.012017386857581181,7822.0
97547000,,,,0.07440212577502214,0.30823737821080605,0.05580159433126661,0.0141718334809566,0.1275465013286094,0.25686448184233834,,,,,,,,0.03985828166519043,,,1129.0
97550000,,,0.7665158371040725,,0.10226244343891402,0.0022624434389140274,,0.03484162895927602,,,,,0.02986425339366516,,,,,,,2210.0
97553000,0.011333333333333334,0.029333333333333333,0.11466666666666667,0.018,0.23066666666666666,0.057,0.009,0.12466666666666666,0.142,,,0.14266666666666666,,,,,0.051666666666666666,0.03266666666666666,,3000.0
97555000,,0.11816838995568685,,,0.3005908419497784,0.05465288035450517,0.0155096011816839,0.14549483013293943,,,,,,,,0.03766617429837518,0.047267355982274745,,,1354.0
97558000,,,,,0.3282208588957055,,0.026840490797546013,0.11886503067484662,,,,,,,,0.032208588957055216,0.05368098159509203,,,1304.0
97701000,0.015716042576650692,0.0022730164115177475,0.02605487468724821,0.017073067299944872,0.1436919553878122,0.02590220940587761,0.04600313811967262,0.09168398286756287,0.13811119121326493,0.007777447945379755,0.032543149145498496,0.2771214113057122,,0.0026631610194648232,0.0069886773249650145,0.028192188626436538,0.08366905559560663,0.041804842881981254,0.012314999363894661,117905.0
97704000,0.008894362342638205,,0.0012315270935960591,0.005747126436781609,0.12698412698412698,0.06581828133552271,0.00752599890530925,0.08675424192665572,0.13163656267104543,0.004789272030651341,0.003284072249589491,0.4467706622879037,,,,0.008894362342638205,0.045703338806787085,0.024630541871921183,0.02654625068418172,7308.0
97707000,0.029763051435176265,,0.03891350414178386,0.0032748988634174535,0.13966480446927373,0.050953573492583316,0.0077056443845116545,0.06414948950105953,0.11808900019264111,0.013292236563282605,0.008090926603737237,0.277017915623194,,0.0017337699865151224,0.022250048160277404,0.012136389905605857,0.05971874397996532,0.1359083028318243,0.016567135426700057,10382.0
97710000,0.028776220090650364,,0.00031622219879835566,0.009328554864551492,0.17871824602087066,0.043585959734373354,0.009065036365552863,0.07367977232001686,0.12343206493095815,0.00558659217877095,0.004005481184779171,0.3401496785074312,,0.0034784441867819122,0.011331295456941077,0.011331295456941077,0.08295562348476863,0.033835775271424055,0.038737219352798564,18974.0
97713000,0.010233668770254136,,0.019102848371141054,0.004946273238956166,0.13406106089032918,0.04588094831997271,0.008869179600886918,0.0827221558928876,0.1425891181988743,,0.004434589800443459,0.4018420603786457,,,,0.012450963670475866,0.051168343851270684,0.044687020296776396,0.026607538802660754,5863.0
98601000,,,,0.060032894736842105,0.2878289473684211,0.20888157894736842,,0.1455592105263158,0.1225328947368421,,0.009046052631578948,,,,,,0.019736842105263157,0.08717105263157894,,1216.0
98603000,0.051443713450292396,0.004979897660818714,0.2797423245614035,0.01768092105263158,0.08246527777777778,0.0560124269005848,0.0026955409356725145,0.04422514619883041,0.07817068713450293,0.01471125730994152,0.0025584795321637425,0.005847953216374269,0.20495248538011696,,,0.02389437134502924,0.01631030701754386,0.10846125730994152,0.005619517543859649,21888.0
98604000,0.0037249283667621777,0.027220630372492838,,0.06131805157593123,0.3891117478510029,0.12750716332378223,0.007449856733524355,0.12779369627507164,0.1180515759312321,,0.006017191977077364,,,,,0.04326647564469914,0.005157593123209169,0.05100286532951289,,3490.0
98606000,,,,0.08458864426419467,0.19351100811123986,,,0.1853997682502897,0.08111239860950174,,0.011587485515643106,,,,,,0.015063731170336037,0.11819235225955968,,863.0
98608000,0.00810591731964334,0.024047554714941907,,0.06295595784922994,0.4347473655768711,,,0.12807349365036477,0.11834639286679276,,0.005133747635774115,,,,,0.04106998108619292,0.0021615779519048904,0.02053499054309646,0.008916509051607674,3701.0
98610000,,0.057283142389525366,,0.02236770321876705,0.13857064920894707,0.07965084560829241,,0.08292416803055101,0.044189852700491,,0.006001091107474086,,,,,0.03218767048554282,,,0.00436442989634479,1833.0
98612000,,0.05673076923076923,,0.04455128205128205,0.15256410256410258,0.09871794871794871,,0.12724358974358974,0.07307692307692308,,0.005128205128205128,,,,0.003205128205128205,0.04487179487179487,0.004166666666666667,0.06057692307692308,,3120.0
98614000,,0.02645113886847906,,0.06808719079108498,0.42738182708792555,0.10996816066617683,0.0073475385745775165,0.1609110947832476,0.13323536615233897,,0.0039186872397746755,,,,,0.01591966691158462,0.004163605192260593,0.021552779818760717,0.013470487386725447,4083.0
98615000,,,,0.029860650298606503,0.15593895155938953,,,0.13271400132714,0.10086264100862641,,0.0072992700729927005,,,,,0.029197080291970802,0.014598540145985401,0.3039150630391506,,1507.0
98616000,0.0053733031674208145,,,0.05995475113122172,0.33710407239819007,0.14705882352941177,,0.10237556561085973,0.09445701357466063,,0.004524886877828055,,,,,0.13744343891402716,,0.06108597285067873,,3536.0
98618000,,0.0139234211834908,,0.05983756008619261,0.3585280954748881,0.10177357865075419,0.006464445549477871,0.11586275484833417,0.1433780871871374,,0.0038123653240510523,,0.07210343112879164,,,0.023868722028841372,0.008950770760815515,0.051218299353555444,0.00828775070445881,6033.0
98620000,,0.031213421771361684,,0.06398751463129146,0.4057744830277019,0.10963714397190792,0.007803355442840421,0.14163090128755365,0.13109637143971908,,0.007803355442840421,,,,,0.03589543503706594,0.006632852126414358,0.024190401872805307,,2563.0
98622000,,,,0.032180209171359615,0.3692679002413516,0.16411906677393404,,0.16251005631536605,0.13274336283185842,,0.010458567980691875,,,,,,0.016894609814963796,0.05551086082059534,,1243.0
98624000,,0.031194820482636845,,0.05885815185403178,0.32048263684520306,0.17598587404355504,,0.11977633902295468,0.08769864626250735,0.005591524426133019,0.005885815185403178,,0.11447910535609182,,,0.034726309593878756,0.005885815185403178,0.018540317834020013,,3398.0
98626000,0.0214597789771267,0.023772809046517605,,0.04883063479825238,0.25687483937291183,0.080313544076073,0.004240555127216654,0.08943716268311488,0.09432022616294011,,0.003726548445129787,,,,0.010023130300693909,0.027370855821125674,0.013621177075301978,0.07414546389103058,,7782.0
98627000,0.009988637264487487,0.006130592183494966,0.4479031789234469,0.007980339825066723,0.04336336971170362,0.02407314430674101,0.0020611473720371005,0.029199587770525594,0.020373649023597496,0.013608857648706498,0.0032766958222128265,0.01656845387522131,0.24390243902439024,,0.004624369103929393,0.00879951378061993,0.014375181671643368,0.09917289855455434,0.004518669238696721,37843.0
98629000,0.004161882893226177,0.01320321469575201,,0.062284730195177954,0.4097301951779564,0.10433409873708381,0.00875430539609644,0.1314580941446613,0.09959816303099885,,0.0038748564867967855,,,0.0027267508610792192,0.00846727898966705,0.029276693455797934,0.02497129735935706,0.08682548794489094,,6968.0
98631000,0.03337005292995513,0.005615411483382143,0.07576775302936672,0.018028426341384778,0.07850828877723744,0.04973266342459497,0.003788387651468336,0.047636959617399714,0.0434992879980655,0.013971358714634998,0.011875654907439748,0.02643810956769392,0.41653456567881997,0.0006716999382036057,0.01354147075418469,0.044574007899191276,0.014696794647894893,0.08949729976624843,0.012224938875305624,37219.0
98633000,,,,0.05753646677471637,0.38006482982171796,,,0.15883306320907617,,,0.009724473257698542,,,,,0.03484602917341977,,,,1234.0
98635000,0.004771199306007373,0.01040988939492518,,0.07091737150292778,0.48514422034265886,0.104532639340707,0.00520494469746259,0.1234005638690089,0.11906310995445674,,0.0030362177401865105,,,,0.014530470613749728,0.03513337670787248,0.0071567989590110605,,0.005421817393190197,4611.0
98637000,,,,0.0630550621669627,0.25488454706927177,,,0.1705150976909414,0.1269982238010657,,0.013321492007104795,,,,,0.03641207815275311,0.021314387211367674,0.0941385435168739,,1126.0
98639000,0.003986229389382134,0.016126109802500455,,0.02156187715165791,0.08751585432143505,0.08081174125747417,0.002717883674578728,0.05852509512592861,0.05635078818626563,,0.002536691429606813,,0.606631636165972,,,0.011415111433230658,0.0023554991846348977,0.017213263272331945,,5519.0
98641000,0.0297885718777018,0.015012182661322015,0.30417354397547747,0.01862768215043622,0.13039377505305352,0.039770494380256226,0.0012575650396918967,0.05030260158767586,0.06547197987895936,0.024758311718934212,0.006052031753517252,0.010296313762477404,0.1727579973276743,,,0.02106421441483927,0.005894836123555765,0.10131258351017841,,12723.0
98642000,,,,0.0383586083853702,0.15655664585191792,0.10347903657448707,,0.08251561106155218,0.06333630686886708,,0.006690454950936664,,0.3050847457627119,,,0.15789473684210525,0.004014272970561998,,,2242.0
98644000,0.01603178953137846,0.028363935324746507,0.013839408057001918,0.05234310770073993,0.3481775828994245,0.11578514661551109,0.005892025212386956,0.14195670046588107,0.11838859961633325,,0.003288572211564812,0.09687585639901343,,,0.004384762948753083,0.015620718004932858,0.009317621266100301,0.006714168265278158,0.0089065497396547,7298.0
98646000,0.0031364349189754314,0.02770517511761631,,0.05541035023523262,0.3533716675378986,,,0.12807109252483012,0.12702561421850497,,0.006795608991113434,,,,,0.03240982749607946,,0.060637741766858336,,1913.0
98648000,0.003778087094849871,0.01710081527142573,0.004374627162457745,0.07755020878902366,0.49015708888447007,,0.005766553986876119,0.14416384967190296,0.1244780274408431,,0.0033803937164446213,,,,,0.026844303042354346,0.000994233446013124,0.015311195068602108,,5029.0
98650000,0.013894826849080803,0.008550662676357419,0.022659256092347157,0.04553227875160325,0.1923899102180419,0.09897392047883712,,0.0887131252672082,0.07610089781958101,,0.004275331338178709,,,,,0.2026507054296708,0.016673792218896963,0.04275331338178709,,4678.0
98652000,,0.01603298213467705,,0.08016491067338526,0.46564360971140634,,,0.11978928080622996,0.11635364177737059,,0.005267979844251031,,,,,0.03275309207512597,,,,4366.0
98654000,,0.023081924577373212,,0.04161248374512354,0.15312093628088427,0.14921976592977892,,0.10630689206762028,0.10370611183355007,,,,0.3081924577373212,,,0.01657997399219766,0.015604681404421327,0.05754226267880364,,3076.0
98656000,,,,0.031346578366445915,0.2119205298013245,0.19911699779249448,,0.14966887417218544,0.11125827814569536,,0.004415011037527594,,0.08300220750551876,,,0.022516556291390728,0.013686534216335542,0.10242825607064018,,2265.0
98658000,,0.012666521074470409,,0.04804542476523258,0.49333915702118364,0.09892989735750164,0.006114872242847783,0.15046953483293296,0.10198733347892552,,0.004149377593360996,,,,,0.02642498362087792,0.012011356191308145,,,4579.0
98659000,,,,0.05707196029776675,0.38089330024813894,,,0.16377171215880892,0.10173697270471464,,0.013647642679900745,,,,,0.03598014888337469,,,,806.0
98660000,0.011295300518629292,0.006745362563237774,0.18492475102612238,0.010786216551592478,0.08657609214419804,0.04861751885201565,0.005122657418307932,0.045594832797734575,0.06494002354513348,0.0025454198351840657,0.0025454198351840657,0.013777084857933755,0.3307454898342295,,0.0030863215501606795,0.018899742276241686,0.026885997009131694,0.12205288109707595,0.014827070539947182,31429.0
98701000,0.01668651752968785,0.012063821507329096,0.01385629547518249,0.03856177549263553,0.1846484038726872,0.05402186346537105,0.03645090154365028,0.17060342692720434,0.17733699689854834,0.005566103373860541,0.03763016073302751,0.016863406408094434,0.011651080791047064,0.0022523850517105156,0.010023703109706482,0.05908088538779938,0.03904527176028019,0.09797285345346053,0.01567235462682343,84799.0
98702000,,,,0.011156186612576065,0.21703853955375255,,,0.03194726166328601,,,,0.17748478701825557,,,,,0.10294117647058823,0.27941176470588236,,1972.0
99605000,,0.14837712519319937,,0.03941267387944358,0.2874806800618238,,,0.16537867078825347,0.2241112828438949,0.02009273570324575,,,,,,,,,,1294.0
99610000,,0.008155867693701857,,0.03352967829632986,0.3230629814227458,0.08699592206615316,,0.2560036248300861,0.0883552333484368,0.006343452650657001,,,,,0.03942002718622564,0.01812415043044857,0.006796556411418215,0.017671046669687357,0.019030357951971,2207.0
99620000,,0.009415320237126584,0.08287806579100314,0.008020457979774498,0.11112402650238289,0.0548645821225154,0.0015111007787980938,0.07683366267581077,0.08241311170521912,0.011158898058816692,,0.08241311170521912,0.17133558061141463,,,0.003835871207718238,0.005928164593746368,0.2921074043938161,,8603.0
99625000,,,,0.04391582799634035,0.48947849954254347,0.11253430924062215,,0.13998170173833485,,,,,,,,0.020128087831655993,,,,1093.0
99630000,,,0.16933445661331087,0.013479359730412805,0.18169053636618926,0.07891041842179163,,0.14153327716933445,0.07441729851165403,,,,,,,,0.016006739679865205,0.2774501544509969,,3561.0
99701000,0.027835215524097345,0.0027039923651980277,0.003393245321032819,0.023752717247229733,0.1321244896877154,0.07942314829542442,0.017178304437728647,0.24993372567732358,0.1882720958591803,0.007263665765335878,0.028948624145061237,0.006362334976936536,,0.004453634483855575,0.01564074015163565,0.021737977837866497,0.0806425958326706,0.09119346800275702,0.013997136949260379,18861.0
